ID,Popularity
0,46.64794169754029
1,14.699952572990064
2,1.0361918080929158
3,0.05743154083034341
4,23.28557266040667
5,41.1053191506042
6,21.73250810297646
7,37.739552683758944
8,49.8480353382577
9,45.36944459570084
10,-0.11145275363890761
11,2.88813954699755
12,19.795242042029415
13,44.77810955609695
14,59.20204448166237
15,47.08874615757164
16,39.85852898592217
17,28.199521344293746
18,68.45396503829383
19,0.40219926312593657
20,57.26458390048626
21,1.8219861974621985
22,33.60632474609861
23,13.790400742641364
24,8.986328712324731
25,20.463054329733886
26,23.602079994403784
27,7.5836910549408785
28,35.19530869570684
29,0.34118658361189347
30,46.93164913212852
31,74.49174378169084
32,49.5188245293348
33,47.0652524005746
34,49.46862310089523
35,62.92104275800573
36,43.288317697989896
37,2.7131658471290905
38,10.23443144721469
39,38.37505932899381
40,22.574200680298446
41,23.173909032333704
42,56.30515237943682
43,16.984926538098083
44,43.29747960884811
45,59.508693656899766
46,76.94019178315011
47,21.608727022295923
48,20.399271566815237
49,50.83208586326164
50,23.597127497388698
51,1.180320088313053
52,36.22316947515076
53,26.279723246420343
54,39.63121658666274
55,46.31859597506837
56,53.44902309028879
57,54.77892441740796
58,63.42337550952011
59,50.46058390388725
60,50.425853019093864
61,44.94349804387944
62,1.105252123173699
63,63.00506880657248
64,3.588832873643021
65,53.7260479932453
66,53.919722817124594
67,36.59456981244026
68,2.1222783252482422
69,55.822108187392224
70,2.7647316069894146
71,40.59150164639605
72,50.23243077289976
73,39.3283166533813
74,31.26616188498732
75,19.31225484000211
76,20.963755828929283
77,66.2357089907877
78,32.52415178372729
79,19.741889836037387
80,1.286146959677847
81,54.62920147065755
82,27.15768537322619
83,25.090249119917875
84,23.910954681478927
85,42.85680415925283
86,57.51786734682568
87,20.300815337588297
88,44.89276408360583
89,43.0509282398454
90,52.67558004854787
91,44.17246152373061
92,36.99759445038953
93,31.218982396624693
94,31.14008620861493
95,43.658521120656644
96,45.69399908342895
97,22.930472911104886
98,47.93238491432837
99,22.891389195627752
100,14.357721547391531
101,-0.9816142159514314
102,38.7916158551926
103,32.744236520209824
104,45.63892325587945
105,1.720160929038176
106,32.15578970785515
107,40.896162141139015
108,8.44087378390375
109,35.37019507188649
110,0.6707520868935077
111,52.12492146045672
112,18.693677053817655
113,15.901331192822965
114,10.506398113603016
115,53.45270783607623
116,56.579085049333926
117,-0.26529592028559534
118,58.077580215385396
119,48.63217259177336
120,56.95341145704523
121,34.577988378581914
122,20.691257668840695
123,3.0335784915638193
124,44.15455675055816
125,59.36594756038423
126,20.02521257487342
127,56.2819624397402
128,21.14484725925962
129,48.88673011975826
130,12.049207189976094
131,2.123092949811465
132,20.74059345092962
133,2.896779918051209
134,49.46324113118373
135,48.24191730799352
136,-0.0722768959408171
137,25.31952189491086
138,2.57694288056949
139,12.180669246722879
140,42.66491011318217
141,44.853545610505954
142,26.782097981430923
143,19.26494461246665
144,46.75419188369929
145,11.170731199902367
146,-0.5776460857277712
147,33.71009708657182
148,56.10323083379451
149,2.4853009139319795
150,55.90327492756312
151,1.6112611392386142
152,22.913897715950554
153,65.39448950495151
154,58.92502196098002
155,49.39559210401627
156,47.927214285619705
157,11.468099595629358
158,42.00374561037815
159,26.469630528965816
160,43.64267282117717
161,72.98312148237798
162,50.272266420053555
163,29.710795561607448
164,50.482844946471914
165,41.07482637633442
166,34.508988559203644
167,52.58562087770345
168,45.51753805935764
169,0.8137898295967361
170,70.99649140207192
171,60.83484661097549
172,81.37367548517364
173,42.60707963854852
174,21.339333922633223
175,21.839120580659724
176,53.745642145440854
177,19.086535563957202
178,46.640324079187685
179,61.059198937649036
180,37.29606008853316
181,35.93398214459483
182,1.8457063683671961
183,44.12089281319857
184,14.622057871412412
185,66.99449020749537
186,47.067133915514944
187,25.869448525426044
188,22.037530511737593
189,61.268953586874325
190,45.43094087388593
191,62.77159573360241
192,68.04603972594123
193,31.76941657499666
194,46.87560357155034
195,-0.40377639923715236
196,26.796390870954482
197,40.52763673959318
198,1.834935145026229
199,16.174537068699156
200,14.41046786941212
201,12.332925578195574
202,41.008974481309465
203,17.45637848845891
204,41.545389611907254
205,11.13824962808873
206,-0.24459379219615585
207,14.767858020836133
208,46.57370155052856
209,25.24181302885294
210,46.11799841376802
211,49.13628678080533
212,-0.00440667922939042
213,20.603361501146114
214,68.8134978466215
215,38.24585366546243
216,69.34010457161577
217,42.2735922918591
218,14.60763250901556
219,2.9665476268661344
220,7.278368750022398
221,42.296185402725854
222,19.652087829066858
223,39.14704750454064
224,30.308496134221507
225,32.36844016485244
226,60.354197312703434
227,38.9523704297549
228,0.6638418178737382
229,-0.9002628366834955
230,33.005187693324196
231,-4.248690228343712
232,21.747864873497317
233,47.8526040404943
234,-0.11459531701013503
235,70.62996113588093
236,21.015453118809795
237,65.88634027130459
238,0.17818949316978916
239,0.37235669205811206
240,32.30364760158248
241,43.48997654874984
242,22.372529592899006
243,14.45996500983902
244,62.57403234983367
245,22.261798179586368
246,24.18743201348613
247,39.19837030534501
248,19.53136804105881
249,41.579366038871875
250,41.7329157276896
251,12.901584536816127
252,48.05993551843896
253,40.94421527688033
254,49.076452129798916
255,21.8976254971605
256,44.5930280930903
257,-0.2864454108678913
258,27.393059398655677
259,45.33642052696885
260,25.1012893001502
261,23.81098026914677
262,49.67834263696014
263,-0.6209103825826858
264,46.5730935039823
265,1.4388520146870043
266,52.34505971383745
267,17.288227395431942
268,0.7102952412762562
269,61.76213612760043
270,40.493843566920795
271,18.112939381086676
272,29.36323109830934
273,19.913122737442563
274,44.76437425825931
275,64.3150688124832
276,55.307386085587
277,-5.130648568195973
278,0.7127578454292589
279,30.116845913353693
280,56.10159009294538
281,18.48648335407884
282,29.164618225649342
283,49.49571271911942
284,45.43985502496136
285,49.84219094379746
286,54.41656510223872
287,29.881879505701455
288,2.309118980861136
289,23.898197191444268
290,67.53911351808003
291,46.21795874035169
292,24.52537171462589
293,44.26360310290075
294,-2.923747294916879
295,9.011961842443736
296,0.5240350162890195
297,1.7502320883242675
298,64.13427910392059
299,33.17083650362347
300,45.86246913061876
301,45.60128275134463
302,53.02567156770618
303,20.297681951451935
304,39.8732562806746
305,17.647102643287155
306,22.576865228993952
307,6.2749404869563
308,43.040628769802765
309,49.55572036038957
310,52.89487296654435
311,0.17101199726953809
312,25.352536357266317
313,21.252526236058618
314,58.45668946870258
315,15.751327810191928
316,25.180059926285487
317,72.30578815521469
318,43.73241912608832
319,48.91815349676994
320,0.2780420039442717
321,2.2436218131189527
322,59.718875831420426
323,45.93687712661284
324,29.983680430383853
325,14.194920147196537
326,22.09974171556506
327,67.80833410625928
328,24.739881273264814
329,41.487183761871535
330,41.64528356224351
331,34.956290487963926
332,61.72980875153442
333,71.06211754772377
334,22.333275835515302
335,0.18978891143347454
336,28.916527048041537
337,58.29423754722769
338,39.98393723473817
339,25.25790900116521
340,11.494164224310062
341,1.7621765445896358
342,46.81385598353251
343,26.378722141004747
344,46.9768856439396
345,15.861815572758264
346,38.32208875589563
347,31.64862057662156
348,45.193761866950524
349,0.32475797400717
350,80.2892981916338
351,26.160760038704012
352,40.54724058141441
353,-0.46468097838432243
354,17.944114317961073
355,64.03314546004395
356,24.446991555148962
357,64.95152359678747
358,65.72238578477786
359,61.09061064208022
360,41.7041229252231
361,17.604448841101025
362,28.387468537223036
363,16.281950573309224
364,61.81510335004327
365,18.414391456568637
366,3.0622769903861737
367,62.86974675365178
368,27.82110959914263
369,56.8290622580679
370,-0.9788414845522837
371,24.144670613244205
372,29.512316337983684
373,53.42142914254188
374,53.87679387472282
375,12.2426358337948
376,52.68725204744292
377,58.11829467049634
378,0.27187581559255136
379,29.3541196372831
380,2.3225918307052034
381,44.30618799603447
382,55.224446604637635
383,23.18470805638315
384,33.99322966212712
385,47.8102564344299
386,1.3546929277898059
387,42.03475954460546
388,31.221241096157605
389,64.95456222166334
390,22.901309684436818
391,36.81738985250836
392,50.84304137427048
393,40.39649035426292
394,46.134418852795505
395,19.22034956907523
396,-0.27688144608096366
397,-1.2889172143124767
398,26.013914159650014
399,24.533897588011627
400,52.092597164319216
401,3.2715516093949546
402,45.430669827087996
403,62.111551090824676
404,35.89710237881156
405,7.404438375131225
406,47.0710313001261
407,-0.15577366576360419
408,13.225268627245711
409,66.55764491517789
410,48.199715191559726
411,61.57479706107274
412,0.520848306846716
413,46.30287250609077
414,27.056310415868822
415,59.78712155538513
416,16.07165387127792
417,64.37149051127966
418,23.51817975350653
419,72.61061751166147
420,47.6111718740534
421,43.00391139942271
422,71.19624953174255
423,56.1331818386827
424,38.26427895384242
425,10.570635903381739
426,38.89162094510919
427,51.46036551197967
428,32.01531199879345
429,46.228103435862174
430,38.90365447125683
431,36.57452110706832
432,-0.42112399161111114
433,0.6975298027347279
434,72.07456264451727
435,27.382491153913325
436,20.626206589023262
437,46.882532153001954
438,-0.3498464541436519
439,48.15091425388096
440,52.107045794781854
441,-0.4490928492817048
442,31.765522500045464
443,26.021304269429763
444,9.712888959391009
445,23.03720859836541
446,1.8898856600882041
447,18.968819867153208
448,18.87574239989482
449,44.18786953235377
450,1.4348716825082946
451,50.49442517299975
452,41.30969358210987
453,50.6261018426825
454,11.92827979762551
455,34.103090343528045
456,4.870908461589192
457,44.90534439579974
458,16.257013119689212
459,61.99322766754264
460,0.31571477136123605
461,50.81927565615398
462,41.39933679713041
463,3.9292551137860947
464,0.022905543794379923
465,24.602708864572186
466,52.11524726470263
467,14.509737728675706
468,52.05011497720986
469,17.397513301075804
470,48.91628708128331
471,40.91760138054998
472,57.571419266649045
473,67.36131547737325
474,37.9018986717888
475,51.14537174375651
476,37.93387480624973
477,28.912877685288493
478,42.55238640290108
479,45.07770714722152
480,1.162810016998158
481,49.033202199964165
482,48.79385234851273
483,54.62544523398137
484,49.28100799326361
485,13.590629209902126
486,-0.7196499527335192
487,11.796476780985422
488,-0.3550102739700094
489,37.55418152074333
490,59.532650719771716
491,54.47155638990144
492,52.77795647028404
493,25.9277415067194
494,43.77935008063031
495,55.99642005203955
496,37.742756749807505
497,2.7259509951254692
498,63.302009010598084
499,42.551146190689025
500,58.756811869683304
501,31.303941333714967
502,1.4177788372633486
503,61.9634210968774
504,21.101533119980154
505,35.432757228690136
506,50.91801139692586
507,26.20854305193371
508,52.068973911552064
509,52.222527038151185
510,51.682683381593165
511,29.5470454013557
512,0.025251892239893436
513,50.01842344371789
514,31.236389858206753
515,29.507055544730584
516,19.407766459208656
517,21.64635549421729
518,49.41787666721255
519,35.84753163943551
520,22.20931945012902
521,24.325869210258134
522,0.283257123911298
523,45.76138596437837
524,44.18988625471183
525,5.588762025716658
526,41.34356475865903
527,2.928442664952872
528,19.89014752716878
529,43.654744418096726
530,58.70079021955638
531,39.88117565502177
532,20.57696497955508
533,40.18537818589833
534,0.06272766151990794
535,25.401392581379785
536,14.693543406674575
537,52.04379213088559
538,1.3701538789307115
539,14.856891803444103
540,-0.19397063694668049
541,39.83533316509453
542,18.82984864913247
543,0.3445628258188336
544,37.282140627285436
545,14.547792582764814
546,44.02902687160573
547,27.810662548214236
548,-2.4853100648967583
549,52.94680195109363
550,20.2209880461499
551,67.86422033829018
552,38.762993119518526
553,30.47419722799981
554,13.093189159189208
555,38.45572988838588
556,20.74284990148498
557,16.856841165294544
558,58.32346151875563
559,23.297836711764727
560,27.69299631670249
561,26.66019823386304
562,55.283879261265355
563,25.811426711350958
564,45.699778557926656
565,21.929671043869586
566,50.81803360734767
567,20.658684416154607
568,42.43288384032546
569,29.733258089708205
570,20.93026804127505
571,-0.565613591394694
572,51.095440282501166
573,53.78209950739638
574,9.126505026293056
575,14.29635839764805
576,0.20334123966205908
577,24.36286796546006
578,36.064541189675204
579,70.10708990985523
580,30.774046577791054
581,39.65624524767283
582,46.791755922881116
583,32.39268966566075
584,46.967384952929635
585,49.23287052970428
586,-1.753445081085843
587,0.8082346546853643
588,45.763848465005196
589,42.88268290062672
590,30.618915233659912
591,47.7033101954341
592,10.477752533944237
593,0.15927803756277825
594,0.9514494384722667
595,53.757973664041984
596,56.57729894251082
597,59.18321735771863
598,36.66535162301538
599,49.88551632954447
600,-0.30523794869589693
601,-0.7729486341039404
602,14.335392624988355
603,0.5155949699700741
604,47.12005374013824
605,44.219744618886935
606,52.17981423862925
607,46.817012947329864
608,52.42172219920952
609,38.87134392372736
610,28.09198997390337
611,5.008500859561071
612,-0.7569727548530736
613,67.73220506044794
614,33.75849268968905
615,37.24285136754457
616,0.815759970679359
617,24.00459124147533
618,49.80437099453124
619,0.12617684805237417
620,24.821280468979484
621,23.722029070123156
622,47.85165154348771
623,38.82206012707637
624,39.996804066763296
625,37.39115677932591
626,56.34993829261599
627,48.71899554476487
628,37.12694964974797
629,48.50137011657598
630,22.255972932124436
631,34.29153376250459
632,47.359321703983795
633,62.32898263169358
634,13.535124184337462
635,58.55624281489662
636,48.08139130416954
637,26.110495643094453
638,41.06719089928124
639,53.207655060762555
640,18.2856708442417
641,18.318319821513427
642,39.907185654081076
643,18.181063724228178
644,0.9065626696715654
645,12.262237457389098
646,-1.8367328646405596
647,0.5754091927317262
648,57.88787446229054
649,41.45780507743927
650,33.102381879101856
651,50.33200062002854
652,-0.050120707651871044
653,30.53819134068019
654,54.7594461624397
655,48.28266692201192
656,55.445491739846645
657,28.882795068895536
658,11.551987086856396
659,-2.8465024684416065
660,0.5766909604853367
661,19.179816132164007
662,36.03241248172578
663,49.211945347589925
664,45.013114610300875
665,53.36950835730087
666,21.496666463500134
667,31.203270818425445
668,48.28189345738481
669,23.766212140990994
670,5.1900321538663405
671,45.5715731272919
672,-0.3549633436492954
673,53.86410450899662
674,1.2342410663108723
675,19.0703103573114
676,47.48481576735264
677,40.25888133225675
678,23.39627312770306
679,51.0948254173442
680,57.422999544208565
681,14.930781096490882
682,41.26320892461825
683,18.324641693487408
684,31.354720895075065
685,0.8056712405925026
686,-1.2474970334809399
687,53.26832846869203
688,48.746716105048534
689,31.586278392166708
690,39.109773940170186
691,45.892463727073846
692,63.896845877221025
693,41.51353485259905
694,20.017345329940277
695,43.114142199933625
696,49.32662115883531
697,54.092471413130845
698,0.5535559847620846
699,60.28581948678127
700,-1.8251404681972403
701,41.858142975196074
702,66.10069129613564
703,23.011828963556624
704,62.73776644619534
705,55.05577147806443
706,-0.06786667323053308
707,-1.0354010859351348
708,57.46608224038461
709,0.10774523877447706
710,26.578462899031017
711,13.607779601450016
712,45.46705915345823
713,0.7339150510346215
714,2.1540468798732135
715,33.66661698422023
716,-7.472226396941942
717,0.34093247320719655
718,43.4767886956122
719,5.563541861675073
720,14.247051653186556
721,44.740688116454336
722,29.240580689416348
723,1.0752935050212429
724,0.8084999544239864
725,50.18322054742008
726,55.1146437183848
727,50.31981981706627
728,47.02286774126999
729,0.6973046252681314
730,73.29909976516377
731,17.861402943697435
732,44.21559588670451
733,52.257424152780274
734,39.578962512808786
735,40.31168987920988
736,2.7317103741212065
737,59.614295320790994
738,60.137733459486405
739,0.43211131244269296
740,0.17303075483631858
741,22.454175478642874
742,42.601354651242424
743,55.91544423599892
744,12.815121543922618
745,2.5421032607725103
746,59.93384886497114
747,48.41242897853281
748,1.1904023544604598
749,52.49871730728407
750,51.712064788649215
751,65.32901281543934
752,2.452464161224789
753,46.522433691492424
754,-0.38616809177427314
755,51.7510904234784
756,63.96878593841886
757,48.49805478402608
758,15.67188767683998
759,44.76042403676924
760,-1.4894598742446306
761,11.053270608023904
762,52.448004600989
763,64.21580392757004
764,42.55389244343901
765,69.42119267200658
766,43.1984400228223
767,33.57651972807868
768,3.466938283669915
769,10.857194112263766
770,24.48512876851807
771,56.03222681046577
772,15.744444542010719
773,18.40051826105004
774,6.647689235427123
775,24.914964047570066
776,37.8624792108418
777,5.297434490050332
778,60.99214967043888
779,42.15471455150796
780,0.8145765548727013
781,28.60576263857643
782,55.43280077760595
783,32.89831919956021
784,43.72782721966283
785,19.28335124357904
786,43.26713098600856
787,70.86220807553693
788,43.835704979524664
789,42.02963033838118
790,18.09673738447134
791,29.012041961948384
792,64.83416323036916
793,60.34673608170551
794,40.558596783060594
795,-1.982773790484103
796,51.142679096306324
797,0.11954617833422532
798,51.52853733242722
799,1.5432392803146264
800,33.067678953627485
801,54.039616131312215
802,16.484218911122145
803,46.63568709018715
804,26.759256382079577
805,40.87367911777112
806,12.655088706499466
807,34.141798188797445
808,21.305028061364006
809,21.891058685662387
810,36.49262063708065
811,4.209645686111916
812,23.04255452960915
813,16.431771884324938
814,1.7425988827840406
815,57.49402478174001
816,14.394685331286958
817,18.11693882098323
818,-0.9131493179488075
819,58.12027368419954
820,44.78848208081075
821,22.801865722161168
822,40.901313938219175
823,8.031363059563208
824,11.950764566252428
825,20.34237826775583
826,20.271795493329662
827,-0.7100647643252884
828,17.42706703501236
829,1.9854000675923196
830,27.355726495192656
831,42.96779075973698
832,31.670527447208613
833,57.18758708984586
834,1.971084177235074
835,44.61882370211727
836,24.029730087113354
837,40.11410953865243
838,34.55103885287728
839,20.237776133659814
840,30.73357339679276
841,58.41076579270651
842,3.5466669010615064
843,54.3793692210065
844,55.2421236916434
845,37.465153618123
846,35.522582991181864
847,49.30087772420676
848,53.77903325700001
849,40.34525195732671
850,43.39611105486557
851,40.071853001445426
852,55.42828472800831
853,47.16141603330274
854,32.99728469576735
855,48.55102869168059
856,42.576196637462935
857,34.606256807583954
858,57.42551728906298
859,58.49299117297009
860,29.242376250058193
861,6.188067132758185
862,43.536467671878675
863,1.2424651583311572
864,15.408764345545823
865,30.468704389770814
866,-0.884000183791656
867,46.528312703439596
868,60.779689511107364
869,6.309439391629766
870,-0.8346004993026241
871,46.3328375739904
872,0.7069578977898701
873,32.774620481855514
874,46.660181331654854
875,60.478150997431285
876,1.2996312226786841
877,22.432796285734113
878,25.31536540760127
879,56.35885296604588
880,48.08304010897068
881,51.91303612213139
882,51.189386000859834
883,16.56522728782611
884,50.67828592753618
885,39.123132164315294
886,44.28894447647087
887,59.32786409550334
888,1.2486229421821164
889,42.03332044572664
890,25.639589339352945
891,46.19326599559753
892,-2.6181599201120704
893,39.65123221542342
894,24.110243917125338
895,43.86863302363635
896,0.15056741964274778
897,33.09013115785641
898,46.20830459880618
899,65.64292283373561
900,62.42434292488285
901,37.9942367880647
902,27.12986090184142
903,0.49586630939990783
904,56.496330135210584
905,40.798079361359115
906,45.58174892391335
907,18.590379912171947
908,52.421799828870704
909,40.792265178020486
910,48.66115531424566
911,56.59776402057496
912,40.35316402250462
913,13.31768324866016
914,45.25253574242989
915,62.72166398224886
916,20.258509645513733
917,46.095975335229234
918,23.376707437516853
919,50.04117471233633
920,44.09910634964196
921,46.76949737747973
922,40.167532662509295
923,41.49342717142287
924,59.209663329660685
925,0.57631150308044
926,40.597882390537364
927,28.039176765602004
928,23.601965559778897
929,-0.5425101186546613
930,3.3000685245687222
931,5.870058415472066
932,0.7741487962267968
933,42.44490721831235
934,39.606888759689795
935,44.22551169971443
936,2.954567997948832
937,68.91955920246792
938,40.94881354314646
939,54.70084527307289
940,40.38959263145186
941,1.6597863039256495
942,26.162843913217323
943,63.46403240292535
944,31.167003384898855
945,26.156295231247412
946,30.823867763883573
947,-1.2997648781150204
948,41.7269360396367
949,14.592440143172656
950,-3.172211474745332
951,23.902021841315786
952,0.4568452791260924
953,-0.763311195449937
954,1.6174961595372146
955,45.45812678263353
956,17.853872821735116
957,55.380142746853124
958,1.890838801125291
959,29.802648626064986
960,-0.08518161421267934
961,70.50967581148831
962,0.3309972940223176
963,62.04630006663805
964,2.7433621624250684
965,2.0026169270582415
966,24.771004491850796
967,31.089513485204414
968,45.768073784146566
969,53.60887717509833
970,3.6605741844350703
971,0.9617269627484575
972,0.910726126513822
973,50.67763199400213
974,46.38743903693533
975,14.067353374780325
976,32.25637882815341
977,39.581264458783984
978,7.288512862687291
979,14.069048520606692
980,-1.6719183259568524
981,-2.2254634477672326
982,29.622685454932654
983,45.44245610001336
984,35.53959793183574
985,19.299357703390296
986,7.022631672999061
987,42.621303437145826
988,45.80169024559912
989,22.374940987701308
990,55.54852556261358
991,43.01050317008462
992,37.20637103838088
993,27.374558984789385
994,50.91400431968995
995,50.04487378853831
996,24.70616097951271
997,46.54566151617219
998,35.15187082735303
999,54.331544478589095
1000,6.944263796667311
1001,2.1381675271658978
1002,8.478813800847703
1003,11.320938485601506
1004,60.89956545345319
1005,50.77603491205599
1006,58.6144305811396
1007,29.90409613392098
1008,47.501408453239115
1009,37.52498865646418
1010,32.54165216775216
1011,24.12201416357042
1012,54.9089879568112
1013,52.820672034450396
1014,24.816480910128718
1015,42.77125469050456
1016,60.37604231136134
1017,2.94199917759342
1018,56.52114683350324
1019,65.25081233355546
1020,51.9994439011396
1021,36.660920826869
1022,68.30751862915297
1023,20.033584003411484
1024,-0.0027816524704107337
1025,46.46322656890233
1026,0.9651402747418274
1027,58.30956632479092
1028,53.5334968221683
1029,40.9701796476334
1030,53.46182408424847
1031,38.89766454263262
1032,45.95253080431549
1033,59.605334740346194
1034,62.50380986728
1035,22.97396485643109
1036,53.82411092813973
1037,44.893223941501155
1038,30.321558450042648
1039,71.16146853846914
1040,23.449901254867235
1041,54.1607621240545
1042,21.922943081677936
1043,50.82289602323184
1044,22.152426347653446
1045,21.112580153851745
1046,1.3912862931677168
1047,14.32686829388605
1048,44.3636470407167
1049,5.801424395352328
1050,64.76856636830014
1051,48.289240957503026
1052,20.68739091015979
1053,78.53962319602243
1054,41.16385685319719
1055,11.47839819523648
1056,34.84202322829771
1057,28.16680655088458
1058,52.627042071895886
1059,-1.5458691356607304
1060,50.42078083373213
1061,44.01645841833389
1062,48.12987266597139
1063,38.291216200076526
1064,18.44703682091111
1065,27.326186201936437
1066,25.060116007725444
1067,41.988834986069236
1068,0.34986849123772146
1069,21.45106571960586
1070,0.9438303358093876
1071,1.372544863267251
1072,18.536749666167413
1073,31.235920052496006
1074,51.23103746509271
1075,48.98126731491439
1076,3.0051919226845776
1077,44.67709802627711
1078,22.160745043410426
1079,34.59142883315231
1080,27.479725857553362
1081,-1.2131722523272614
1082,51.35522895299489
1083,38.286693972569566
1084,1.011958315983371
1085,-0.5132665648670951
1086,20.941293192444274
1087,44.34191878617158
1088,-1.260356944508601
1089,62.39345010324894
1090,22.299294152754005
1091,45.998956858057554
1092,1.094384714523919
1093,18.280392271924562
1094,46.22399425055872
1095,35.72278093872943
1096,15.480423208771928
1097,39.536013921019176
1098,-1.1332303353764104
1099,43.79425989460171
1100,55.271324984065856
1101,50.32027054918959
1102,15.5797397732854
1103,1.5755367662729682
1104,0.6119515268841198
1105,43.94290336046114
1106,16.13587677424636
1107,9.617355050366715
1108,-0.24386162153544433
1109,64.55289107823124
1110,43.19997608854298
1111,0.052469790360490265
1112,28.99244071314524
1113,25.41233550075699
1114,54.06874855948435
1115,39.690009748900344
1116,20.76919068763926
1117,36.977771888319666
1118,54.97455964254888
1119,21.815707134770733
1120,43.057646761645636
1121,20.282750402576276
1122,17.062883878610485
1123,43.54065486536648
1124,41.99385354450398
1125,45.70865858939423
1126,47.55872802814788
1127,24.07076238266953
1128,16.31466614476833
1129,34.11760344760645
1130,30.9566215267218
1131,60.63667238794186
1132,0.3124982415295676
1133,0.12623768275563663
1134,48.50616106031421
1135,53.54919195959202
1136,36.4420268036927
1137,15.503193224271701
1138,39.61185592922309
1139,18.4034353079337
1140,47.71315368146381
1141,8.898526666497215
1142,-0.49078298819644317
1143,40.03040952115386
1144,33.52097476349179
1145,27.563139450896458
1146,58.558691065127704
1147,26.351016771658603
1148,24.217351186800336
1149,41.42990580022666
1150,15.541413629245469
1151,21.249941315431904
1152,45.808745631502326
1153,43.26527611427331
1154,18.65089567185784
1155,52.32940482567769
1156,52.01343151643626
1157,45.72694123251816
1158,32.72819081966976
1159,25.815762347391328
1160,28.091548060142078
1161,27.83075222536085
1162,3.193061845484017
1163,43.96910229881456
1164,39.942446467567116
1165,62.88033729031183
1166,0.6631430801534393
1167,-1.1099584251574441
1168,41.96122485875732
1169,20.177460407320105
1170,60.79914664076777
1171,29.329496954908173
1172,45.97920600239212
1173,15.51731160377918
1174,38.83664684096603
1175,59.239633379595645
1176,34.282226768595706
1177,23.479184426287542
1178,2.474424716832953
1179,18.606506288070232
1180,41.540911790798106
1181,0.9985452037650973
1182,35.646699579435555
1183,12.249780397718357
1184,19.086273912758326
1185,1.2061667761680894
1186,13.133984671136876
1187,57.46470868374405
1188,29.10416040740935
1189,23.672301686320477
1190,43.02609969278299
1191,45.32086846508394
1192,46.05485274770225
1193,22.664321052109926
1194,49.0846468760463
1195,37.538337113751155
1196,44.081593866005846
1197,1.0038633436557518
1198,2.0813879836499183
1199,-0.4836906032106896
1200,22.62018024986604
1201,2.4279898534384436
1202,24.76661921818718
1203,13.16598542000867
1204,27.544316904099723
1205,40.227768045913905
1206,43.64548909733982
1207,16.643763335436898
1208,45.9994967037124
1209,49.79382981782376
1210,29.75031531354213
1211,45.92272188190685
1212,52.4784586117036
1213,6.468543532221425
1214,1.933641637794853
1215,48.772141015426065
1216,24.355091081824554
1217,48.51701983294322
1218,21.518333099918856
1219,48.458219123546826
1220,22.641145676207444
1221,14.291069599534406
1222,47.74670897425624
1223,19.46717220251962
1224,44.76368816152413
1225,32.85376900063842
1226,14.977584481297171
1227,52.90131406308069
1228,68.01536886696664
1229,1.9332016259305647
1230,49.629517944896385
1231,4.796683605841526
1232,3.685423258940471
1233,20.240162838990983
1234,-0.07134034214958973
1235,7.38529019383747
1236,44.3974990292248
1237,1.7623284009276077
1238,39.19420287637838
1239,70.02325414741743
1240,35.30401983528991
1241,22.776584267810307
1242,11.596961572568915
1243,0.44446329255924866
1244,43.59144536663696
1245,-0.3428428005233286
1246,47.64311579160312
1247,25.65575082684586
1248,26.6681615599097
1249,39.52115509761117
1250,33.641872670232054
1251,23.936510359564586
1252,-0.7892382488692107
1253,45.381347677294926
1254,3.6627753973060138
1255,43.1806312895896
1256,10.912035173624208
1257,18.64945371787089
1258,52.9928864286407
1259,0.4178249988421783
1260,22.8204472477137
1261,23.440340226957524
1262,0.6487225440841229
1263,-5.298495156808379
1264,21.38448735461239
1265,28.743735629637936
1266,20.12839018115961
1267,0.18415357411522848
1268,19.78744490179291
1269,1.105362572291284
1270,59.859508263882574
1271,45.631164323741785
1272,58.16607898156485
1273,15.336831798898583
1274,32.78548433084903
1275,59.76619893689137
1276,44.206384794518776
1277,71.22343160598743
1278,0.13617482346812437
1279,-0.1382473713306993
1280,26.266000848976088
1281,11.504566434088837
1282,24.24495968566634
1283,41.51562221812485
1284,36.920877625054224
1285,51.60621203639986
1286,66.51753880455126
1287,66.19619885948845
1288,26.557815172931548
1289,70.7000652554964
1290,34.705111336874516
1291,58.51494001627907
1292,40.59155428762635
1293,55.189593020550234
1294,24.814037087384854
1295,24.74893748908879
1296,45.564150350324724
1297,42.42281693948067
1298,-0.11885662300804967
1299,43.88705526149058
1300,6.266703792091835
1301,1.7893578478203125
1302,0.5669301880709341
1303,41.97846228539949
1304,3.6586921526349343
1305,52.18151213911366
1306,44.57082757021708
1307,44.850467179451265
1308,76.38871143401067
1309,28.291147244227773
1310,1.390602799030905
1311,60.37245743141666
1312,64.40554449373651
1313,57.27818414964767
1314,0.6810337336022911
1315,71.4486678679842
1316,16.809506029535772
1317,29.603690844203463
1318,29.51206453344678
1319,55.3597937910277
1320,1.398189582898162
1321,20.5577802370372
1322,21.94913458806199
1323,44.73445855391152
1324,38.73985348007739
1325,-0.314219579062069
1326,0.3878770732086636
1327,53.91465748842154
1328,42.85579468324245
1329,50.80563993484543
1330,18.91867001053835
1331,32.094530594354154
1332,46.60955972112063
1333,39.42042363841649
1334,28.87346759759828
1335,42.30805982474115
1336,25.067653176306493
1337,40.862332917945494
1338,43.41959856058147
1339,14.453902020644158
1340,48.339387714817484
1341,39.356870574512534
1342,63.190892009200894
1343,-1.0774905721608974
1344,51.91461540572433
1345,9.190078537180245
1346,54.489892916213705
1347,10.311146273151
1348,0.7675768532893414
1349,23.5540146798715
1350,18.828981011910933
1351,36.628576253675206
1352,52.493648918537886
1353,30.37357346653252
1354,14.254559982822432
1355,26.053583705666767
1356,28.059512751045403
1357,22.810977387526933
1358,10.921807129124808
1359,32.98030454435686
1360,42.71765788732128
1361,32.27626767064355
1362,71.20185789496774
1363,48.94120757924063
1364,38.25476381053399
1365,46.28302830615477
1366,20.12253814373628
1367,27.797636764269637
1368,19.15287140422948
1369,16.85159993658625
1370,44.78621455497522
1371,36.39211174005084
1372,8.715221637974473
1373,-0.07861623429500497
1374,0.4048522433921278
1375,4.8127116915686265
1376,47.11692202860892
1377,-0.948057856645903
1378,59.26671695839626
1379,64.69544601654822
1380,53.22613592290311
1381,37.90277618729049
1382,25.771605956272158
1383,60.1607152938645
1384,0.3937658644593327
1385,39.43711160264289
1386,48.36091694083089
1387,46.216757263193244
1388,23.49278198476249
1389,56.490505036554474
1390,45.6302704406029
1391,1.1563789712281505
1392,0.4688427927660328
1393,46.81826034579683
1394,55.30020398712483
1395,-0.4212673119812891
1396,2.1429599139841997
1397,27.241591702988984
1398,42.68486902508321
1399,0.4456081053400993
1400,44.51066132170427
1401,17.530292095894744
1402,21.518781287033566
1403,21.218417091356102
1404,40.5058036894396
1405,71.22969187730774
1406,5.051497055286433
1407,76.82361366310269
1408,41.33819106068283
1409,25.72239105355424
1410,4.383772253608193
1411,-0.16723675447402542
1412,11.005417794735116
1413,32.128857489929764
1414,26.850283736914445
1415,40.270799748581986
1416,27.72903543331883
1417,0.536762969701229
1418,51.850726926338204
1419,10.72289615244069
1420,49.61881104723261
1421,72.37657763750401
1422,29.876297550929408
1423,30.479665638211557
1424,38.334917512758224
1425,0.49398407185032056
1426,1.8547339615161604
1427,22.756490431539397
1428,28.354492720079072
1429,26.94303491772417
1430,-0.7394990099580667
1431,18.005862951604087
1432,29.85699925412341
1433,66.6859944564834
1434,38.546910507006544
1435,44.500464303923906
1436,13.716353218242617
1437,49.33532764041729
1438,21.860374756420192
1439,11.926036365633117
1440,10.826979656215777
1441,28.193000215330812
1442,40.09265235233205
1443,27.005992401140734
1444,53.84387375902695
1445,52.24931078609852
1446,39.69380410853353
1447,20.453238168077
1448,1.3386826175494377
1449,19.09273489697919
1450,0.2628482725654564
1451,20.476087748316672
1452,46.16998657510439
1453,13.391460380033422
1454,35.86217577205613
1455,14.217915869397604
1456,52.00566347747426
1457,2.3541694485791282
1458,-0.4369851016317625
1459,44.50769271734568
1460,25.843553495210113
1461,-0.13742500640613287
1462,14.658395691625998
1463,30.559401290691373
1464,25.305712960606698
1465,1.2199772325262899
1466,48.664246350466144
1467,13.492916473961468
1468,13.658700919754686
1469,53.27364156923778
1470,56.51972677241599
1471,57.370715383848975
1472,44.519490159552234
1473,2.6362700086300066
1474,19.33141361583034
1475,38.620487772894485
1476,29.38573997940957
1477,4.498787731376424
1478,64.41492286118523
1479,46.990405422718695
1480,-0.8444217823138942
1481,31.04071569080312
1482,49.069779789210585
1483,76.66477290700702
1484,20.523734588174115
1485,48.9582049440384
1486,17.295621011902174
1487,49.50507534021682
1488,0.8885664022071253
1489,28.34092922820972
1490,50.84240431909872
1491,-1.571482338698523
1492,49.090350432039685
1493,-1.1030853700609526
1494,70.02653982941115
1495,58.8486244044237
1496,49.63156028491901
1497,21.067498349414976
1498,31.19372066046538
1499,24.242256230505355
1500,52.12733059702951
1501,2.1422110765952596
1502,49.59340245912112
1503,6.10270305388212
1504,40.11278814759494
1505,-0.2879999623030898
1506,56.1410466902191
1507,2.7758329307992113
1508,2.7587360958195646
1509,2.923160199870342
1510,37.99229937543752
1511,53.10948075632406
1512,55.035643984322675
1513,-1.4702243594259912
1514,46.43543491723395
1515,27.23062280332698
1516,36.209762062506414
1517,0.0062256735346721825
1518,0.5075167602684516
1519,-0.08098628302118271
1520,42.96509255942989
1521,18.993364818995783
1522,32.61102868593997
1523,1.4277531264783363
1524,40.61074530264435
1525,9.26839685710138
1526,31.200200279690286
1527,22.47690847048334
1528,46.831877982279174
1529,3.269742665669998
1530,21.219250784978122
1531,7.753479058475712
1532,46.2667229439887
1533,2.2677208028881424
1534,23.07718045950462
1535,32.617525875851925
1536,47.36705998813513
1537,10.875081786862822
1538,0.13672886148403052
1539,4.089594075526776
1540,29.763893366527636
1541,11.829972741584378
1542,45.689451325798515
1543,48.99605086193081
1544,29.52019083885962
1545,58.00049855903612
1546,53.29789570489949
1547,50.12966528241881
1548,11.515042727228987
1549,22.27373748949597
1550,20.625618735006537
1551,53.148368113177554
1552,1.8391946836690103
1553,46.2379828093639
1554,56.95511576081754
1555,27.404598427575802
1556,43.83418762848581
1557,1.600262058948509
1558,57.449427164249826
1559,47.03430763101738
1560,17.38697100078037
1561,49.762535622615516
1562,51.47363307468159
1563,3.4518191995124283
1564,37.165626810321776
1565,0.8123373844301724
1566,9.438611431719067
1567,41.9185035269308
1568,44.489811329813705
1569,52.7544954423159
1570,40.39599556238474
1571,18.54346268546781
1572,49.769782645168625
1573,49.399120138334276
1574,63.6829682012565
1575,61.74159435082707
1576,49.73771217358184
1577,24.715808706061615
1578,69.04764128727463
1579,21.465509988037034
1580,53.42728812805329
1581,52.486835864233086
1582,46.912413395466146
1583,49.66273933371122
1584,42.37028957218892
1585,15.280015495155876
1586,51.21284588362498
1587,45.13178029506905
1588,46.11062549296887
1589,48.31965379783216
1590,13.818624137198931
1591,51.377155939618845
1592,35.816569535737806
1593,55.673795528657394
1594,13.532542919669456
1595,38.409901596673514
1596,46.66065809152017
1597,66.45127055414972
1598,61.379601814332055
1599,59.03624640288071
1600,25.561728302585944
1601,51.95316627014124
1602,41.716203790906064
1603,21.132328342808414
1604,50.660598828495665
1605,23.665279645547752
1606,33.45689957345205
1607,18.347814791822017
1608,47.017705933669475
1609,54.254753877888646
1610,14.848925084020266
1611,34.06130532428255
1612,2.4229452911945266
1613,56.48477535247116
1614,-0.9208897405414902
1615,45.306848208307635
1616,-0.1372650420921886
1617,18.57591099678116
1618,17.105735510421546
1619,18.88233580414715
1620,-0.090708171508318
1621,49.807422546628906
1622,41.09318691118854
1623,29.22270588170233
1624,44.32312646654351
1625,51.12117530824399
1626,60.56501570290855
1627,47.96220984603013
1628,49.34851577264415
1629,19.966163864097226
1630,42.48816430304052
1631,22.73151008633873
1632,59.514431421318264
1633,0.2488933168628975
1634,53.65605236766913
1635,48.80459118736004
1636,38.239759336992144
1637,51.45261739994161
1638,55.30320150855776
1639,54.88535539676556
1640,-0.13483699930183235
1641,-1.0558382683825656
1642,36.150805308309174
1643,30.69646628138732
1644,46.640349581931375
1645,0.52664981249265
1646,-0.9936675714439147
1647,0.46567830967046575
1648,40.754840522591394
1649,1.7079406250196278
1650,18.385106430857853
1651,0.4734729300201934
1652,45.71342330491302
1653,0.3750965923562646
1654,-1.4237121202325085
1655,45.330512745867395
1656,28.258792249198933
1657,0.8584394739623633
1658,49.77570091602125
1659,-2.7737891258956964
1660,46.583994501981024
1661,0.45791395939890833
1662,53.20162651780235
1663,22.69840128482438
1664,46.08020917901331
1665,13.40948682686603
1666,46.803489871583096
1667,47.388580707978015
1668,23.538428390437744
1669,42.855870198559174
1670,41.5418383896478
1671,39.00775662927769
1672,49.84488908851492
1673,87.92105579712866
1674,22.01323212982432
1675,34.18341910114419
1676,47.53397708326008
1677,0.5119721284576357
1678,13.359153025334454
1679,47.47571179171346
1680,38.377031076955
1681,53.562329938502764
1682,37.86362831311558
1683,52.40866382739141
1684,44.11392096635021
1685,24.119551960279775
1686,45.38356511226382
1687,54.209547872179456
1688,54.871533628930294
1689,-0.03961004351053532
1690,45.41535435215739
1691,15.127614303521138
1692,3.5042830806154974
1693,23.763690178105968
1694,8.930165609334672
1695,5.487606431511544
1696,-0.5141191994845045
1697,47.52369045586428
1698,16.83747373602116
1699,39.06710740815359
1700,42.724392365155474
1701,1.0819140132169238
1702,20.780814777463164
1703,63.392569904899986
1704,22.240401146672568
1705,-0.3085220417456185
1706,52.905835648664535
1707,-0.5846557621177482
1708,70.3310324039989
1709,21.692594384039943
1710,54.17858197595943
1711,24.16088682041978
1712,70.65638065584463
1713,46.846866122212944
1714,24.742737827073235
1715,48.31533516780727
1716,51.04734144373529
1717,55.49021004578739
1718,23.381518043777113
1719,-0.3786358896053059
1720,19.811310831234742
1721,63.06667827568033
1722,21.283100368344012
1723,49.99055822574976
1724,29.658826493272848
1725,15.273982168079932
1726,19.360760921305392
1727,42.95002412071316
1728,17.897229272308234
1729,38.753269816444295
1730,-0.36836991073936787
1731,64.09121944644012
1732,66.84362602881735
1733,38.109138861750495
1734,46.18938967241467
1735,50.5350472492496
1736,47.41406658154427
1737,31.52613931580692
1738,36.74300251372293
1739,40.30134774023218
1740,2.1490460207546285
1741,23.85613172066077
1742,51.70307250158352
1743,28.246585590603306
1744,3.8996432487305235
1745,19.870711989098503
1746,3.4816529526946134
1747,44.98197866578027
1748,40.96846919455128
1749,53.76868467102727
1750,17.685474954287862
1751,0.22524822294355573
1752,61.41386126330866
1753,0.03947161287387502
1754,43.83340447163624
1755,62.09511095359598
1756,22.684978912386555
1757,61.22347256895344
1758,49.76931703256915
1759,27.271237994272393
1760,33.45633324111142
1761,30.867743386115812
1762,2.430791981495748
1763,26.87607669914599
1764,12.476844796531505
1765,47.488234402856435
1766,1.895652333283639
1767,54.1979185133858
1768,25.90121956038804
1769,47.80163070602772
1770,57.75902248874388
1771,2.1180269726063834
1772,24.27516406106924
1773,53.083275856281105
1774,17.959041900878173
1775,56.40730490603651
1776,42.96458884524145
1777,24.106794375409645
1778,1.236049260213619
1779,26.182486373183075
1780,46.605737052554346
1781,41.60352624149385
1782,50.99432517031779
1783,42.4057744138739
1784,14.533702692570579
1785,52.073401703275444
1786,22.972031234992592
1787,22.495515509236007
1788,68.05555676797806
1789,50.057227917835874
1790,-1.7000586968767735
1791,45.45857706054897
1792,0.7794021193765843
1793,54.502652097531055
1794,26.343795538346185
1795,49.876232971875424
1796,8.007873110571197
1797,19.33317845117538
1798,1.7895569691556084
1799,54.196930842521354
1800,43.979118137410566
1801,52.33944061374771
1802,13.22396664743728
1803,63.392386586910405
1804,53.48296742525038
1805,39.11666734656996
1806,51.07720584879547
1807,22.874780539477033
1808,1.5462418660092503
1809,67.36164632229526
1810,22.22631982895411
1811,0.8852075191485298
1812,48.02189591497538
1813,53.556278455046936
1814,50.33675217094202
1815,11.730888238596634
1816,21.151533815325188
1817,41.0312955602364
1818,32.78765166161642
1819,49.051204707103544
1820,1.0885781108806327
1821,0.9763139576235318
1822,40.092739717363344
1823,30.41224231504148
1824,20.422520652762458
1825,40.22984728070981
1826,64.37034118366122
1827,53.73217942923972
1828,2.4504651866952045
1829,54.924636775126444
1830,18.009904700482394
1831,30.44733433334256
1832,0.12393085475698484
1833,8.252759013893503
1834,37.928019375498714
1835,39.77593041273133
1836,34.96557381500578
1837,37.878162030748776
1838,56.249421403554095
1839,71.38369923095806
1840,17.39458594260539
1841,37.474702684480036
1842,20.436877185374435
1843,37.477122583930004
1844,57.78436123814878
1845,39.88645612304555
1846,13.549346668548743
1847,13.581995664522495
1848,68.75412718290958
1849,33.42754844857794
1850,14.717051361814189
1851,9.77392339190165
1852,60.61717955597413
1853,18.798213221761998
1854,58.07115436162809
1855,48.316825499231285
1856,-0.007054338882646505
1857,23.94643935160787
1858,42.398058104897316
1859,13.941296653330639
1860,21.874473266234297
1861,-1.077231687962815
1862,3.4738973831826776
1863,15.479703487022054
1864,42.312694507415294
1865,49.13277587608012
1866,55.20829111181304
1867,0.1769907199224079
1868,44.455470121728425
1869,61.953214483809134
1870,42.97079898840396
1871,20.41671487007656
1872,37.986221861700635
1873,12.204523519212675
1874,30.677200307073303
1875,47.37343910543998
1876,55.885131262224434
1877,35.23224345025215
1878,1.172207403389919
1879,44.63992737740535
1880,49.0031278114165
1881,47.110266177677815
1882,31.1073743262865
1883,6.215250882783007
1884,21.656075354471113
1885,0.27207556061699023
1886,44.12616177577898
1887,45.442621891228384
1888,38.908622037410574
1889,55.16186909866744
1890,44.680802114507074
1891,3.387324674950662
1892,56.64206974299812
1893,40.925515566051445
1894,61.481911966541844
1895,41.479082954668954
1896,23.89025621427946
1897,59.754051492909994
1898,42.74925851315118
1899,17.59305421652007
1900,23.25807080702686
1901,16.80701117543124
1902,38.62120859261073
1903,45.41610875324258
1904,40.98288161233393
1905,35.352642631617535
1906,41.48675871531879
1907,52.24340899826686
1908,33.04991959641685
1909,44.55872685195506
1910,1.026346114762113
1911,17.620659372912073
1912,61.77014420500528
1913,43.39890299294449
1914,22.698753726150045
1915,30.6960730518816
1916,21.4464748932921
1917,28.742414677691045
1918,45.25618416646866
1919,16.493091509131528
1920,53.71596259734531
1921,59.436233688226906
1922,41.61744280042118
1923,2.6036944817245384
1924,21.777579771605378
1925,25.674054840587377
1926,55.20142839732188
1927,43.8885998226002
1928,36.333967572750666
1929,47.08406307460956
1930,2.251803013668532
1931,47.25157244136575
1932,57.00012202953354
1933,65.3244977155451
1934,37.18808763818008
1935,23.898480569142656
1936,26.025525674465037
1937,56.82932414641921
1938,-0.6099144463282613
1939,59.213679924922985
1940,57.05708551672714
1941,47.86134983089052
1942,32.744526696511144
1943,31.111295992158308
1944,21.997058453623524
1945,28.06630204612556
1946,66.33574985838095
1947,1.2066595299837601
1948,48.127747268326374
1949,-0.7394990099580667
1950,16.298808579667366
1951,-1.2463181641596321
1952,34.573770284453694
1953,44.955105203298025
1954,42.89930457106265
1955,61.16799902289863
1956,52.39967943427915
1957,37.89633114436533
1958,54.264428091104236
1959,42.19083252025306
1960,28.085062405469046
1961,20.94129605665549
1962,64.72719941182562
1963,51.28764558822111
1964,21.13511647801473
1965,64.90087768859638
1966,41.82834488623117
1967,48.235788807099176
1968,14.094222621757645
1969,56.6225912556821
1970,48.49477201503724
1971,19.66845034801464
1972,49.79248716309537
1973,0.5266263224418566
1974,36.471437507578074
1975,29.938097621131654
1976,22.502378966664992
1977,54.17853264201787
1978,47.70402553145341
1979,63.4457628526265
1980,11.031744842910829
1981,27.52151881237928
1982,19.466272625549166
1983,1.6501560607375616
1984,19.272489537715515
1985,12.55451004081577
1986,39.756299113276526
1987,46.41223291848301
1988,53.27307408472145
1989,40.36666120348059
1990,53.11475509437406
1991,-1.0363176904639744
1992,61.85725977788985
1993,57.163547732259005
1994,20.552567564455792
1995,24.057516454163103
1996,34.998698740178384
1997,25.177441626515442
1998,52.61613476312533
1999,60.910509803543604
2000,49.105508988627506
2001,54.60703307323516
2002,42.295084391787896
2003,40.69184164004977
2004,44.90580360239425
2005,1.9578633260736602
2006,42.67359502413703
2007,23.321202731943252
2008,25.978743782780896
2009,46.30232556706876
2010,27.858195073947222
2011,33.1087373464008
2012,32.22370014953185
2013,41.82284087554372
2014,23.248887782037965
2015,0.4549454079185651
2016,60.18674140058428
2017,49.16956289025523
2018,30.4323534587616
2019,36.43579239399428
2020,6.817712030130348
2021,48.27452957412441
2022,-2.257574841387239
2023,32.2959608817715
2024,49.24406241492969
2025,44.1860881568264
2026,25.31750662746672
2027,19.20376729749632
2028,18.445276495222615
2029,25.467035599335336
2030,27.409014988315725
2031,46.683898103715876
2032,14.796786268780387
2033,45.00003262728923
2034,69.69684523989082
2035,61.71302075794746
2036,33.572023577317005
2037,43.06970765699698
2038,34.93349901104907
2039,38.48997964730198
2040,3.6090841360860786
2041,0.6069011871527579
2042,51.93298870669062
2043,9.337259140210442
2044,50.37566633724465
2045,31.120744977126066
2046,1.9747742055040405
2047,55.013257729673015
2048,2.7778185026683637
2049,31.357977543872416
2050,18.852701603704162
2051,2.142837604116849
2052,77.27959106067718
2053,0.56539921246695
2054,79.48655142612725
2055,12.200141070162523
2056,58.33493310259732
2057,33.520342901251155
2058,51.91948371066183
2059,58.68738262247038
2060,65.10706634407775
2061,13.428360568401587
2062,3.4611433900510526
2063,37.46468321666784
2064,41.42562295116003
2065,52.22235674563538
2066,55.06145220967366
2067,16.40303240290568
2068,58.90951992271554
2069,43.8394617067518
2070,33.252238799808694
2071,-0.4475830411710575
2072,57.79709281633392
2073,44.73621390072115
2074,3.309096018662835
2075,1.3154382763079937
2076,48.66211560748148
2077,21.265218880098562
2078,38.58955924401843
2079,41.90465529152161
2080,43.174525521192116
2081,17.229305714899656
2082,18.365848132639726
2083,57.191854281052294
2084,52.90578129320925
2085,31.37901399221189
2086,4.406887372519208
2087,28.324118738019322
2088,54.9912189473462
2089,0.5790729738577838
2090,64.16558805500785
2091,61.561132872739435
2092,50.033862739057014
2093,41.466382378420604
2094,19.716539568707006
2095,58.88226786884262
2096,38.040390158697846
2097,20.376598008908974
2098,18.4023157869984
2099,14.623779802086219
2100,41.90396161681383
2101,44.492552004087514
2102,37.17530437849781
2103,27.23355353870591
2104,24.98956642116898
2105,34.18807410256995
2106,69.4830602802984
2107,-2.014289847495874
2108,58.23641260065871
2109,32.89083779791154
2110,0.14216519803223093
2111,0.517725811300096
2112,46.05311740780414
2113,42.57060560659897
2114,50.785835828273676
2115,42.003768737564016
2116,72.78546775922791
2117,47.313257493118996
2118,28.70456657774075
2119,1.084474439826927
2120,26.568580471036398
2121,48.81506257044808
2122,1.2066993076678685
2123,21.903062751638355
2124,2.2187941758922562
2125,3.7037120113065107
2126,53.204311266813825
2127,22.75033957311331
2128,36.70248439081329
2129,54.10356015594741
2130,42.11700845566941
2131,53.531654068100366
2132,60.51168958947929
2133,49.75826649960821
2134,52.12829042291183
2135,42.40958692847145
2136,20.3907921675778
2137,47.754260301993966
2138,64.23571387050141
2139,17.07991517989142
2140,0.2664359766731579
2141,0.15238011502299287
2142,2.8217648690937303
2143,23.378651417724544
2144,1.8954417871825697
2145,21.764647340332576
2146,0.4107762297031172
2147,25.09476130206439
2148,45.19376412011989
2149,-0.16149025903838066
2150,40.3789916422647
2151,27.19083460449431
2152,38.54543180767159
2153,47.90399429429968
2154,0.44788167300330173
2155,55.49894648605123
2156,72.95223061088495
2157,26.998810697498023
2158,42.08624704664769
2159,-0.23876445476223296
2160,0.22766264066704878
2161,37.42587612602486
2162,49.67251988701078
2163,43.17749569477917
2164,0.9325732845437571
2165,28.03874922229224
2166,0.6299377812818463
2167,60.608962575293184
2168,24.94134319547021
2169,71.03393781313952
2170,56.6372884563103
2171,71.6975308940405
2172,53.18841225242804
2173,42.77164919002136
2174,4.719117018858004
2175,48.317768221217676
2176,35.73117710968301
2177,21.84506965431526
2178,-0.6713646575049452
2179,0.029544239410419948
2180,27.47031150701244
2181,54.675389546526404
2182,57.051509692315285
2183,45.06909583762832
2184,5.830788634039649
2185,23.887844038071083
2186,53.05994046433473
2187,28.66717471743973
2188,1.1574641666258643
2189,45.83926475984544
2190,51.787719511006905
2191,61.78382929925708
2192,37.61243976153443
2193,50.407121664575335
2194,41.181083609438225
2195,25.3050652241036
2196,1.834802427872141
2197,38.88551816450772
2198,54.74717211802822
2199,45.00362429206422
2200,15.79363874287861
2201,39.97646239674761
2202,25.19104892022098
2203,30.9500649966396
2204,50.91307054400032
2205,37.570428907905566
2206,32.51053853090663
2207,9.08659662023728
2208,68.26125675438331
2209,23.353879082571105
2210,59.62890384386418
2211,54.892568557653306
2212,84.05748044391613
2213,0.7254897725637548
2214,44.70417366700567
2215,22.045661882892844
2216,17.39309638955804
2217,49.92510534017721
2218,13.867477524525757
2219,53.29678746771185
2220,46.44520872216101
2221,27.445588107365076
2222,47.528363722994186
2223,0.8430180616933072
2224,26.055178241482142
2225,40.65649797715471
2226,51.53499532727716
2227,18.06617186547568
2228,67.81526274240346
2229,20.438992449965944
2230,42.179553804540106
2231,8.53314441613324
2232,50.84451943970177
2233,54.081596171508494
2234,13.52656886756158
2235,40.481335874016565
2236,47.93999960534369
2237,10.740368735283933
2238,36.1067815426132
2239,45.4145645305829
2240,3.2959935555624327
2241,51.897151692735484
2242,40.63215098578114
2243,53.330754056904304
2244,11.844178212995224
2245,53.668138803716715
2246,46.44506321350703
2247,55.07188741688739
2248,71.13703263856574
2249,53.289396429587605
2250,18.344898433479326
2251,46.19241180752333
2252,32.79687793146476
2253,24.711080968641397
2254,19.415245818384637
2255,7.929593268372962
2256,39.76119651280688
2257,49.73031860439767
2258,22.506224453052653
2259,-0.502680260287498
2260,54.4533986120021
2261,50.356598620722856
2262,21.32941057319841
2263,-0.8729995176553018
2264,21.38316687820077
2265,23.27382572871796
2266,21.959586549417477
2267,18.818995271573648
2268,48.12196865007005
2269,1.5177537780471937
2270,45.998562114137705
2271,-1.1674044325859114
2272,2.197115762668002
2273,45.3862525535741
2274,1.3795886016804317
2275,53.16891864965201
2276,54.5190867388738
2277,32.61148413308186
2278,50.85660709586064
2279,27.734439760266675
2280,3.1989500869557617
2281,0.5348090909857177
2282,19.710517533342625
2283,1.637142044405337
2284,0.7334862266313564
2285,32.44619855132022
2286,27.562270918342307
2287,10.399012819565655
2288,26.837266253563342
2289,42.09397681071296
2290,53.5267484138012
2291,53.989150904639104
2292,23.36610763218227
2293,69.75702835953823
2294,36.383477589845086
2295,4.085057918331799
2296,22.411018895224572
2297,55.236448456223826
2298,56.011428794701956
2299,7.895485305821527
2300,38.09086096526251
2301,31.869755419840683
2302,13.58373195195015
2303,0.3828336069588545
2304,15.410293148646936
2305,45.951466145207604
2306,34.03810103344292
2307,51.2825491562556
2308,59.10013141187973
2309,14.729707823467404
2310,52.48023078546302
2311,57.01297319870662
2312,32.89468293295445
2313,48.62441432485217
2314,0.9662914060052259
2315,1.779741424579246
2316,46.72737756888899
2317,54.853125430348186
2318,44.28357581896099
2319,18.643391479869333
2320,23.474038602719496
2321,82.67458922327873
2322,24.520818540339242
2323,65.03447909484751
2324,24.18586930497747
2325,29.764810850717623
2326,38.74085249624318
2327,42.71056501890615
2328,22.44771844685573
2329,31.228424645753506
2330,57.86435187063147
2331,31.802618719187166
2332,0.4790694749421718
2333,55.998526137082294
2334,16.074119589957057
2335,32.51854105190496
2336,13.234929399002606
2337,42.59310736337838
2338,66.10652247550232
2339,-2.4044645853882116
2340,1.1157249593910308
2341,34.96249959197523
2342,33.369161087122485
2343,46.55098745516407
2344,34.039823616224275
2345,36.357537768731454
2346,1.5419724755493718
2347,63.20666491068219
2348,67.90975293008398
2349,32.590624847777
2350,20.576221794726855
2351,0.45897078081533493
2352,43.22391105731552
2353,46.752261356187844
2354,59.5105574726933
2355,71.8844336783232
2356,64.97710712260668
2357,21.260945200921608
2358,3.8384778704793554
2359,63.72658994052618
2360,15.163216771437703
2361,0.8410922642578385
2362,52.32755808425178
2363,28.92771376589125
2364,2.398925106273399
2365,6.511698822174477
2366,29.985765656346942
2367,59.37081620013256
2368,-1.8893071459191404
2369,29.935998546106337
2370,74.15645898871296
2371,38.93478483493922
2372,3.1041496027782394
2373,56.97539191147001
2374,47.94134895502443
2375,10.842018936931876
2376,51.30564686338465
2377,41.6706256520473
2378,10.126626789674113
2379,26.079789111803823
2380,60.467932932367646
2381,27.36627016520336
2382,59.5013565094515
2383,-0.22938387062892218
2384,50.53038583379759
2385,20.36941559251276
2386,49.18966430576862
2387,5.364169474757254
2388,39.96752013127746
2389,26.155186056002798
2390,33.06194930430127
2391,2.188443980302999
2392,23.77857004507463
2393,21.834845004758733
2394,37.53803065626136
2395,39.71289988319905
2396,48.60039860815753
2397,18.099579373157123
2398,43.34431306567537
2399,43.44039906836813
2400,13.996409629197974
2401,64.06161266866624
2402,22.487740992596596
2403,44.244857261721684
2404,1.3835613658081378
2405,26.333327320000578
2406,0.1871795493519457
2407,0.8162146272963255
2408,47.03221615935315
2409,30.983789826761022
2410,15.545674845199553
2411,25.728688486001182
2412,63.29451678565094
2413,1.3812503508145753
2414,45.762570788322904
2415,53.455775196600435
2416,0.35325976063966635
2417,7.908505263763292
2418,16.254032822550517
2419,59.38778794500446
2420,49.12537928682677
2421,34.73809508497014
2422,20.642221711203597
2423,21.18266328399794
2424,22.80460800741043
2425,18.439988944604778
2426,44.94261248085018
2427,4.85079777413619
2428,46.38272600246705
2429,0.480050004124287
2430,1.5621709127608234
2431,39.53445953854955
2432,2.3679963796714354
2433,-0.9651933784916977
2434,22.232485900101704
2435,16.250008183716346
2436,15.538005517450248
2437,74.5332893807427
2438,39.48909076720508
2439,46.25832295090286
2440,50.37825113830621
2441,28.332749036689943
2442,45.75162275785652
2443,0.7674552313321357
2444,-0.9697996342631328
2445,18.100998924448945
2446,34.116027972825975
2447,0.2341755051905352
2448,41.94001737459528
2449,39.35491592367016
2450,17.422021114632308
2451,11.429443287369836
2452,50.62521752873973
2453,46.60192581088726
2454,27.964917577864796
2455,53.27520712873339
2456,48.44921710017893
2457,22.052543615961255
2458,44.66648306528615
2459,1.1748809048061162
2460,44.42259976142183
2461,13.484713127014338
2462,51.13911577705386
2463,42.44406673497192
2464,38.764239182200996
2465,9.38233790289135
2466,-1.3433667551307096
2467,25.824550412104543
2468,41.93040643096812
2469,51.17709160494299
2470,58.869865836056945
2471,55.200979550320255
2472,45.461145405945885
2473,68.2394757616985
2474,20.25533665322856
2475,47.088956554209894
2476,59.290023230587636
2477,34.13869357769442
2478,38.88360755448018
2479,42.29514895425856
2480,17.94298424018739
2481,0.9006883297842592
2482,0.8490940960849684
2483,67.66754859550144
2484,50.37747441268823
2485,18.97761742295089
2486,50.84503376436386
2487,52.25950117909007
2488,55.059224200390446
2489,24.12380128107629
2490,24.69214385500808
2491,59.175997974177335
2492,18.237102005351417
2493,28.34781285414594
2494,29.77874222353554
2495,18.242409149897334
2496,46.75352050234353
2497,13.71087106900615
2498,-0.8247444126620138
2499,52.09501685206395
2500,1.4444329573073453
2501,30.082287343784813
2502,54.24050297768157
2503,44.37550989945026
2504,39.129774665451315
2505,13.354991382762925
2506,21.29343984654021
2507,47.0183856881078
2508,25.60479069495137
2509,38.378562825397594
2510,29.682049425945785
2511,53.56486684328809
2512,1.4290954850319686
2513,43.06510253975678
2514,59.460264627929554
2515,-1.9335078983765115
2516,40.750608197101414
2517,0.7322728052415783
2518,-0.25140778674846587
2519,26.602799014563825
2520,64.03347248299511
2521,68.07091465261625
2522,60.6698217444714
2523,37.44056505309016
2524,57.19792337417158
2525,34.020720557096865
2526,23.42506872737294
2527,1.8365054109978765
2528,35.55827922574609
2529,-0.942607745810264
2530,22.227126021127255
2531,52.104828569155345
2532,49.9851159253338
2533,56.461628779465784
2534,24.717306413366106
2535,65.7572890325138
2536,24.345709391212594
2537,51.337735593509116
2538,23.66606633783516
2539,1.2906349564112567
2540,16.55357974448755
2541,-0.307555613588697
2542,41.755213704646636
2543,44.53438801125242
2544,40.42353033529079
2545,7.127360118705884
2546,1.2703276721464576
2547,48.1187522798292
2548,44.933722969012365
2549,50.296956214859804
2550,61.10788105626117
2551,21.368041998234055
2552,38.722527772004206
2553,22.401701791032217
2554,0.8842398019207707
2555,-0.07838887417413787
2556,3.0869691224397258
2557,40.69712579141846
2558,47.890562639156556
2559,58.27575207567396
2560,41.20616388908536
2561,48.4547072720943
2562,41.74304943787702
2563,21.375653220500276
2564,0.5682573487427973
2565,46.290165848537214
2566,19.373462665003792
2567,42.81627379204538
2568,74.74640974503694
2569,59.07308732480738
2570,60.11320572467385
2571,46.93189356038582
2572,1.5161445619039675
2573,51.88818593369506
2574,23.381121646482104
2575,49.52551099314891
2576,39.30558304453112
2577,56.41798063436086
2578,47.57231660246879
2579,52.69890520090798
2580,8.222526835352681
2581,49.11398564695459
2582,25.324462688941683
2583,5.977626881684721
2584,59.43205267797849
2585,22.96509211819565
2586,57.61282375989639
2587,2.7532722929156854
2588,3.5805444232628716
2589,42.99614734811693
2590,0.5596878343695053
2591,46.1655607468706
2592,47.3307525613761
2593,54.83583320382787
2594,23.72518810585658
2595,26.730441991330235
2596,25.872101482364513
2597,44.780730541521386
2598,45.87775654928179
2599,53.83248983736836
2600,56.381724843029374
2601,56.948896121515645
2602,0.9440759235263627
2603,55.27607130476677
2604,28.72309191685165
2605,33.673767749357154
2606,58.503999694236654
2607,62.01647202361673
2608,26.62725564765277
2609,45.97846016759147
2610,53.785515053295484
2611,15.227761783554808
2612,47.02479832239266
2613,64.66728394110083
2614,37.06112791385769
2615,23.894447727876425
2616,0.7519138649073085
2617,46.739504706059876
2618,0.3267878390703203
2619,75.74264611742731
2620,-0.6023087314414752
2621,23.505170521746507
2622,-2.3230301549403904
2623,30.052248355236046
2624,56.0286794163591
2625,27.871291445764516
2626,51.80761148962593
2627,53.005006184681605
2628,55.28052005945723
2629,2.3202528857343374
2630,28.35476319554248
2631,23.26276534271475
2632,40.02847956072756
2633,65.758884395683
2634,59.27104474087345
2635,1.5744301711871351
2636,40.38964777974355
2637,54.05247657127548
2638,20.785844347700348
2639,29.542981921960813
2640,-0.416037868663075
2641,24.091833826815538
2642,83.99394433067658
2643,20.6216790720444
2644,50.70551844466513
2645,23.905909342974432
2646,44.46503996351136
2647,21.628244677530805
2648,61.82084099180252
2649,30.224968482887032
2650,49.58823529151526
2651,1.1334777971179832
2652,42.33444954818851
2653,35.24269348567031
2654,44.88121848179831
2655,23.551206006674953
2656,50.006160205789705
2657,73.64023926368421
2658,12.698691912532333
2659,8.42837398250002
2660,17.6968307692231
2661,44.12783045689778
2662,2.597197535358525
2663,11.890086271272985
2664,53.60837007422652
2665,44.87765832204357
2666,50.690920539793694
2667,52.75136206445948
2668,22.76442027803649
2669,-1.1736392376214582
2670,45.897520792225706
2671,43.31655454496751
2672,10.12061591889513
2673,22.71786887737842
2674,22.151618156726023
2675,40.42806236694618
2676,57.342134384882435
2677,23.050715778305694
2678,59.2380201600497
2679,14.637853800462057
2680,37.74203587239604
2681,37.11689903590934
2682,38.19495921998898
2683,33.80436901559382
2684,47.999972598046554
2685,44.04384417920985
2686,21.844091844812016
2687,62.334596071722515
2688,22.693280712687898
2689,0.2617855956006707
2690,57.81305174339414
2691,49.55873717752242
2692,24.032718210204663
2693,-0.6135328196207155
2694,16.551183425437596
2695,26.515596962896716
2696,43.53584153526999
2697,0.18301237119202796
2698,0.449228188544204
2699,58.084709304919386
2700,-0.9867016173738676
2701,38.99650961799423
2702,25.05583298572566
2703,45.69553823115349
2704,44.91141593839439
2705,22.64829944478074
2706,35.215831182770295
2707,22.273980482157935
2708,26.607026274175066
2709,60.478920661360775
2710,-0.3848367091064091
2711,51.16089836588722
2712,38.658357894713006
2713,0.1410376293341571
2714,43.84503344650109
2715,39.68381919454593
2716,56.91796249975282
2717,44.67497878886386
2718,34.557104728733734
2719,48.6049693553829
2720,62.204728420498455
2721,12.448460450703116
2722,18.80925367346457
2723,32.578690130092475
2724,23.166831605753675
2725,41.23326166719863
2726,21.05151861090357
2727,-0.6308780371872516
2728,34.822815490872394
2729,18.359526249058547
2730,23.993259009627792
2731,15.757814159117796
2732,66.77545124133252
2733,44.11694692991878
2734,46.979721068690495
2735,50.374774565473416
2736,38.61026806897121
2737,35.44612609189488
2738,59.52563016261027
2739,30.479234204453878
2740,1.3515733397469134
2741,43.93189486980015
2742,16.577472468473296
2743,38.21212180139746
2744,62.29552192780591
2745,49.6154378885066
2746,51.192254165807185
2747,17.089417736837024
2748,53.916118311313994
2749,21.232462120388888
2750,0.12880667891833042
2751,21.02553036243151
2752,21.125663878782397
2753,58.69757333808515
2754,19.124336797183833
2755,20.90689724450462
2756,44.667309142150586
2757,44.35865290210034
2758,17.81043670380386
2759,26.342114590032175
2760,31.676207011532668
2761,44.773213618705924
2762,57.17829319066952
2763,64.31211675739645
2764,31.87470171766628
2765,14.769879737338666
2766,9.908761257224878
2767,43.6749026802958
2768,57.32789509879193
2769,-3.5213024945937477
2770,43.727673253747604
2771,-0.09785138382198255
2772,3.781723008990596
2773,34.365473994750424
2774,0.4692069815432234
2775,46.23984126105945
2776,22.373148215057174
2777,-0.571974805802661
2778,-4.088162930476109
2779,56.83645563376916
2780,21.09815046561878
2781,13.52477342097838
2782,37.13891369147183
2783,32.980958993334646
2784,1.0799314625277532
2785,47.48794983079192
2786,19.70994708679882
2787,0.32246023270977275
2788,43.84009068996086
2789,47.66005447776126
2790,17.191800607410844
2791,1.7860629938279828
2792,35.88798265522124
2793,45.78899985187071
2794,22.71379344986917
2795,22.084964728902044
2796,16.625183052526495
2797,51.87977124009606
2798,56.50674834644305
2799,57.533437784315325
2800,45.85332899426359
2801,3.5223949810746937
2802,23.730953214292043
2803,9.26732149060319
2804,21.054861807591106
2805,44.18919943576421
2806,11.767772631535422
2807,32.72631092225949
2808,43.642343529616944
2809,42.04587516679139
2810,8.243697805500613
2811,39.75385731892848
2812,11.93854830944614
2813,46.86382529349901
2814,1.6000578413791153
2815,7.966859531904834
2816,31.736067998158433
2817,53.132735321210305
2818,46.41316890929753
2819,1.5690966502135169
2820,45.52622220836011
2821,47.520969332915094
2822,45.30307861447133
2823,49.87186633989915
2824,61.531163914622994
2825,42.08210117332125
2826,15.785306805120527
2827,23.711311048677373
2828,21.014742821928408
2829,26.962113726985848
2830,58.891903150480154
2831,52.08602353756275
2832,28.1447053448394
2833,22.492243667124384
2834,1.2465120853697442
2835,43.688641133157546
2836,40.534227516782074
2837,53.55584654911223
2838,43.22828653181576
2839,40.883344567333204
2840,13.825819411724002
2841,21.757140164632876
2842,24.185480447497376
2843,36.60636292812327
2844,22.649803005768618
2845,31.597741265224332
2846,46.36077927382412
2847,1.0443963842106996
2848,45.751434043749526
2849,35.41703324253707
2850,-0.3667639856812457
2851,28.486613499573878
2852,47.72717885288323
2853,0.49018782113328996
2854,9.31789782379153
2855,21.574775365079006
2856,23.26700204874851
2857,29.395335615882
2858,47.74694713718613
2859,3.2833955675032556
2860,59.40556565404056
2861,26.299864025823638
2862,33.94136530456613
2863,57.23004598260495
2864,29.71065582760045
2865,46.96989471803504
2866,20.189173267818962
2867,50.385029322245664
2868,29.24547609246038
2869,66.25621790418843
2870,61.92763404806959
2871,45.80926050454348
2872,60.20400738247656
2873,25.534333938735017
2874,39.07797462688586
2875,62.3760323174796
2876,21.095306431249554
2877,39.25573513819911
2878,43.41317118835629
2879,41.32688438422298
2880,3.858750620820249
2881,43.95459877134087
2882,73.30473914307592
2883,35.928320834624806
2884,53.96511453104556
2885,64.63743690357224
2886,54.92865617006548
2887,40.180133149304304
2888,29.54827523286939
2889,-1.2258525169997583
2890,0.2469048577992723
2891,51.00688624764564
2892,1.1172279314732663
2893,-0.0044390766243083135
2894,14.037837710772159
2895,18.963681590723866
2896,36.55654132096052
2897,2.346313758306273
2898,62.961870244522935
2899,40.91597182498586
2900,24.757370718329213
2901,47.592364688728935
2902,46.916179816687006
2903,49.13101735392706
2904,18.45087621393793
2905,23.58251583919305
2906,42.10870914658323
2907,2.391256834772559
2908,61.224161069637304
2909,44.270614464601486
2910,0.007707088074589308
2911,37.07711153266704
2912,64.1131291187076
2913,49.20926796756916
2914,45.557664045040006
2915,39.94945579525522
2916,59.091288935226935
2917,-1.3221655732820068
2918,45.90523007667044
2919,47.60753685520428
2920,0.19913232461366448
2921,46.845026058339386
2922,49.96323417377488
2923,55.38380194262976
2924,21.550516490829136
2925,26.146397642045255
2926,1.9647497344356957
2927,51.96185836713977
2928,64.79700467243136
2929,20.31124185247699
2930,25.2205628993285
2931,43.25719621206948
2932,0.40721146797393715
2933,3.1987519100665587
2934,39.73414457078843
2935,49.022152418089476
2936,-2.8022222714744487
2937,34.534697929998984
2938,53.41777574260574
2939,0.8253140318388077
2940,20.366793982999226
2941,56.11724918510345
2942,18.126306381339127
2943,-0.8790157715845908
2944,25.408492982334927
2945,63.604198109467255
2946,57.741090499888045
2947,41.07115033714381
2948,53.31252631291538
2949,43.261167055721
2950,7.901953368869844
2951,19.380088959003402
2952,22.813070444215068
2953,43.07001717206897
2954,42.56177594741338
2955,10.76908532929864
2956,1.284107363445294
2957,21.57313020664078
2958,44.029135995406854
2959,43.41767121121989
2960,48.10531739145401
2961,1.33066897545881
2962,60.58918745825357
2963,44.24908203182456
2964,58.36911033045338
2965,25.119704830758337
2966,46.71168612481607
2967,25.849524897789266
2968,0.35982073284113625
2969,0.2890154196125323
2970,0.31937362482645426
2971,24.03946004262315
2972,29.061723757633445
2973,27.79771520353082
2974,26.84183407056412
2975,54.094022544213345
2976,16.13044106921922
2977,64.43414733650744
2978,22.81743799333402
2979,25.894504401965836
2980,0.6964928261915659
2981,47.233372162351536
2982,21.97568010126821
2983,47.91351974863234
2984,53.10329341981914
2985,49.06241623683614
2986,61.00607458571659
2987,19.544978481165934
2988,39.07215142569329
2989,13.348068073381551
2990,45.74346157897675
2991,8.616368510164794
2992,63.936815852581674
2993,14.221221723595182
2994,41.14426895409158
2995,38.03271783348406
2996,41.70928527100793
2997,41.545874083149805
2998,-0.44533360738981287
2999,57.277930518351546
3000,44.100466915184086
3001,57.89109239838132
3002,-1.489853747573271
3003,1.565339654225241
3004,22.801644414617694
3005,24.62234387832176
3006,54.37493348135634
3007,19.741421490820432
3008,50.17582985496596
3009,43.76517228611556
3010,64.73933815134897
3011,50.94181041223197
3012,52.67494324539509
3013,32.90925355733486
3014,49.21874270960998
3015,45.517040721567625
3016,25.086306359508598
3017,45.92802383168309
3018,20.452179216970052
3019,0.4313427331542883
3020,53.7185181154823
3021,55.05736835819208
3022,7.854792245338398
3023,44.32052899722097
3024,23.20222408441316
3025,46.884512810364505
3026,51.74121665203523
3027,1.5200832178659738
3028,43.96008350738606
3029,53.11044801352452
3030,44.922774562947325
3031,67.5235452516765
3032,3.335821913319986
3033,50.29133723234446
3034,68.96577056295655
3035,40.434226914624915
3036,53.513995511591396
3037,38.98004344301967
3038,0.8142991462450411
3039,15.439637474608329
3040,0.4597380099953057
3041,23.09159793434999
3042,29.05043539410923
3043,52.941564722360155
3044,24.134321633117864
3045,28.985333413239037
3046,44.31957391889024
3047,58.61582140316226
3048,14.058210840427837
3049,44.46737639000974
3050,28.42338493202998
3051,55.664826559535285
3052,2.0196422222148662
3053,23.428070816162574
3054,24.593866727498533
3055,13.608000381340457
3056,15.088393143981435
3057,60.09880096447833
3058,8.020124625630963
3059,0.5339823752489892
3060,58.415976563303374
3061,46.4808894415746
3062,21.42241085495779
3063,57.266398980294454
3064,21.372051761870445
3065,65.56286686717301
3066,39.51935419408763
3067,30.47171258927373
3068,-4.063662377968058
3069,23.28768771592054
3070,53.52736039322322
3071,43.47945728009827
3072,69.30863839957092
3073,13.738943886407895
3074,0.06021059572481846
3075,46.28547541887776
3076,10.691370894712424
3077,32.74893378618663
3078,1.6629101762939555
3079,45.79794575697822
3080,65.85765188591218
3081,42.94086096996721
3082,43.277565964054915
3083,29.176287657023614
3084,45.36568139481669
3085,46.869337493028596
3086,44.8529612772314
3087,42.125614707256844
3088,52.33461030115606
3089,45.260261264859366
3090,19.766959297743234
3091,30.36371358605284
3092,5.06899148558761
3093,23.95413859043539
3094,32.29324711303439
3095,0.538455925101367
3096,25.04700279618007
3097,52.89978345488407
3098,6.321056411547229
3099,3.2664466460565755
3100,44.38919319884924
3101,58.43734238082456
3102,39.576063051456586
3103,31.57987651248933
3104,42.48203120917281
3105,18.033834985459844
3106,42.598538686439674
3107,0.9333604471870061
3108,40.668574459051115
3109,21.43561356716964
3110,16.946666980482888
3111,52.98267647257961
3112,29.11883354668513
3113,63.54298084742453
3114,0.4730374997627891
3115,20.778797060819496
3116,-0.30634214655262326
3117,44.80824071818308
3118,2.2164222134873874
3119,54.75521458545769
3120,41.82382450025068
3121,0.8816090891116559
3122,59.8288549710731
3123,30.277712760264997
3124,43.31105115200734
3125,62.41834894108135
3126,54.557803572406684
3127,47.54996907592858
3128,17.777863388766573
3129,1.5196051149711707
3130,36.094655474828485
3131,41.42117178723732
3132,11.586366045958027
3133,24.45807742997524
3134,35.80277936019256
3135,29.090678199567588
3136,6.82111686502607
3137,64.74606934788724
3138,22.194091214908703
3139,15.264456623607437
3140,49.31014039225846
3141,35.960062619940196
3142,22.177550376344186
3143,9.138157279481213
3144,40.82434758228121
3145,11.302115346524428
3146,49.44419729362848
3147,50.67277045737111
3148,1.6162140645143737
3149,15.550625955322683
3150,31.936423452022726
3151,21.972828005192795
3152,17.35555163492225
3153,53.073482578474966
3154,37.13167751873627
3155,38.224242929945554
3156,-1.6720396902049117
3157,50.275520992373174
3158,56.210749885147415
3159,63.32914613089635
3160,48.730797370846695
3161,15.579542365452614
3162,0.37825104083758987
3163,47.46168951808215
3164,-0.4680090771786354
3165,55.242389308462585
3166,28.08444936517943
3167,55.609945054515286
3168,47.27852167779298
3169,51.93638228843003
3170,-0.20994560147929064
3171,42.19159870787161
3172,53.84380853072442
3173,0.4695094128422923
3174,40.95793584511391
3175,69.31965446817892
3176,1.2341978882638074
3177,12.25707513250574
3178,41.07813588694602
3179,40.5799577358798
3180,16.520631093755934
3181,15.50340412509092
3182,25.04179136818253
3183,61.00744562175035
3184,42.384929998813035
3185,55.66041526921608
3186,-3.1215348536113936
3187,21.257878823309973
3188,50.387840349049895
3189,21.650989273772716
3190,52.36617649095909
3191,65.21906585227703
3192,52.032027144828376
3193,16.667996379751685
3194,56.295849417587476
3195,2.344425834351707
3196,1.1318975966599112
3197,19.516502936173737
3198,30.509512990173
3199,28.712212776846673
3200,39.56393607735781
3201,28.74493065548344
3202,25.68552111332339
3203,0.13349987383900697
3204,22.29143968967803
3205,21.77668559388512
3206,43.16913121747776
3207,42.384362568179256
3208,49.95945050262652
3209,43.96584033450127
3210,44.0728667283846
3211,49.2886695114191
3212,0.8367166026652484
3213,-0.4463848752859434
3214,26.56172685925428
3215,21.617949543547134
3216,2.609795825034741
3217,40.75394988943019
3218,14.936830845340289
3219,30.956872967103656
3220,39.59184635811399
3221,0.798807767615763
3222,-0.00939835311960735
3223,31.67486480355937
3224,0.5106983696415597
3225,0.31345817046445745
3226,5.375846367542909
3227,9.596973924816897
3228,21.778557923933242
3229,1.730147404535174
3230,46.18929691085594
3231,51.79962444638004
3232,26.30199884804155
3233,10.017258443543696
3234,50.29426805220733
3235,47.9781605823037
3236,53.14083110166483
3237,39.20666395847252
3238,53.42244266281216
3239,52.173477470534536
3240,31.032739909837847
3241,57.880759144413545
3242,8.827389059836392
3243,36.349968882011005
3244,31.186464558507947
3245,21.944318366660955
3246,34.52776603354721
3247,47.670146832607976
3248,23.69895441926237
3249,2.2481021470140874
3250,34.8686137426205
3251,31.496323365165775
3252,30.650264532394363
3253,69.36290717750506
3254,26.809245176628245
3255,49.49788989116453
3256,2.4467498336252724
3257,49.49620137793092
3258,61.89348865419585
3259,2.7280482226217906
3260,52.79344861587259
3261,26.169749038946946
3262,48.63738688107395
3263,-0.27099028942740944
3264,70.79332014834907
3265,65.36580612420474
3266,61.120769704433
3267,29.39784330195779
3268,27.120619324483084
3269,2.064089616621043
3270,37.465608705727654
3271,25.402450979019083
3272,-4.581572568659482
3273,47.51316758662114
3274,45.774165019977325
3275,39.09198717101172
3276,31.195085243982525
3277,-0.49705808690005426
3278,82.4811747978402
3279,16.36618648969288
3280,4.17963066057446
3281,46.32572061466686
3282,47.64914544454201
3283,15.429414606284091
3284,25.28033475745493
3285,26.421591747871528
3286,16.3909855589337
3287,-0.011225906117935835
3288,46.603777978111346
3289,26.67209430833917
3290,6.4437163476947035
3291,13.066639911031736
3292,51.856899127189365
3293,56.86958803971004
3294,45.136626039564085
3295,-0.5675812129602562
3296,-1.4179859441709937
3297,16.166561566457613
3298,35.97821773186934
3299,52.83701344833516
3300,41.37112756033943
3301,45.811061172278386
3302,49.44025211857081
3303,47.39058130853287
3304,60.09255616154563
3305,42.690024401196155
3306,21.227807538003155
3307,26.415500979473688
3308,35.227122027059195
3309,37.761793688980944
3310,31.629264397425445
3311,61.85076127165006
3312,-0.12228035536915627
3313,52.30745715877106
3314,-1.6730694792066814
3315,19.085758570964995
3316,-0.11657473488201475
3317,0.12409368389425168
3318,39.4653492032519
3319,3.615267584090386
3320,26.740388454377353
3321,8.183751802643677
3322,48.02733814212053
3323,48.85500768932064
3324,11.773846542784991
3325,55.248579493834505
3326,20.920875991995906
3327,21.505305245884376
3328,61.909710839637214
3329,22.142373569720313
3330,2.2312917990165992
3331,44.09772858333842
3332,41.46317663880268
3333,60.51573221489876
3334,57.82161182457277
3335,53.54212492697458
3336,14.018497197752652
3337,38.98343723828524
3338,51.55298736201481
3339,49.290250665996766
3340,22.46510491560582
3341,18.957526861198275
3342,2.518935722229319
3343,0.7091912755288803
3344,20.386706348613338
3345,54.98633757162468
3346,54.458126877961824
3347,0.6633601257668715
3348,17.991915574173095
3349,65.04074517507277
3350,46.60049340057482
3351,16.3641572192678
3352,15.132481685360524
3353,53.922217267176386
3354,45.629320031196414
3355,2.354090019080971
3356,46.9196838754168
3357,3.0912230588913907
3358,21.761108139652023
3359,-0.9698690818931794
3360,43.98382776106966
3361,42.40373255228677
3362,24.466029495460987
3363,46.40220592061952
3364,1.4405041981169155
3365,46.47635645885471
3366,-0.019467332704756757
3367,44.585638611611216
3368,43.75641875346698
3369,25.854450301674042
3370,23.097288465257215
3371,56.0827127147522
3372,-0.7222558952272067
3373,36.479128941485584
3374,41.34948962992176
3375,33.19478986411527
3376,1.1275932158907196
3377,21.88817680394148
3378,36.90956245898713
3379,0.24493885628975676
3380,49.914097395812504
3381,46.46683970872723
3382,47.87146203450208
3383,5.590957947457142
3384,63.85327153041253
3385,30.114515240575543
3386,40.90719097808659
3387,12.479383862730618
3388,43.75781808709322
3389,62.05374148718954
3390,27.343798505355362
3391,1.000552883764989
3392,54.545961613736694
3393,44.776176515800586
3394,48.75637625853841
3395,57.619557312380934
3396,44.57271570941668
3397,-0.2665720980831878
3398,47.61970909923557
3399,1.2792709187131024
3400,1.801150500489122
3401,36.46456708850416
3402,53.03981931738411
3403,41.21114609478491
3404,53.55001082699741
3405,43.82029310284043
3406,32.44629638807825
3407,59.96539398465192
3408,27.179040975117008
3409,53.65408063002976
3410,0.8825597926849795
3411,45.670603538775936
3412,23.917249542478622
3413,59.146899704848806
3414,63.722227646742994
3415,31.16311634860243
3416,43.110961289323775
3417,26.144747652225327
3418,-0.17611573014216475
3419,35.07763868346476
3420,6.292555395543815
3421,31.29223853642042
3422,4.98969355507565
3423,51.92062570977734
3424,32.73406246424537
3425,55.18516446148073
3426,18.16147906212896
3427,0.31176602823025945
3428,55.03686293321861
3429,49.083117221281455
3430,20.612726354180694
3431,34.380879617904235
3432,45.11018802491121
3433,56.93080190510085
3434,66.0340476205087
3435,0.6889319842994794
3436,45.01428923317167
3437,50.634751435113714
3438,51.31295616283208
3439,44.432690902675134
3440,41.4596558591989
3441,46.10360293331608
3442,27.935830572745672
3443,42.352829478759894
3444,2.710578661373283
3445,33.68144632135748
3446,30.552346858707256
3447,58.92698380976752
3448,2.2656849677617856
3449,22.527026110118104
3450,48.0539980892037
3451,30.612409632428946
3452,0.45275301774648113
3453,46.43586688202335
3454,47.07113883875405
3455,11.513443528663483
3456,-0.7773316777400012
3457,60.81663792997878
3458,55.413483120664004
3459,33.50043878711586
3460,-0.22968333083601777
3461,0.5788548663739661
3462,24.547512342114246
3463,15.217189710856754
3464,53.51691793041039
3465,47.45557436500356
3466,42.39068314889842
3467,28.77746717128656
3468,0.6987784275409581
3469,64.18660126344714
3470,42.5347448177553
3471,24.196827951476763
3472,42.10357181048567
3473,42.60338755411188
3474,18.09711747406012
3475,44.42802565903274
3476,46.32557566571483
3477,20.3579584844156
3478,45.85973038279578
3479,42.53733175161664
3480,7.73484694574746
3481,54.08562827299481
3482,58.406696551713296
3483,1.9946318488064918
3484,12.461035140472891
3485,57.59435986596776
3486,63.84110777797413
3487,25.237977692840808
3488,19.90408779025625
3489,29.58567033772742
3490,56.613052355173195
3491,30.59815212206943
3492,26.265991048767297
3493,1.9226598039126088
3494,53.156839011079136
3495,51.495547061092594
3496,-0.32599865703801356
3497,18.841264727221102
3498,36.74384907821629
3499,7.008452580544937
3500,57.562191824363154
3501,51.70683802779496
3502,39.74762404932943
3503,5.3646971712550595
3504,25.878146450136583
3505,58.232792646870095
3506,58.046833955617636
3507,-0.19564881714360638
3508,6.060708045019169
3509,32.068256078570165
3510,46.401106599005345
3511,28.382535610018937
3512,0.23482881948942236
3513,-0.1038040031420806
3514,54.480036416547506
3515,53.30000738892464
3516,23.904213360774897
3517,35.18922573253884
3518,20.67552434015817
3519,64.23405125044965
3520,-1.4311910563273358
3521,67.47681439513224
3522,28.402597690752756
3523,45.74743978457546
3524,53.205450252267454
3525,28.55967135132869
3526,59.629548321784995
3527,1.8645339034075477
3528,40.92466973114292
3529,30.646291756442565
3530,2.5605882132480566
3531,47.04915151725811
3532,54.31294711028581
3533,56.53830737961525
3534,47.49691127194838
3535,61.096872337942145
3536,43.25227822957888
3537,14.186830992398132
3538,45.51311360089389
3539,38.30895647402407
3540,0.4931213656875002
3541,49.656483966438635
3542,15.276248076350846
3543,0.7006932537009902
3544,58.91747037430689
3545,14.315498510310988
3546,21.803579305195775
3547,74.3297262494944
3548,36.062584169364015
3549,68.02207181401747
3550,17.89083587813298
3551,42.00398548429668
3552,31.334317186941355
3553,35.49514503381215
3554,17.16860909401161
3555,41.792375812665256
3556,36.30938978504798
3557,0.9480975756009755
3558,49.00680925037412
3559,39.858208954008816
3560,54.74188473214774
3561,0.06608811571628337
3562,21.07844770994288
3563,45.3310866438213
3564,52.07342225399853
3565,53.58550993547868
3566,65.84454903461604
3567,46.109112817282295
3568,63.240101548865255
3569,21.33295372071634
3570,3.9084400469406226
3571,30.612030174309037
3572,44.79267732904534
3573,46.54287826115473
3574,43.300852670357465
3575,3.660836815119623
3576,24.783156746284483
3577,40.09747259444349
3578,18.747435543630466
3579,37.6251547797497
3580,19.82591114345643
3581,0.5893681168471119
3582,39.29773096267398
3583,61.19935210117967
3584,60.60466757364142
3585,15.337221986968942
3586,1.5582841952812672
3587,63.835443638739676
3588,-0.24067251514459542
3589,56.3749849506589
3590,22.386365164382344
3591,1.9387350012006124
3592,39.87759043078141
3593,41.110811724611395
3594,42.26449362463746
3595,50.06338143062226
3596,49.04386342608245
3597,32.80022304527754
3598,-0.5917133984507359
3599,26.571268709607523
3600,23.570727274016676
3601,52.94966500459886
3602,49.57480582803444
3603,64.31289325705694
3604,6.554984392915134
3605,43.50660184110854
3606,44.539483089809046
3607,-0.5624242003566806
3608,24.259550145804173
3609,44.58640888272453
3610,54.35745409369572
3611,21.024170443906886
3612,1.317627260999334
3613,41.334537728934286
3614,2.1651758288406704
3615,56.15020938312613
3616,11.069129804076368
3617,59.78844561269136
3618,51.1002375119652
3619,66.53954998818969
3620,39.58433510916518
3621,41.049534372245894
3622,42.219941351740154
3623,16.25181342160255
3624,-0.38059373549609177
3625,51.13448064262256
3626,16.124139376206735
3627,23.04721241539609
3628,19.802526224032434
3629,2.213515444772355
3630,28.658190766003734
3631,46.84894673760836
3632,23.274127268224337
3633,45.03935477035527
3634,23.01718112345475
3635,26.1966433715773
3636,25.035793667394564
3637,44.66358251219535
3638,60.6007646411735
3639,46.557988713114646
3640,7.532161661049411
3641,23.404518192182262
3642,56.683514258791696
3643,39.786388487929656
3644,48.082324108795625
3645,52.64303448847588
3646,60.351247807523706
3647,19.206320160615967
3648,65.26607809055812
3649,41.010289999019506
3650,20.700618947835977
3651,24.22736541926328
3652,-0.07525408714971604
3653,60.82370072844356
3654,69.89502333785279
3655,45.99773666664355
3656,13.42028474443972
3657,45.028073412627165
3658,50.4129040236606
3659,52.99847061071891
3660,30.499425354011482
3661,31.195465139446767
3662,38.587714213194694
3663,14.984861918095486
3664,43.44671657514201
3665,0.9098977763083909
3666,28.03349868159996
3667,1.1337274605869467
3668,23.812640117371576
3669,40.9790155823687
3670,1.1233752798569654
3671,53.779620964894775
3672,57.50115405527053
3673,54.72870384237226
3674,23.645736352204953
3675,38.52029648213639
3676,3.618392382935898
3677,53.445567524311144
3678,38.18789814188708
3679,44.8566814957576
3680,11.31557370229962
3681,28.809048136974567
3682,18.860032877565708
3683,41.00591498674497
3684,59.0641820579886
3685,71.80299195209119
3686,19.891578908902012
3687,1.2362702971086534
3688,52.30851638322288
3689,59.956434304962556
3690,58.60372223113016
3691,60.810477833254645
3692,60.0578744674432
3693,62.00179775923708
3694,58.331553146258905
3695,50.267970689852675
3696,62.11926915278056
3697,4.287548844173742
3698,2.4700246554437015
3699,45.74349703411194
3700,21.591782611394073
3701,49.92617597340377
3702,28.00166246082191
3703,-0.3655650020236294
3704,18.549172179633857
3705,16.116736831097555
3706,49.50391047789269
3707,19.28342559184255
3708,23.014482790434613
3709,45.01143507641933
3710,56.04599383615106
3711,36.36807174251492
3712,6.47877994627196
3713,-0.7332397491887548
3714,52.60221287227269
3715,1.1663151339372035
3716,27.17379266945181
3717,1.9985970105837225
3718,18.155477546116828
3719,46.645450527298046
3720,38.803081888767565
3721,0.42415174401493516
3722,9.842988662000558
3723,44.19345334119855
3724,46.65870591806954
3725,41.208446640467606
3726,65.18127480233306
3727,56.23068546996099
3728,40.46405014475944
3729,48.47851405582823
3730,24.11123074019289
3731,53.46374096992366
3732,8.968962325643265
3733,22.802382354121143
3734,51.14984655734314
3735,9.822030235690722
3736,-2.526035685018691
3737,41.86299505780792
3738,53.72416213677759
3739,60.46547204972193
3740,47.44339953540573
3741,61.15458629826755
3742,36.79550669995917
3743,44.68484924329181
3744,57.708814857683194
3745,55.18032025988137
3746,31.76724682873585
3747,41.36392512521727
3748,53.54470211203264
3749,49.312252186334305
3750,24.592768259654267
3751,-0.4964511633518853
3752,10.8538861827106
3753,3.2193655433438124
3754,45.54347452893978
3755,55.07546222606861
3756,1.4004382506157071
3757,-3.441624277475256
3758,59.713385220337244
3759,58.45054385737082
3760,34.8618145202321
3761,-0.9071673092242563
3762,30.693523574486523
3763,47.06078533096674
3764,-0.11330985417437489
3765,62.84884909743323
3766,45.78138473261089
3767,15.264289228933858
3768,44.580597431571775
3769,44.382218176926635
3770,5.232593004587102
3771,52.84915553611076
3772,44.17134678086557
3773,26.964714529236833
3774,56.192547550763514
3775,3.8796993757703504
3776,47.410767664367526
3777,0.8429948616156224
3778,26.052126786200095
3779,60.76700734108517
3780,50.59818812211462
3781,24.200047479019567
3782,23.38036864502355
3783,30.761236391613465
3784,26.22188088659048
3785,32.6478526196869
3786,40.70993822905373
3787,24.37230104768288
3788,51.760710215745725
3789,69.80929087072978
3790,40.64456016375594
3791,0.04879931711040797
3792,43.10640647293441
3793,53.80851924333063
3794,47.42879831360851
3795,21.899610160841682
3796,24.618416021767004
3797,47.833450510476936
3798,14.251790416271543
3799,0.7534062999922924
3800,18.097737242218365
3801,46.664649321330295
3802,0.7728809303990545
3803,50.00008212745245
3804,25.601800164630774
3805,42.35960988611706
3806,26.972912241845183
3807,48.490811715123485
3808,41.5151198888852
3809,40.91858342644686
3810,24.39423411853726
3811,0.3539134259704113
3812,1.0287621623284409
3813,43.61846466972875
3814,48.06882601040597
3815,26.142585434766726
3816,51.43902318069532
3817,-0.143201686361472
3818,50.58013471370766
3819,19.147652278333975
3820,48.41368232790738
3821,47.98013222981325
3822,-0.17737240035646096
3823,0.6971419497414928
3824,39.95743561600476
3825,74.92670250644461
3826,1.8144797965500423
3827,21.265452701687366
3828,55.280469268744405
3829,-0.6761862590750383
3830,3.2110480145437457
3831,11.079664119363624
3832,50.58435434158231
3833,2.8966973633867745
3834,1.7825202722328761
3835,1.0558550745185329
3836,38.357716874308515
3837,9.783997065106664
3838,4.729097530943797
3839,64.24026813346015
3840,47.06998219651619
3841,54.21359625286553
3842,52.31521363519062
3843,28.731028500201532
3844,-0.02608887674435323
3845,45.247327093549266
3846,27.914190746947327
3847,60.56736124335205
3848,0.7648311336164326
3849,5.464829313159907
3850,50.437687244056136
3851,-2.744052866831275
3852,25.993338495451724
3853,41.27386630663996
3854,66.88193548229083
3855,23.111007963766077
3856,49.05218224671712
3857,0.7523261264517345
3858,20.882817436522352
3859,4.1592639273281975
3860,63.157140408365194
3861,36.84020078625259
3862,19.371057519824518
3863,52.67876445226965
3864,24.013989305998045
3865,49.771052920628975
3866,46.042352751913924
3867,60.91984779573229
3868,53.80882422194662
3869,56.08755869915446
3870,54.19675131863193
3871,24.722101460717923
3872,23.116823223492105
3873,42.143814989049034
3874,59.73666002078334
3875,37.54796586165311
3876,23.752288901755968
3877,39.87723508162132
3878,44.58072746819789
3879,50.24328363392024
3880,13.105775980524946
3881,48.10858830877896
3882,46.25352951334065
3883,2.7782354519856582
3884,42.79693089342066
3885,22.639760241735168
3886,35.032507045134885
3887,16.09850817698495
3888,65.50957191505543
3889,60.112259343789916
3890,51.986781914546924
3891,58.830104290410304
3892,-1.1626621995685582
3893,80.13796598218894
3894,-0.8215680448035556
3895,43.373242252440235
3896,46.27582622164528
3897,43.5930070269954
3898,0.018240649318464364
3899,3.903794929900087
3900,55.68790922549813
3901,57.524911903722305
3902,0.7943096052083405
3903,63.22722737413429
3904,40.798652381403826
3905,-0.1874771570586944
3906,59.12590332798523
3907,53.11699167912569
3908,26.537925212456177
3909,25.182321847678523
3910,52.29199969633576
3911,47.96773702921725
3912,24.556390383807248
3913,11.593345263548766
3914,57.337110609656186
3915,41.83284359535175
3916,24.871544872636537
3917,29.43858996992641
3918,50.25593190111543
3919,2.539991500219955
3920,43.80874205759833
3921,29.85756568972233
3922,4.316294051845762
3923,-0.7702019305331618
3924,14.685388571024582
3925,20.501998916349816
3926,42.13609940645006
3927,20.07483997416879
3928,68.65030216421847
3929,-2.10878685750194
3930,38.319355972702944
3931,35.50733673478748
3932,47.6109841182498
3933,1.158038450639765
3934,30.120831811148488
3935,43.28453089983262
3936,40.03442401621605
3937,49.725373684195105
3938,45.83036854725344
3939,-0.2126405098039328
3940,42.15045834479478
3941,48.40739688511148
3942,46.87150012566916
3943,23.70067572477912
3944,38.25817982801184
3945,69.3394519384652
3946,3.894848563959382
3947,35.427056150294334
3948,30.545669526580415
3949,15.700633600483854
3950,26.841194626970093
3951,52.883290236574396
3952,5.278634687892602
3953,49.032198412588144
3954,0.05168986317990942
3955,55.09045838191983
3956,42.584812452083156
3957,75.67962519240623
3958,-0.809210858594092
3959,45.816687737430655
3960,49.18314727170335
3961,46.917739498380826
3962,20.222687983497536
3963,65.65889488956122
3964,0.1554167722526003
3965,26.193737244868405
3966,29.587145020042144
3967,43.82712592368395
3968,48.7196836244503
3969,62.400584663890406
3970,47.78318700002373
3971,29.24916651008666
3972,46.649926456872464
3973,31.217433476870045
3974,47.76956220945874
3975,27.21426581519578
3976,41.66465644751409
3977,17.872145632957107
3978,42.89334643802411
3979,54.226784625212225
3980,29.962141438666364
3981,31.741043635955066
3982,16.016700765114162
3983,37.017333630087485
3984,9.879514239312353
3985,20.839873778157163
3986,50.66345558215771
3987,32.02967944909287
3988,2.158995881430517
3989,0.249458370717484
3990,39.71631762150749
3991,26.238910187649772
3992,22.30971021361041
3993,-1.4258723508719058
3994,68.29452339692317
3995,11.873821781793033
3996,48.74904259859667
3997,7.431117971780115
3998,2.312663437496564
3999,59.56581283156052
4000,0.35052379216519824
4001,43.41135123494221
4002,49.297939507683985
4003,10.279789236393963
4004,12.712461219429379
4005,47.27223433440393
4006,25.53886862414103
4007,46.54026805314594
4008,47.49767425848632
4009,51.67446862652292
4010,12.985544355238108
4011,20.10436914785005
4012,23.308549311840718
4013,8.269175553720132
4014,57.9347059574783
4015,46.24108284842489
4016,26.095078081887632
4017,20.482331303269238
4018,0.969287710578314
4019,59.519390445860495
4020,42.540930369861485
4021,56.975885985235564
4022,43.85763046334094
4023,36.60131053416761
4024,40.516396379013614
4025,20.725721195760933
4026,20.080223233640773
4027,56.21398358615476
4028,21.133290036687583
4029,1.0105625633052284
4030,38.34330051949995
4031,58.481459054400055
4032,31.27821970642454
4033,24.741066667852202
4034,-2.508289726131075
4035,22.557353526290576
4036,34.30935932961954
4037,46.26982640678443
4038,1.6874651166846277
4039,47.08005148646887
4040,14.95152350288301
4041,45.93340138027683
4042,17.77965142053101
4043,24.4902798102897
4044,61.97720335920544
4045,56.45109269037393
4046,27.332168191190593
4047,41.91601715282077
4048,36.14716567988458
4049,39.68784909743044
4050,43.92599848273787
4051,43.46465633499025
4052,23.259908635763946
4053,24.5906173933367
4054,30.197025841824942
4055,14.267821702792379
4056,0.8055661206690701
4057,40.791942670876274
4058,21.326482447699455
4059,64.48351493829924
4060,23.7265156519361
4061,44.97259183121401
4062,30.91436513872093
4063,0.08498873060359813
4064,37.61097564897605
4065,28.98712603653537
4066,33.77611181938711
4067,12.59868558680743
4068,51.05246447148055
4069,31.281429419380718
4070,38.933067133905666
4071,33.58044553845947
4072,12.42129796947896
4073,29.21136028604413
4074,5.907038431052705
4075,29.106913726039977
4076,38.584974398178865
4077,73.86407818845811
4078,21.935862370444454
4079,29.31783719362197
4080,66.83098071373908
4081,39.20775607823448
4082,41.911689072956435
4083,48.125581585540104
4084,33.48708797851038
4085,43.90703009474244
4086,60.76765253589956
4087,-0.8231202433307985
4088,48.132983399093966
4089,21.707110002886736
4090,32.22053119249504
4091,44.432047733178514
4092,38.143251217910084
4093,44.78111284052392
4094,23.261525011353125
4095,1.4983169803824552
4096,35.0397618295438
4097,-0.010732212236455041
4098,2.077062123946874
4099,48.03874092414961
4100,26.149906372131873
4101,10.871779968066996
4102,41.22739494317353
4103,40.153114778825675
4104,21.05032895306205
4105,45.26072506311127
4106,33.40775612310766
4107,28.671280011700045
4108,61.27406793874519
4109,37.621200378080474
4110,-0.49823944539118514
4111,45.25416025932571
4112,1.1586861859606472
4113,30.806009041263682
4114,0.275648868221694
4115,37.93280881309491
4116,43.742386276167736
4117,42.57111226640587
4118,45.71379688860773
4119,-0.2947165119674864
4120,32.80184584908938
4121,23.857421479924383
4122,15.04640209823187
4123,14.806253585069385
4124,42.86294115012092
4125,70.60080623587976
4126,1.2457035711716955
4127,51.992524474043265
4128,60.505593848081816
4129,41.00152540695528
4130,1.3265322189521669
4131,40.227514534499164
4132,56.995489489669495
4133,45.11293600965331
4134,9.505627722157776
4135,20.371770474184316
4136,40.74862455552163
4137,1.2126362314900305
4138,69.33170615690689
4139,63.96848466507147
4140,44.46742903212422
4141,45.18838428703499
4142,54.64620568347344
4143,11.824765884573804
4144,62.94022122940733
4145,1.707265780080185
4146,2.3501723364221654
4147,43.47902553020697
4148,1.0095192140666072
4149,48.34335851072801
4150,31.95326841679475
4151,43.715124682006056
4152,31.111258320230196
4153,62.81632016272291
4154,46.15749259678355
4155,-0.4601182336773135
4156,46.992161581691306
4157,33.01312725111534
4158,56.3457718540047
4159,41.57710193118079
4160,23.184983200549805
4161,1.5071410780810268
4162,52.43673489392563
4163,54.2303107674348
4164,24.711664637981315
4165,0.35701286976546953
4166,20.145573003940996
4167,9.637661125253967
4168,0.6446084155586576
4169,24.430530186463766
4170,19.339189313650436
4171,4.417673392181811
4172,57.17018145215798
4173,-1.806061759279622
4174,47.4913771313674
4175,43.54310701333114
4176,44.8111911570416
4177,41.4990266017532
4178,20.268770390858087
4179,35.20756891109782
4180,36.095433231013615
4181,39.72929238814423
4182,12.147764468230928
4183,4.90886310120338
4184,24.17431623913444
4185,8.11131711682556
4186,39.07383530610444
4187,0.5010054748934252
4188,45.81929079943336
4189,4.385070476047215
4190,13.55972754528958
4191,3.6309859048272592
4192,0.10631386664641695
4193,26.363717884671598
4194,-0.11966188362157482
4195,0.6602082883097466
4196,2.4815751099133507
4197,39.615270704355844
4198,20.66121295241814
4199,55.393066418844754
4200,56.266973018235
4201,46.10978958889895
4202,44.18815376641825
4203,26.59427574069162
4204,43.60629931406641
4205,31.43170689137567
4206,-0.6477905554676155
4207,21.813184836919135
4208,59.42782187063095
4209,63.73471523822956
4210,49.45150665064187
4211,41.00565401304422
4212,56.50242758059258
4213,13.529617770248198
4214,41.263457413869524
4215,36.078015872709614
4216,32.15334533828898
4217,44.82935390125049
4218,16.6137850969842
4219,52.398055246593586
4220,29.948713765331814
4221,23.87076206646561
4222,60.766756335088445
4223,13.911087725351912
4224,12.614295812087096
4225,42.15396655268
4226,40.07151080575825
4227,50.10799290121035
4228,42.9799110231483
4229,0.2213536244125649
4230,52.26060264898001
4231,-0.7398470666834385
4232,23.013413405891132
4233,28.264181064475704
4234,0.20621078913512747
4235,21.857444795272155
4236,59.42410848847783
4237,2.7866989650163063
4238,31.52253668479907
4239,43.10910338962779
4240,18.07502691945075
4241,42.20142291022246
4242,12.445989395020526
4243,15.989427198522591
4244,46.20628731771359
4245,48.62185892831762
4246,42.026390708494056
4247,48.87362129060111
4248,26.491247671023842
4249,14.966206071725505
4250,44.0826039122628
4251,37.17033634385746
4252,39.91384455427924
4253,51.97466123626759
4254,1.4567725108859229
4255,51.72111083397783
4256,18.82158387711184
4257,22.155311046013328
4258,21.657815020452524
4259,14.799805316208023
4260,59.50561368603421
4261,45.28316430437647
4262,53.67723900846012
4263,45.80395575406757
4264,24.037621203163255
4265,56.901003380927115
4266,43.17855729387805
4267,61.35627797588026
4268,32.71891008253743
4269,51.3212623361657
4270,69.35139456364186
4271,32.834693457287386
4272,48.464708239817206
4273,47.08929214540049
4274,12.522241172881223
4275,28.20320901349445
4276,35.17157937310267
4277,23.834306779143454
4278,74.1235413284999
4279,50.39246443376685
4280,44.1860145309264
4281,-0.21413032571530977
4282,28.539390833895077
4283,0.8565670742315774
4284,49.68788250854281
4285,2.9692891138309
4286,53.10709882147407
4287,0.4327714638333333
4288,51.501622933299444
4289,54.8524969399602
4290,17.879404156313342
4291,0.040900456764241255
4292,28.89804046213773
4293,9.59956650367241
4294,47.36946204724135
4295,64.2013179948908
4296,28.295593976638678
4297,73.8809752577271
4298,58.30936987554622
4299,30.059375960557862
4300,43.920718420135444
4301,47.457895509018755
4302,50.594820744809795
4303,55.593768057386725
4304,43.57935707843359
4305,22.186591307785317
4306,31.92740652855991
4307,18.51352539358527
4308,1.1753930062704896
4309,-0.20513792776930728
4310,54.00986132503962
4311,60.2049920987738
4312,1.9855208912860043
4313,46.22801288874726
4314,27.85476507491586
4315,-0.19330050938300758
4316,36.54168040765142
4317,23.07696193106259
4318,27.327374013706496
4319,-0.6230245050721734
4320,23.14043393764617
4321,46.489812190279174
4322,0.6721965083469499
4323,40.58930139099396
4324,17.892008099539567
4325,55.73001269231919
4326,-2.887007955877614
4327,1.2293299160383668
4328,42.31598037717528
4329,48.64526156880174
4330,23.59842676185412
4331,46.15556472654043
4332,23.304246549904597
4333,20.900882006229416
4334,41.279774126080085
4335,73.13214730402896
4336,-1.4948763616807526
4337,40.35632707821016
4338,33.05342187121478
4339,47.86118179191962
4340,2.021951873635711
4341,46.475110703742786
4342,47.954711998696055
4343,33.00486102271605
4344,57.04809915636178
4345,43.328410385845096
4346,20.28957713205918
4347,1.203441488758358
4348,52.4843267625578
4349,25.76688420903895
4350,24.37207139572174
4351,64.70148340225191
4352,55.22021644073284
4353,41.49885857190603
4354,39.918090010359045
4355,40.51791072010229
4356,24.602236277151867
4357,27.040756825104456
4358,68.05318953037397
4359,20.391780153017887
4360,50.403072620183686
4361,50.55131320262004
4362,39.64574882297321
4363,3.5726398138366093
4364,45.285752524377955
4365,28.442255566777106
4366,52.21416494983826
4367,50.950525743187555
4368,24.82464483910058
4369,-0.8740351531542743
4370,0.9996031146935067
4371,36.091558261110904
4372,-1.2944308351392593
4373,19.063729780834947
4374,45.74176778463406
4375,51.42096174048221
4376,23.222237851570323
4377,2.476350712052337
4378,56.62529974107874
4379,52.22101986833648
4380,44.83048772769861
4381,-1.7230058725749515
4382,36.408281949294604
4383,54.083799631259346
4384,13.02731128905457
4385,48.434273774191226
4386,57.035962405330665
4387,47.6179112754821
4388,40.57981847128786
4389,68.4714545782475
4390,0.732157105569577
4391,1.1985275737090504
4392,21.46115222558418
4393,24.12113257724443
4394,45.386131261850764
4395,63.684532556556576
4396,1.3392190948029068
4397,17.81671759528944
4398,17.96506666319084
4399,24.02587552186551
4400,19.832032381728148
4401,39.03532630730842
4402,64.88904781569482
4403,52.39530448331007
4404,47.25458375519797
4405,-0.23858252921218792
4406,-1.0280353055288813
4407,1.7391838290801616
4408,55.483300795286105
4409,13.925449186877547
4410,62.03711500462773
4411,57.792544205537524
4412,29.846118651274406
4413,10.860982982869718
4414,51.18757530144835
4415,42.78340431678995
4416,21.978159208108835
4417,1.6095913967938174
4418,44.5016677816856
4419,41.95741134395445
4420,59.145254413966136
4421,33.49534986810656
4422,59.35450180934022
4423,0.3196047361012617
4424,43.93137554251353
4425,2.2024001677383254
4426,49.52085558052451
4427,23.3219768763144
4428,58.49942606713847
4429,40.72685330628178
4430,58.55619333891154
4431,41.99811694028073
4432,45.46824487071425
4433,33.629482872055064
4434,46.06246464861313
4435,23.776796448097635
4436,46.0898402060842
4437,0.5047298707162184
4438,32.48494630253651
4439,34.34559424449578
4440,33.292465502917516
4441,66.64259663692926
4442,47.395130866188744
4443,-0.731693109989827
4444,44.47975316434951
4445,0.4036380738626093
4446,29.628147121274477
4447,-0.6613618334798232
4448,70.99395773369756
4449,28.478640216286543
4450,50.7198065618343
4451,54.26409434564281
4452,50.27239420970963
4453,57.64490657042393
4454,61.17555507941559
4455,0.008512412339001685
4456,1.2421449781954976
4457,15.435447581203256
4458,31.228018888350928
4459,17.073815483911282
4460,1.0739754576461849
4461,52.61221098063335
4462,44.381833659857875
4463,42.28700733415849
4464,23.705110739011968
4465,23.50999650827434
4466,42.678477557007966
4467,24.186662279847916
4468,46.819363236123046
4469,51.93527824247671
4470,50.84091187834978
4471,54.46934258696493
4472,31.791490105721426
4473,0.8295472592999289
4474,21.986602328672706
4475,34.727269071154446
4476,0.28974168427853186
4477,41.61164953366106
4478,62.415962651778486
4479,30.403746101447624
4480,68.6416170632759
4481,44.47593402022151
4482,60.038204532346995
4483,57.31955529586703
4484,58.991228859488416
4485,17.68908349041939
4486,23.53912090945277
4487,13.928860056468555
4488,53.83834131074935
4489,7.960093690952167
4490,47.54326945912957
4491,34.30736984654861
4492,20.951350329778347
4493,22.33936540612392
4494,15.003664054014493
4495,48.61247314131411
4496,4.23950514197891
4497,12.286803128259468
4498,22.223026161152347
4499,41.06933772300899
4500,0.5612846459524619
4501,54.46121297576133
4502,11.692953357291426
4503,13.46777991920975
4504,2.3203131450902035
4505,46.00357310373116
4506,2.538890642311852
4507,35.61574774404337
4508,47.962327181582594
4509,33.22913987114856
4510,49.02860573522608
4511,42.404703878129155
4512,53.386290582546934
4513,23.92057727447434
4514,45.214250920879664
4515,43.73050663141835
4516,46.506535066145744
4517,39.102886667639915
4518,27.546862206062915
4519,54.52315231259401
4520,17.68788805848949
4521,49.225794001655515
4522,15.626066937513492
4523,71.17051183955579
4524,44.90248260496191
4525,62.6832369823439
4526,51.90236530869922
4527,45.24705312012395
4528,0.415005981399716
4529,55.46621207132485
4530,1.1879986934682165
4531,15.939217840120175
4532,27.72071232288095
4533,45.429688026004506
4534,25.58250348036542
4535,33.07780025254644
4536,44.57118333907208
4537,48.1212590300595
4538,12.076380470049266
4539,39.21223350513489
4540,22.017538727655275
4541,22.105925608670034
4542,51.811257525262704
4543,19.020139376293375
4544,21.27236598426439
4545,50.570059608141726
4546,51.21505642430354
4547,60.555236358018576
4548,46.02084142751404
4549,40.450732737515985
4550,42.97651759616893
4551,27.49479726876647
4552,29.98571602550213
4553,68.28835973074706
4554,49.44525802184022
4555,40.55947362701777
4556,3.774623781590101
4557,54.06429040190501
4558,57.5842101810223
4559,2.6916877702120914
4560,19.683699286591057
4561,46.1555156754319
4562,41.69526384677786
4563,53.997956143579465
4564,22.90980726019485
4565,5.12757157997223
4566,47.5067660304293
4567,21.29907111802036
4568,-0.3399575594440378
4569,23.411799590106583
4570,14.772697564204169
4571,0.6669427439808757
4572,2.678791983931447
4573,1.8495109813521573
4574,50.135130333877996
4575,67.87846333622065
4576,46.65221315559098
4577,43.45412814216507
4578,46.07655425517052
4579,0.2518257589156576
4580,-0.28132193202555555
4581,60.29285629139304
4582,25.103762897021426
4583,28.604752514149226
4584,43.14742436679919
4585,53.46617317161997
4586,1.8906596080676614
4587,-1.3923047372778043
4588,1.1906494940865286
4589,42.24705614622723
4590,6.1533540174296775
4591,38.4440049305059
4592,23.992724938184523
4593,14.715178896143428
4594,44.484924118777045
4595,0.5856434476324992
4596,50.860732623370225
4597,46.5729582990806
4598,0.14875420166838182
4599,54.888666528779765
4600,47.89888078730514
4601,61.698705467412665
4602,0.7999212003925606
4603,18.06501634665254
4604,40.849991555568366
4605,13.397718295581754
4606,8.955334762227768
4607,48.922986510747336
4608,55.158762545637984
4609,19.18852447222356
4610,30.346862533486192
4611,62.63272213868326
4612,48.52206514258417
4613,-1.0618745454951437
4614,0.3743803217032564
4615,10.995666904082842
4616,29.593700908991302
4617,28.178811535158566
4618,23.005272941442925
4619,4.9342827218623775
4620,3.20478430264545
4621,27.672887146515237
4622,26.81467424878839
4623,23.001132251659342
4624,0.2056210514531358
4625,26.7603426341751
4626,59.82765167181472
4627,1.9135725896885276
4628,1.4727400301366274
4629,52.92546920556578
4630,62.669615385738766
4631,70.42571633929344
4632,22.540711662918056
4633,13.02795467558201
4634,45.83995750535577
4635,46.45863216168161
4636,11.526662849592988
4637,63.885107561744505
4638,-2.138324994478623
4639,22.322036812408484
4640,23.908700773994617
4641,5.8396586641377155
4642,46.984577411016936
4643,16.563744240485534
4644,0.5842075536220293
4645,-1.3641036024115962
4646,22.983828199016344
4647,42.653839417814524
4648,53.78659272729057
4649,32.09500372524579
4650,27.740359771536404
4651,51.94245648493599
4652,52.53600585588012
4653,58.64912096805821
4654,27.134704005518014
4655,0.8132783351101125
4656,-0.05752981550763536
4657,54.99524307070088
4658,30.984424573591877
4659,20.474803930955524
4660,0.6329812412020104
4661,19.28590672749299
4662,1.9063810213758998
4663,47.012508703105695
4664,2.8069514661788872
4665,60.26750715403398
4666,17.436014500434347
4667,66.00936833588146
4668,33.38677958036777
4669,45.30899672129829
4670,0.2666677541079281
4671,0.6907361673787804
4672,42.99798726406136
4673,51.473748693243515
4674,31.900526431484394
4675,68.44839660204109
4676,2.468940294126263
4677,43.70608685369561
4678,41.16311931630129
4679,40.51668793320225
4680,62.80962403533785
4681,54.03045428008704
4682,57.25792808430299
4683,74.92615786544135
4684,15.547717310230869
4685,30.458784253959337
4686,45.225505097896544
4687,27.609245777863574
4688,53.77767473402547
4689,54.812296516190116
4690,46.508211117804194
4691,71.64509107700741
4692,32.0527396819218
4693,2.0934437723681043
4694,38.37896715104681
4695,41.89055927040083
4696,2.066243380261131
4697,-0.8838111185326412
4698,23.448579977862934
4699,41.605733657399966
4700,22.858214122826634
4701,32.472549434218266
4702,66.24479520511818
4703,11.985960561766827
4704,27.545494855366066
4705,-0.48059005826178947
4706,42.78212849116406
4707,46.406289323131304
4708,38.70733540567163
4709,23.260883317339186
4710,46.31421967937068
4711,45.320418378511086
4712,64.60372245123244
4713,1.2800764912826814
4714,54.253717466034644
4715,54.99951019878783
4716,42.9983030373602
4717,40.06919022062463
4718,46.881027871626515
4719,0.7561452710675169
4720,48.20525321396421
4721,31.36139121960242
4722,30.131030617914817
4723,46.41511654637932
4724,52.012534152941946
4725,26.308438482940556
4726,11.701019864005438
4727,41.69791025518385
4728,25.294246270743464
4729,60.92338512912166
4730,3.226221951016651
4731,21.58863431368689
4732,43.35602732016378
4733,48.66258662850802
4734,41.54485769402531
4735,23.30723854812466
4736,52.727323762096155
4737,19.300920746885755
4738,14.092958518274898
4739,57.70183708203996
4740,8.717282474326645
4741,-1.6694986212729717
4742,51.0238379650096
4743,47.17620164082725
4744,2.2847603811278177
4745,53.91627160654629
4746,61.29775668686994
4747,0.3050756649528452
4748,34.96237734205561
4749,32.51471201881149
4750,40.16535592889446
4751,48.155753443924034
4752,0.1831093493223932
4753,68.83927573389286
4754,53.81496401524731
4755,22.655970787099882
4756,2.274747080362552
4757,43.68736116982027
4758,5.655657812286272
4759,0.7482623585482386
4760,47.30152313260067
4761,20.344905980201737
4762,61.895837441626796
4763,42.564633853999865
4764,14.336947663549175
4765,19.679803287540395
4766,17.857950830074586
4767,33.57923030424858
4768,31.303009764938377
4769,2.3391814484402857
4770,48.36427602979055
4771,42.6687006948778
4772,12.97367319068444
4773,37.23176693784858
4774,58.63093570435807
4775,42.91681646962191
4776,14.143081371259488
4777,25.355376904843524
4778,43.93751518443663
4779,10.529951659890994
4780,30.353584874804568
4781,26.730364654310968
4782,59.95539310301501
4783,4.123993410608733
4784,40.184132538195946
4785,55.39603999658458
4786,55.1394814903213
4787,42.72969515102312
4788,48.8614760052607
4789,-0.20407371577196187
4790,35.838646431050115
4791,23.896708736414226
4792,38.866921766106195
4793,21.692930117872855
4794,34.00429716136926
4795,23.802754035003893
4796,23.5231064333985
4797,26.1962458275354
4798,1.20294025497099
4799,32.56111568955448
4800,56.39751875211555
4801,23.502001289797256
4802,46.02204986827045
4803,52.13407372173262
4804,29.221132852020936
4805,51.84154698655752
4806,59.83935218612007
4807,41.00211534967357
4808,74.1628422099701
4809,43.702486696947915
4810,21.754980201004972
4811,51.00007557500056
4812,18.874376626139707
4813,67.34218711809444
4814,-0.007543223011069244
4815,24.86001817943257
4816,21.12333848155319
4817,1.2583064109250444
4818,-0.061511542261150964
4819,45.7104855590316
4820,24.07581616680681
4821,60.943771372473435
4822,62.47562775139913
4823,24.770627320230425
4824,39.572820666434716
4825,28.90161064969846
4826,59.33258954064131
4827,25.19826984788265
4828,2.059187968100037
4829,12.988789735194185
4830,44.73709824102759
4831,1.110047590448815
4832,54.137194600744465
4833,0.5332622804411216
4834,48.33680196305267
4835,53.08246586941308
4836,30.076816410647403
4837,44.31134632021091
4838,23.109749501447098
4839,16.796702634332735
4840,56.8372449440279
4841,46.1403119024427
4842,58.45375734312941
4843,50.23928784413029
4844,15.245817626494532
4845,4.144636867390741
4846,22.850326807817687
4847,30.711484436630414
4848,-0.0674394136482448
4849,24.8744869195329
4850,68.51914216767105
4851,33.04788970893543
4852,60.01620385270978
4853,60.76333719965857
4854,68.67222275393743
4855,41.05953548625898
4856,39.89653287507142
4857,0.6478371751628842
4858,46.324078146526915
4859,36.66139140242561
4860,27.397517446846805
4861,37.80981961746917
4862,34.82215534993333
4863,42.63934192171739
4864,72.28068031193575
4865,57.23895136350798
4866,23.857646490718253
4867,5.563541861675073
4868,38.61346084885276
4869,47.265711970700934
4870,45.511161835203175
4871,60.96135811088358
4872,32.59171958379617
4873,27.649797609474213
4874,53.051535714099344
4875,54.77363774667914
4876,24.39735262186696
4877,27.92038782730233
4878,50.808859269379795
4879,33.62445928860836
4880,38.98980312890754
4881,41.597546664572434
4882,33.79309550784448
4883,42.835553037955165
4884,49.53124850927472
4885,8.828532447984355
4886,18.947477390288242
4887,36.1423457094471
4888,33.95233248569686
4889,34.579539133353975
4890,13.227659052608416
4891,54.50199651037754
4892,31.37633788128894
4893,17.862355108444003
4894,35.8924861750118
4895,24.186323035259036
4896,43.54334610483062
4897,7.254297170394462
4898,1.171147132706885
4899,0.7854892156084858
4900,43.00140382142304
4901,45.737932224622874
4902,55.13921091465089
4903,29.461989073857932
4904,25.10965060146728
4905,30.44937039348596
4906,38.943361148779005
4907,43.37754720873973
4908,44.78300038273134
4909,25.580655933355533
4910,13.866010130665039
4911,63.922988421282746
4912,35.7600612539917
4913,53.31687867007556
4914,55.67781726916196
4915,0.2899720965881798
4916,4.9977641049633625
4917,6.062787745512267
4918,54.43016660443379
4919,43.19046372305636
4920,22.685786664376565
4921,56.59456635485061
4922,7.250893116275506
4923,24.56967288680014
4924,25.095649091161675
4925,16.003860467158187
4926,1.4238193949809919
4927,24.543523978320145
4928,45.73967908302474
4929,24.61204119884977
4930,34.32287855547855
4931,3.8429054751772043
4932,18.952665667166034
4933,46.264735364621636
4934,11.223981699140722
4935,23.217309965571722
4936,18.69859357164193
4937,22.642875161178658
4938,39.51300416528693
4939,35.8690625827838
4940,13.358281666277115
4941,23.381355855159256
4942,59.9001254345191
4943,9.237596286066125
4944,1.7509653382647947
4945,49.786349435682936
4946,22.650988052757135
4947,41.34230581715327
4948,15.239161875566023
4949,9.312567086342149
4950,25.807330965329044
4951,50.525430391304184
4952,33.6215836813747
4953,46.70253024164312
4954,62.37932496704582
4955,28.670870236381745
4956,16.339664056485265
4957,36.293126029520565
4958,1.5903880067359246
4959,22.886697222881704
4960,58.97857909070834
4961,47.3709545112379
4962,1.0909655764543729
4963,20.761210034764375
4964,55.674844326520386
4965,14.179914533294571
4966,58.03155467619045
4967,39.13342316052322
4968,31.950868377268307
4969,54.36340474940862
4970,38.11218089959486
4971,55.15980164975501
4972,75.04997386797388
4973,65.51772191746069
4974,26.95528247573783
4975,44.17617389859537
4976,51.530536361128505
4977,24.668328724302803
4978,6.360535095690537
4979,27.54128228920632
4980,22.35767795459943
4981,21.300202972774077
4982,-3.2790663329254173
4983,62.26935090721179
4984,24.512066910194605
4985,26.850107394001217
4986,31.065882862445882
4987,33.12179436133841
4988,49.46317665197848
4989,6.200011195952868
4990,55.28560380637677
4991,28.082793200671116
4992,63.496274783590664
4993,40.233612775181314
4994,61.52218162496209
4995,22.412948025070257
4996,17.06320419737935
4997,15.28340243559348
4998,22.55722882879473
4999,8.437035718917507
5000,53.87496032820137
5001,62.14983601591262
5002,50.97571746535783
5003,22.211714273449214
5004,-0.7124072571339539
5005,0.6556020885340956
5006,33.683296008274816
5007,33.2309273667175
5008,44.58842366756353
5009,24.076768383459488
5010,47.26149596068716
5011,9.962151535534481
5012,44.08904330065789
5013,2.4773634192787597
5014,41.03549632562977
5015,2.8001955928393407
5016,38.324439724629876
5017,53.251829624935766
5018,57.337906026870144
5019,48.573573122008284
5020,0.8736681365418235
5021,22.228763366443147
5022,10.519056234435528
5023,44.540422155870615
5024,0.7724813905809356
5025,44.770982089918014
5026,43.40998244402407
5027,49.183702868191325
5028,36.98505857152594
5029,60.69978968987101
5030,14.104441123188646
5031,1.6740225931700117
5032,47.3768487975516
5033,25.960299319081198
5034,55.10690189630267
5035,-1.0025725942466153
5036,43.93686446877091
5037,55.50579676639602
5038,13.206493698603484
5039,2.3521280792576853
5040,52.100525259765845
5041,55.32932154278454
5042,12.971795477899605
5043,23.74129183490004
5044,23.187880367585436
5045,50.95655113264334
5046,37.80444498233044
5047,20.663561528024307
5048,-0.006563715361700417
5049,22.875250746676976
5050,32.821904265987946
5051,19.085758570964995
5052,8.713373811440054
5053,4.626505242126868
5054,23.044976780487673
5055,0.6539282752147315
5056,-0.8675838710798729
5057,44.96281221566002
5058,46.22314110605643
5059,46.89572335838158
5060,7.7696358976537105
5061,52.308124687289535
5062,60.099990335445
5063,31.60515045461053
5064,60.35950434827893
5065,64.0373722466822
5066,-0.2719002532814372
5067,0.08858239165078885
5068,2.4504651866952045
5069,0.8461222574123255
5070,26.965332913317223
5071,43.39358789722876
5072,3.254756111562184
5073,21.52170752818717
5074,2.38351580776839
5075,65.0772211811323
5076,71.03600489042817
5077,51.93752721111251
5078,15.92949966135905
5079,2.1039463471394484
5080,2.319018509730906
5081,50.6143009680835
5082,46.0500122269502
5083,53.39539428860756
5084,41.17668790098064
5085,13.777732519417231
5086,78.61167914446997
5087,33.9551524134822
5088,41.203602064788996
5089,27.323911199416116
5090,3.560020698008657
5091,39.56351936954802
5092,55.12122105743797
5093,5.112347700091867
5094,47.449139626851135
5095,28.241302141226033
5096,28.927008264407803
5097,18.644745078251
5098,18.750554870672694
5099,25.17502452195288
5100,59.84000261797111
5101,0.6048835682398135
5102,42.42194192550765
5103,49.05260119779594
5104,41.536141715751874
5105,57.62099760248049
5106,2.9276862637390018
5107,36.70373552803632
5108,9.945744371437247
5109,12.597523276979032
5110,53.88393718199477
5111,28.570168142413948
5112,65.28313122705036
5113,22.156080621636455
5114,-0.08801258099116893
5115,31.54679217719588
5116,46.93353268593634
5117,1.656039541013822
5118,42.01952794262904
5119,49.78827921492915
5120,43.91608356133452
5121,49.41539735215669
5122,34.91164352490068
5123,32.230686845802474
5124,6.437772205704835
5125,23.471498106484482
5126,18.76789911174853
5127,42.24669878192965
5128,55.150874647711845
5129,24.859882143182666
5130,48.49794437526901
5131,18.242916573967186
5132,0.20812680236607406
5133,56.351948867994906
5134,21.27216456238997
5135,49.65821542301504
5136,1.829721658101107
5137,51.27185051925342
5138,22.781462235118216
5139,67.11929275405078
5140,19.756161761481174
5141,27.391279103887495
5142,21.41724380828042
5143,-0.2749441394830825
5144,10.958682811555036
5145,57.48299628647779
5146,26.581873997995345
5147,69.3805506823345
5148,33.560541904881234
5149,50.936280358402286
5150,-0.009357866364169354
5151,30.427754310474683
5152,10.324388453021257
5153,35.59424154927974
5154,42.93693428184451
5155,22.68395962892221
5156,30.755211147958057
5157,21.781047839529208
5158,38.75927622707984
5159,19.40385490273961
5160,0.2067441326246282
5161,21.40303505647411
5162,23.490539875090718
5163,50.50168428303529
5164,48.42283369559991
5165,42.4369316014764
5166,-0.8647132494200207
5167,50.745284302080705
5168,41.850471025664476
5169,7.568404365339902
5170,45.45531121075545
5171,61.27269828804269
5172,-0.3933872971714436
5173,57.47728266737559
5174,28.14473732394616
5175,45.87044161668322
5176,9.241093392020204
5177,47.499595609997655
5178,-0.8665082628345644
5179,14.948758997775986
5180,52.11542685341034
5181,17.87835869682439
5182,49.4995686008202
5183,46.030169916159636
5184,4.271146299629791
5185,14.713640401572288
5186,55.8648592485874
5187,25.197323305933274
5188,43.385909469120605
5189,3.3793539827477197
5190,2.064859959462108
5191,0.30840349088697394
5192,28.38878930612201
5193,36.80387612038526
5194,30.318225704815376
5195,61.150208612045006
5196,44.561087133424934
5197,46.36242410631505
5198,1.1500708602506506
5199,47.54238983088578
5200,36.25122783269471
5201,63.79053548253395
5202,57.638781001615925
5203,60.20651914042962
5204,41.912688927503304
5205,71.15239755392665
5206,-1.968549329408063
5207,50.69579203807261
5208,25.746959035355015
5209,45.60019377998809
5210,44.93792377760982
5211,0.1558208034885169
5212,28.025542761667143
5213,14.879314805126114
5214,0.6643962347023304
5215,53.6220589346311
5216,15.593490612837357
5217,59.41401818130963
5218,44.54518702560234
5219,52.23056685494366
5220,30.981822062422076
5221,57.72215083570842
5222,21.46085047340521
5223,9.844689543449338
5224,49.94544949908587
5225,0.551098471772903
5226,39.18512914895098
5227,0.024065626201725365
5228,44.09031718417615
5229,-2.3327999103749733
5230,-0.4035759420666736
5231,49.98100146592057
5232,46.3868327762053
5233,17.321277538364512
5234,22.344860044497224
5235,49.93278668054196
5236,39.22782360433608
5237,47.22683773750471
5238,79.76719247103408
5239,31.83832081901322
5240,27.80234762032444
5241,58.84329496380737
5242,53.67998685139511
5243,5.489386082697862
5244,21.48275838871487
5245,19.687745204738818
5246,52.871178630529144
5247,27.156029519249195
5248,30.18167612915569
5249,35.686055941971205
5250,28.778517248373554
5251,44.84532176992914
5252,28.37680677729045
5253,55.22376129611088
5254,43.24166674722713
5255,16.79222490626171
5256,1.0146731910233626
5257,12.907450403156954
5258,14.881838888133807
5259,17.79489570662676
5260,7.709965758601932
5261,1.2944320501056445
5262,31.87972242452769
5263,1.9339601752219089
5264,2.6257338639569525
5265,16.050150115859015
5266,54.66765634136624
5267,0.5575982904991648
5268,54.36143025562488
5269,23.871321774037636
5270,50.42489055705029
5271,46.93902292007829
5272,68.75854398702205
5273,41.43280490972562
5274,25.623568954910436
5275,27.267892316867812
5276,64.41862279709873
5277,62.97362056175578
5278,52.25790939610994
5279,49.12446479442788
5280,8.196336976501094
5281,45.676709884640594
5282,-0.8200540117753548
5283,68.03388526221445
5284,13.782870405433652
5285,44.828932481424076
5286,-1.18267066941727
5287,10.373238822850201
5288,58.604289197881684
5289,32.47724333816451
5290,22.359063955483194
5291,23.252270997158252
5292,25.94704494593268
5293,48.19249242447209
5294,1.0429832710653102
5295,-0.3335797477435989
5296,46.963921517934295
5297,46.600251565590746
5298,21.127726386589675
5299,56.92713537517382
5300,46.79374901055412
5301,16.8317147551539
5302,56.545925744639696
5303,47.68133197132296
5304,35.32974615139701
5305,40.539003664423674
5306,19.23562251641349
5307,47.97124796012862
5308,5.452373994161363
5309,49.607797568641345
5310,20.98132162323116
5311,8.200506721827697
5312,22.688989186751215
5313,1.4790107242559039
5314,21.33288440565466
5315,38.10986689815932
5316,66.7398879334862
5317,61.990088780237656
5318,2.0011818717750174
5319,31.927745372309744
5320,45.0848944665597
5321,25.166480892402937
5322,38.26930861151942
5323,52.48186157994207
5324,48.33625805953185
5325,34.90200246033362
5326,33.95095544512235
5327,60.18223062405097
5328,-0.1776330704050224
5329,25.027984933900072
5330,4.621563256662995
5331,25.058188225379965
5332,17.714835371677864
5333,55.03735068997176
5334,-0.3918108252592134
5335,51.25650855089583
5336,20.033485464845704
5337,34.28404527861718
5338,50.33786466828431
5339,46.01386557984071
5340,62.48611262159904
5341,49.48992929423288
5342,50.793617807148216
5343,50.027605239137515
5344,22.645033535824492
5345,33.03145048322285
5346,10.10078737729484
5347,21.579765553110377
5348,-0.5634306241383484
5349,62.48489256031524
5350,0.33473454070575315
5351,28.0752858604826
5352,16.154819315817793
5353,40.62567357232561
5354,26.68587145402684
5355,34.36512555386128
5356,38.92600292202203
5357,53.91260652327571
5358,42.19887595912833
5359,12.032424072713866
5360,57.00397254954598
5361,3.980108015563637
5362,50.114385017267026
5363,61.39765331953986
5364,59.83166554776902
5365,44.8239844180631
5366,51.58580262336673
5367,59.861406011855166
5368,1.1167779932246802
5369,23.730871099805793
5370,24.3628622282472
5371,25.811785674979298
5372,3.7450597864675856
5373,21.268992026178573
5374,18.298173916200057
5375,44.06770009152167
5376,36.5041065963091
5377,53.848929660963805
5378,18.355398127880747
5379,49.44551724295043
5380,33.83576083873064
5381,18.761577890698057
5382,44.078609311544255
5383,60.40546235029491
5384,55.51489090816774
5385,-0.12500076684815298
5386,40.80477699631978
5387,1.7138278641471736
5388,65.5937823822058
5389,7.090316005733701
5390,0.9164028893327156
5391,41.03946270117197
5392,39.28433435232003
5393,46.44412673938885
5394,39.41945804336304
5395,33.46548110506452
5396,45.62641305038761
5397,51.97127300843199
5398,28.976193673914004
5399,32.739133232646886
5400,33.06829855234104
5401,59.57796568420832
5402,0.12436696955651882
5403,30.509954874543755
5404,0.21593246645625896
5405,39.259324032289236
5406,0.7954423303398741
5407,39.187046876671346
5408,39.97108431914026
5409,37.65838787240663
5410,23.23332026354776
5411,47.962490710414485
5412,53.35685515188507
5413,58.81754598738363
5414,22.66453810012313
5415,47.798723201339264
5416,38.38719187411503
5417,-0.9687262777416024
5418,40.75653517004543
5419,63.19577936591453
5420,51.63462786484868
5421,40.38439802983583
5422,34.104846813639206
5423,33.84278441518314
5424,15.711310864037944
5425,42.22919979504296
5426,46.0313861891146
5427,1.9475113517753861
5428,16.012622517741278
5429,57.07260152571453
5430,43.04875305849337
5431,1.6563229286565502
5432,53.29387757624314
5433,60.86631604262536
5434,28.08829328506386
5435,37.930609381361926
5436,51.028419805985024
5437,22.0379781790142
5438,61.365142693261305
5439,20.5350318790396
5440,50.56753413442557
5441,46.92031588953757
5442,3.029855802671495
5443,48.33009249855849
5444,2.3859232828046792
5445,66.82070781299657
5446,30.916652489029854
5447,16.44083380968973
5448,20.38023923051666
5449,25.425904921980877
5450,42.98273699758552
5451,24.340942739097244
5452,61.980502051029944
5453,38.15599210068486
5454,20.298239582250027
5455,0.3259917845913449
5456,25.098555199980368
5457,45.382897518497934
5458,50.657688700885465
5459,55.503832745030465
5460,24.26780595502457
5461,26.919821286538255
5462,26.828941717468073
5463,0.4320670007235634
5464,20.805476493722722
5465,34.81327533573864
5466,46.357974799537764
5467,49.85102166827762
5468,35.90792035255454
5469,13.314783366426418
5470,38.91807225627395
5471,31.289028448140883
5472,40.44038455447321
5473,35.79457516663606
5474,1.5551601768967345
5475,45.15787454954421
5476,16.47255976943948
5477,-0.23662100568278532
5478,1.9875640238264616
5479,55.65348059151836
5480,23.270267797184772
5481,10.894449803699935
5482,25.06820195613448
5483,55.62857459297783
5484,52.92511498425689
5485,43.65797068765794
5486,58.433466289262434
5487,20.681694784279244
5488,41.09913724373672
5489,27.807974153535874
5490,64.09073199201816
5491,18.55433051826599
5492,43.03524666962809
5493,25.12312631716653
5494,12.590417644198848
5495,26.74289380390109
5496,51.00215344258065
5497,25.104563129720525
5498,62.2825372082488
5499,44.71714192974688
5500,39.742651149898045
5501,22.333620415098363
5502,21.677329731431254
5503,58.25827861540492
5504,0.5327968696373659
5505,43.03107133293899
5506,32.31800847321925
5507,13.121503804935315
5508,54.808601406104714
5509,50.22045416932585
5510,82.82396066029787
5511,52.16849614677946
5512,38.652388661358515
5513,45.32713106940064
5514,0.6373390640764427
5515,48.051632171863936
5516,57.35409933761629
5517,50.8230430380797
5518,0.48978156656369976
5519,0.41775306401972045
5520,1.5302186396267992
5521,0.3049188830749259
5522,5.568488550872516
5523,14.246799049817913
5524,21.735216819977133
5525,-0.7343466825291927
5526,38.56138683826752
5527,55.376602466960556
5528,37.365186356746754
5529,2.9831272571423426
5530,42.13108902271608
5531,50.369226039012986
5532,53.02180376091333
5533,34.96947618875764
5534,35.748157780750255
5535,66.46056051667374
5536,-1.153195522702994
5537,59.935151987688045
5538,49.53101161387956
5539,47.42132222265063
5540,0.2405430775638564
5541,42.83044035293526
5542,17.987256273297895
5543,43.864604927063326
5544,-0.969332289215707
5545,9.825117538757716
5546,45.753347270462235
5547,48.05226171195518
5548,16.189731059935013
5549,62.18356759543828
5550,12.264862443404333
5551,29.604427180786757
5552,48.55307057994472
5553,56.353522988213015
5554,42.46702159514048
5555,21.851363586245274
5556,41.640609216261545
5557,51.995704678965964
5558,10.028055419230117
5559,13.661450138713136
5560,34.08637898214349
5561,16.337342976890525
5562,8.144059712923287
5563,23.76287366492987
5564,46.21291307179383
5565,37.67076205762244
5566,54.34500596860203
5567,25.560665426282654
5568,25.285714563386044
5569,38.77301257918226
5570,38.253804994284074
5571,20.45145225099402
5572,26.175908043191626
5573,17.41180352589712
5574,28.85640380196005
5575,15.186189711738415
5576,22.350101770088468
5577,20.61682731223075
5578,1.312701137008915
5579,0.7345806502762358
5580,52.608835406224884
5581,12.549420704263188
5582,52.03112240635526
5583,20.971725884979577
5584,49.661881402125054
5585,23.199799059135728
5586,56.73728695425005
5587,48.53116872857002
5588,55.78110750872137
5589,0.5572270304442029
5590,0.0037547457917526117
5591,34.585889456890506
5592,56.04622067875742
5593,57.42768462036368
5594,44.796481979324014
5595,16.90666791057179
5596,50.79702734534741
5597,2.3590965269036523
5598,-0.02117835385826794
5599,57.98037808586351
5600,2.1588198928396807
5601,46.23335109516485
5602,58.73346788445707
5603,7.575468324098804
5604,57.651003298702946
5605,42.58094834654025
5606,53.0457268386339
5607,39.114361097413976
5608,70.7855229588572
5609,-0.9674731511871286
5610,31.457142288311655
5611,19.4166852308962
5612,44.68895805253317
5613,56.402380654118474
5614,26.748873518067352
5615,46.56241092492434
5616,53.85858137244401
5617,-9.278000918441712
5618,58.94597277193427
5619,22.99716210369629
5620,7.822889058396452
5621,29.93294768098222
5622,44.56433822216856
5623,25.22081803748949
5624,20.405833061687684
5625,10.509900755133405
5626,-0.9075395820935697
5627,53.298718302986
5628,52.87932309481586
5629,56.77161212814249
5630,49.79247552660897
5631,45.75918345828989
5632,3.684273319095009
5633,49.15839946279407
5634,27.010207720415195
5635,27.417202776612882
5636,-0.08905213832510128
5637,50.540359645757476
5638,-1.8992043169594837
5639,45.439383015558704
5640,73.64494458212087
5641,39.864717492471094
5642,36.8512426415607
5643,25.32246621838255
5644,57.849457277027554
5645,48.247303537697995
5646,2.6545951552451683
5647,21.407501447606805
5648,1.6062711946842505
5649,50.09376066864591
5650,24.032375383558307
5651,2.628669432605591
5652,51.033191161709226
5653,22.483285789922995
5654,28.391279442813957
5655,-0.001020288106971634
5656,58.89063730953666
5657,10.529266622986082
5658,49.31429917756452
5659,27.60376403130349
5660,40.94152070474798
5661,20.676468428717087
5662,24.0187632813727
5663,32.95089735010872
5664,26.95045686018107
5665,33.947268236568455
5666,21.133255394024573
5667,33.71757802877662
5668,21.35988280567808
5669,47.658034570220956
5670,24.58752143625122
5671,-0.13609821018608415
5672,50.6071797990013
5673,44.343990011684184
5674,61.14301160238759
5675,43.74296873901906
5676,10.789415497298332
5677,39.35694019444237
5678,34.034760169018185
5679,39.37783488017869
5680,0.3910896670595747
5681,23.206558272070502
5682,-2.4219568392067643
5683,55.37663476652212
5684,50.15885231967162
5685,43.25292196116025
5686,12.452092142022487
5687,54.646120960083806
5688,28.363763097138463
5689,60.89429103014527
5690,35.35933282701764
5691,28.928463365309025
5692,21.486970122615098
5693,17.58260827092373
5694,25.218774850806064
5695,51.839690930603645
5696,-0.9236971123538638
5697,23.855110971872385
5698,40.820702766814016
5699,34.9342082858602
5700,23.689150221585464
5701,1.980483074896128
5702,19.87613864569031
5703,52.199600768003506
5704,29.66249832126087
5705,41.29156626834124
5706,32.20988553102058
5707,62.07967110474678
5708,46.998234385851774
5709,40.95606675124275
5710,27.905899583554643
5711,50.99852573484497
5712,14.00872049747387
5713,5.804226910840082
5714,52.835727997170025
5715,43.98550006683032
5716,45.340952511027986
5717,42.729080185913936
5718,40.87983750798871
5719,61.238850819303835
5720,52.552424936168585
5721,1.0623883822378417
5722,60.21081758308816
5723,0.5118527847151455
5724,42.34978831532496
5725,4.733831231284874
5726,45.0818363564608
5727,3.265030354556398
5728,43.65578076610784
5729,49.271908045176694
5730,14.119149775223793
5731,50.85616073386323
5732,52.673051289118995
5733,0.13840703458680537
5734,-0.8889247189421212
5735,23.774516693821212
5736,4.186429074541387
5737,30.448066278998343
5738,3.0598836492201897
5739,23.104817678654364
5740,0.3436951908976198
5741,61.06041258988115
5742,31.685627970778512
5743,17.293594990166497
5744,61.54861028426411
5745,13.149420640119295
5746,34.29810343606501
5747,31.121598984160826
5748,63.374433661235315
5749,54.60293242450732
5750,45.01226124359663
5751,27.931611114780367
5752,26.83903539309874
5753,22.166484992851657
5754,11.570406187915083
5755,33.22829152520347
5756,50.930029099448774
5757,3.5412912333791056
5758,42.93153733622562
5759,1.7030026111551955
5760,24.141549674742304
5761,35.28102548369295
5762,41.75501340562334
5763,37.92008791672367
5764,42.693630034462345
5765,53.842520596911534
5766,23.351670499707314
5767,38.59704786020788
5768,48.16192872862603
5769,27.354668699556754
5770,51.142615130430556
5771,41.45625522031317
5772,58.474940640774136
5773,15.025457283398751
5774,18.15075369931867
5775,23.64378950675531
5776,4.593932654630848
5777,36.69181510359511
5778,29.46783184949042
5779,38.77692848789119
5780,29.517698209197192
5781,0.5259191100999132
5782,50.90862853054468
5783,49.0014274839545
5784,35.79047540567232
5785,15.04787280186796
5786,73.3873213427976
5787,36.32653320621656
5788,61.65104013724253
5789,0.7071235343579616
5790,22.83633490397532
5791,26.436766645202724
5792,51.94881627917644
5793,27.539535494344012
5794,25.276176728324266
5795,56.10890259844522
5796,35.10274445018132
5797,52.440463038532485
5798,70.39619029202038
5799,42.24908428747353
5800,19.781511501693515
5801,26.59942320753811
5802,59.31202721634265
5803,43.47733398863851
5804,4.939420044251662
5805,38.350899045290504
5806,0.041584232247771524
5807,24.61787197910046
5808,49.78841612293169
5809,26.579946395682782
5810,18.888703231559397
5811,22.801043587938402
5812,42.18576400584468
5813,42.35329050348622
5814,1.6561701956502262
5815,-1.290779310130553
5816,29.22415951511612
5817,0.9695625860545718
5818,35.85282929376661
5819,63.08423014625359
5820,1.0524081338535964
5821,50.2941141884465
5822,39.56081116728569
5823,43.70032944000277
5824,54.044755265365666
5825,60.29134042643121
5826,42.75728645030778
5827,33.90216867842442
5828,20.549399669720522
5829,41.986230963554036
5830,61.466286237709646
5831,-0.4500001106673821
5832,31.11405929124488
5833,45.915562932113446
5834,0.3695278221544527
5835,43.13802236575205
5836,57.132117514534926
5837,21.568063554011058
5838,18.590940384201446
5839,32.80328774779601
5840,21.454725865154046
5841,-0.46867873576427144
5842,52.67440772622763
5843,50.74267555062433
5844,43.66698890277865
5845,46.664037579264985
5846,22.762011563929324
5847,30.582546762526672
5848,13.677639299731947
5849,26.54179653390516
5850,0.12807480036637742
5851,66.39146009508363
5852,43.69670265010267
5853,35.165455231515885
5854,45.1868206597035
5855,40.806013534376
5856,48.52312555585477
5857,2.166644286620457
5858,0.7400385668641292
5859,45.52915523342387
5860,28.332184799444597
5861,35.7791383935668
5862,26.668884220480546
5863,-1.1586366828078596
5864,3.890984231142326
5865,48.121124498508806
5866,27.09291749844276
5867,18.888905733135267
5868,-2.542224772859413
5869,2.009980941830353
5870,23.30065746972477
5871,0.5654006569851333
5872,57.55855361311514
5873,55.302177492450184
5874,55.94427706061161
5875,0.1996429417010006
5876,43.86097376663817
5877,48.26210306029694
5878,40.463065425967486
5879,44.11830250326434
5880,35.865358419316216
5881,32.98831814666328
5882,46.51039548511402
5883,23.444540644807773
5884,1.3715659049412068
5885,42.740029919158225
5886,11.650880976075836
5887,24.730007096080186
5888,27.34943120116416
5889,42.1818484383404
5890,1.8846178616408267
5891,17.021172970035735
5892,14.77036608026257
5893,28.610088945694354
5894,41.73945336482114
5895,45.83777749626071
5896,22.489094447352294
5897,58.15621468955328
5898,43.94382611308847
5899,22.628968707994936
5900,38.36482169263327
5901,57.49259804922886
5902,30.964906960658666
5903,21.598723551752705
5904,46.075229743549485
5905,43.03795144171348
5906,60.76323502228707
5907,54.94643498037239
5908,1.0591179084485418
5909,56.11375634850692
5910,61.888521436340255
5911,26.8075791041884
5912,0.7691821089062003
5913,62.278485971181766
5914,2.1396438402588736
5915,54.19910954102368
5916,18.035944243424467
5917,56.07859687895291
5918,59.04365577513582
5919,59.94563953758686
5920,55.89693573409272
5921,20.2843329957875
5922,13.76976885884649
5923,44.91858772683871
5924,2.925965747359026
5925,60.13579322378567
5926,59.94226400717075
5927,2.1117637788021604
5928,-0.7706291012368993
5929,22.85274923401247
5930,50.14935633929187
5931,63.504751234512725
5932,42.71916776253335
5933,2.9467688446931284
5934,1.2232609886844727
5935,15.322005922267596
5936,9.079230114110771
5937,35.80227823933413
5938,30.25432643415631
5939,48.34443779258996
5940,35.07552738695303
5941,56.057922795963194
5942,47.81186076654676
5943,53.44147243755217
5944,23.24087642668615
5945,26.66964902167303
5946,1.557690769579004
5947,63.607356172752546
5948,-0.21850080433299013
5949,69.03768107758526
5950,14.665032090665484
5951,43.83278518850378
5952,56.18513930237194
5953,51.04260075869098
5954,58.59225319173203
5955,48.28782522735504
5956,11.2869835303452
5957,21.2389946518592
5958,17.881432940499103
5959,51.050861366586304
5960,77.96026494431027
5961,43.9512336741205
5962,44.7564495738559
5963,30.318225704815376
5964,64.17996175065507
5965,26.834539624216646
5966,28.833734596333937
5967,25.363120331376855
5968,54.323175622640115
5969,32.660934025518486
5970,-1.6604899664129462
5971,-0.9297279647209464
5972,38.26352750721607
5973,27.253649398353836
5974,60.75806466432711
5975,26.903249042545927
5976,0.5659488322283437
5977,50.0233516302526
5978,25.59679081088707
5979,72.25858002682824
5980,37.89681823009267
5981,21.799317826922362
5982,2.639658395093722
5983,40.64993070272533
5984,7.590606245092943
5985,42.95167305558554
5986,10.805514756467325
5987,41.314486770410646
5988,49.254164314387424
5989,50.01538905339555
5990,6.563775949729603
5991,52.54937483978519
5992,22.444397829082156
5993,33.03693224893718
5994,51.981508508722754
5995,48.59665617927105
5996,57.542407569201075
5997,46.29585907605783
5998,22.58362725381688
5999,1.7335338820870732
6000,40.41186648929569
6001,63.07121997843324
6002,32.915855950685675
6003,1.3565709369238377
6004,31.69084120650625
6005,49.4801737657147
6006,19.579397908976063
6007,25.122312473982376
6008,47.63637343835586
6009,11.15490662740443
6010,23.349354481989124
6011,42.29915564480767
6012,14.072237334709097
6013,25.871648674031402
6014,12.996607295152614
6015,24.90625241451972
6016,6.760994714030467
6017,46.08426575511908
6018,41.27109954183341
6019,21.866251129520013
6020,25.372630978056197
6021,19.207461726113564
6022,41.926995643786626
6023,26.236068668857754
6024,22.91057200507961
6025,37.904485958833476
6026,39.451990009714095
6027,43.31290995751081
6028,44.48845021089857
6029,58.305248931336685
6030,3.679722435241789
6031,51.560261470132815
6032,0.10247083960484105
6033,55.46899658722698
6034,48.968975620122336
6035,45.17481787064789
6036,25.901254464697956
6037,30.396125534773365
6038,22.15655397620127
6039,21.631750738855466
6040,10.24260990224247
6041,28.522659295622564
6042,47.79064461344528
6043,43.98987090751217
6044,19.22618058642233
6045,48.27519795463844
6046,1.781035155095541
6047,46.79083440947809
6048,18.203030759180653
6049,43.68954521941828
6050,27.62287881342615
6051,-0.7408797475119187
6052,51.180721482347906
6053,24.950690327047894
6054,50.05618779021142
6055,32.48598479558339
6056,0.30852254946383795
6057,54.80908159116301
6058,60.05355130361815
6059,40.03078333867181
6060,42.519089780407796
6061,47.00195129551468
6062,42.60695075900399
6063,39.11912240909715
6064,0.31593675918662
6065,22.734645485851438
6066,29.398198999346107
6067,43.497176898308
6068,52.58514401687957
6069,48.80874117070461
6070,60.87133498195669
6071,60.230359060538476
6072,36.068727108217885
6073,59.149727703240735
6074,44.19187643332427
6075,24.315292627490265
6076,42.27062508016819
6077,0.7838253060059799
6078,0.5202103508679841
6079,0.7215838980087383
6080,40.90944997365622
6081,11.219313251585696
6082,30.61835156569025
6083,1.5718777016721432
6084,34.701218215241866
6085,19.062445932133684
6086,47.098314400767975
6087,51.27250703248467
6088,13.550264162681977
6089,42.09850656709273
6090,61.44694717063318
6091,25.583648297003712
6092,49.682847860329495
6093,68.39579106710232
6094,40.48693909521138
6095,40.71499656378892
6096,24.828162334203945
6097,30.747536268455793
6098,44.914774449139195
6099,61.761311747933604
6100,41.804779074129634
6101,25.700066696273943
6102,46.44140967728333
6103,41.92795571728131
6104,22.02731999054288
6105,43.27183030659007
6106,51.9123207769961
6107,48.866593974734826
6108,38.95657544008787
6109,0.045799096146673435
6110,58.421817639506486
6111,22.456387608347296
6112,19.46349363759869
6113,1.3202842878409982
6114,23.00510046455336
6115,42.90060285232735
6116,67.42877787660792
6117,50.36997537368032
6118,43.391296578576465
6119,43.60216611677896
6120,53.52701020456982
6121,9.727810695627948
6122,27.86785729680672
6123,22.659958186030615
6124,58.00745223424165
6125,53.95844015051322
6126,33.59853640967072
6127,9.78624345075292
6128,39.057531610847576
6129,59.63088004941797
6130,1.3650094949482572
6131,44.38388874184082
6132,44.81277400354017
6133,43.24911260078239
6134,-0.8813444628937219
6135,0.4055260171090964
6136,8.274432324654764
6137,3.941196259750317
6138,51.50537347327088
6139,-0.017894284798650517
6140,43.178244358594725
6141,51.89533134136572
6142,64.51708371645519
6143,-1.3427809245400795
6144,-8.875867452898063
6145,36.571985639116185
6146,5.353577234115573
6147,3.1154240052345443
6148,23.396935953078643
6149,35.803855117037216
6150,47.78389509891518
6151,2.796264041435215
6152,40.41350411302995
6153,0.37836260162665525
6154,47.91178498172246
6155,13.562787193201462
6156,18.5599400976143
6157,50.810827678551945
6158,65.33941856160604
6159,54.898614659465046
6160,1.3739003574119089
6161,0.5784643671467009
6162,21.65474040560838
6163,44.573656825445234
6164,1.3585804318228796
6165,1.1517354650657978
6166,49.94440665093562
6167,28.483650914022242
6168,29.83574544233106
6169,51.20760661067735
6170,2.626251282325338
6171,11.396442449596538
6172,43.29112764296865
6173,52.20638948545256
6174,1.4114787511635498
6175,42.305252422182
6176,13.707102346407488
6177,2.0057099392532294
6178,23.779962328290523
6179,41.34550577760043
6180,24.227373767210498
6181,42.04415938050056
6182,51.40993583879535
6183,31.259618139641816
6184,48.37480382441003
6185,55.79889894161359
6186,22.15173857450518
6187,-0.8883689721002241
6188,65.50611462867309
6189,43.16997613768939
6190,25.45070811173069
6191,-0.16949897368276368
6192,20.63987958539525
6193,61.448361015662066
6194,44.05374349634082
6195,6.434146265750201
6196,34.91742370161879
6197,19.89050776161981
6198,23.698251660083983
6199,35.189439508473306
6200,54.349391576880265
6201,-2.692779788768526
6202,0.8550345774666823
6203,44.46488497331363
6204,16.232916745601027
6205,1.1911682058323834
6206,25.804951215809922
6207,32.804048914481726
6208,30.149700864674692
6209,13.304362759329063
6210,-0.47692057329642523
6211,2.0175880138041045
6212,29.315916210825453
6213,53.27590291951293
6214,41.16846147198199
6215,6.8532441639099275
6216,22.103983771686636
6217,32.5923053140254
6218,21.84599281063545
6219,21.126361922372404
6220,0.3656671255641939
6221,65.45069309645565
6222,-0.31151400786300343
6223,38.01726413839141
6224,46.78079894092636
6225,37.299064316134384
6226,58.38039275185596
6227,25.87046989542013
6228,46.35306542533189
6229,24.689038701790658
6230,48.9985901577144
6231,12.046618199302838
6232,27.631727873348147
6233,31.143531144512885
6234,26.523624489546634
6235,48.21845641651626
6236,24.663560034443485
6237,60.804904470474305
6238,53.36416732354582
6239,19.969644348890288
6240,59.388052684700654
6241,45.78199911557482
6242,30.222115773320095
6243,58.114001731499684
6244,47.68717265482977
6245,13.564585515462007
6246,20.596298173579157
6247,36.38663383019255
6248,38.0689642955013
6249,14.621630918241227
6250,56.24986579504225
6251,43.50605068816223
6252,56.5521411000878
6253,43.724358174200376
6254,24.39358340354871
6255,31.753988868334247
6256,52.752986007613366
6257,38.53068962311063
6258,38.28490073522606
6259,40.04786844167922
6260,41.82006057788112
6261,24.087219790011734
6262,19.664171858740985
6263,41.07347969915516
6264,2.6310815639757337
6265,18.367914207766233
6266,2.190900552419059
6267,24.812094937462632
6268,50.10330986583554
6269,15.50937292105538
6270,44.18271492775309
6271,0.12357791799244211
6272,2.0910135332102193
6273,36.93163964024811
6274,9.523190134339433
6275,35.339371569485046
6276,57.27302230777417
6277,48.405987132353005
6278,28.34830326965946
6279,21.30956137788516
6280,23.62605762327847
6281,19.137618339668055
6282,33.78763207754482
6283,52.358765884011845
6284,0.33625493266713846
6285,2.3536116463827774
6286,56.011443236996584
6287,53.061656157925015
6288,32.83511716396564
6289,56.673401351371574
6290,1.1474598601463342
6291,1.4448974924721014
6292,16.287418088395217
6293,44.712270038504016
6294,52.08027524987331
6295,0.5186844848964611
6296,43.37247248164715
6297,42.10824593014118
6298,35.2603203160738
6299,47.45107910237242
6300,0.29219004400494697
6301,18.305305144976074
6302,13.243264659339381
6303,43.15259334377474
6304,48.9477782819179
6305,67.89289397884846
6306,47.62830670563061
6307,49.08241412279047
6308,26.019002794564265
6309,16.328518918612176
6310,2.991450900722082
6311,16.847565673052294
6312,10.528885003942897
6313,16.511473301837793
6314,46.79619882852964
6315,50.88476890682804
6316,0.9989523183646725
6317,42.67575877268415
6318,31.64110911841999
6319,35.41534447584635
6320,4.605584600380556
6321,42.94607984447127
6322,39.4461414037798
6323,-0.7891172910614301
6324,54.357937561399616
6325,24.046038506146672
6326,31.464648308528627
6327,35.944298036036706
6328,25.06769921309577
6329,38.93960569161722
6330,38.953975707765274
6331,-0.267839535804697
6332,29.637309056994308
6333,3.3979585403134216
6334,48.083782350588194
6335,25.814026158549275
6336,45.548560238764225
6337,25.68614552822213
6338,39.54211768181941
6339,42.97864178923467
6340,22.4369334074894
6341,-1.7704197152090089
6342,40.14122401102891
6343,42.202387203852034
6344,0.8362167567444558
6345,50.46857561801434
6346,22.085486329856174
6347,52.96964833540875
6348,49.63392352908203
6349,-0.5319321909413972
6350,42.80789406177409
6351,44.69567844071125
6352,58.69274108285271
6353,38.060565194386115
6354,51.00143773121874
6355,37.45163706075551
6356,38.71822646329044
6357,24.981234257577032
6358,49.19522919499269
6359,47.500571429078434
6360,13.836004660940901
6361,13.86985998398767
6362,31.602272271794618
6363,1.1105186249905472
6364,64.14362628483642
6365,32.96498108588625
6366,24.059283419928622
6367,54.209667453015186
6368,22.132396585031174
6369,3.1387438829048833
6370,12.747250894660038
6371,-0.6587436545443595
6372,43.12773271086878
6373,70.95335439512206
6374,46.329589982942494
6375,53.2143379518008
6376,1.38200364629407
6377,9.70341753992006
6378,-0.11755771413029947
6379,18.34429520620005
6380,40.85057518975319
6381,0.5824018215888387
6382,57.34574612166703
6383,59.51655213049112
6384,53.03826063778001
6385,62.12549458259163
6386,47.922441430076084
6387,0.7912646476525822
6388,61.3918836277954
6389,20.031943387484212
6390,20.44115634752783
6391,13.94791313627719
6392,46.505624740078005
6393,25.37297486675919
6394,36.03930809421735
6395,42.052321490452925
6396,5.3350153350939
6397,0.6809564181652661
6398,50.377354173405536
6399,52.60734553438702
6400,18.226971754908988
6401,5.8532048831523795
6402,24.656614747380694
6403,48.606580476396225
6404,50.51617217958521
6405,61.177420185922514
6406,14.880004590745468
6407,29.469246746725748
6408,43.390763810065586
6409,27.537690034949627
6410,51.292416510321516
6411,40.12725508238034
6412,54.78978043532144
6413,27.964274524340357
6414,24.0575198371556
6415,34.55688539887197
6416,67.3857109115703
6417,44.251151510208736
6418,4.768834526778626
6419,38.92426421717734
6420,51.179406443622526
6421,45.070834069136296
6422,21.76198924573753
6423,55.83150371477164
6424,20.169157900631205
6425,43.84474171926732
6426,54.102646848184136
6427,57.53064645506633
6428,16.168291357508654
6429,7.182808011640073
6430,0.6179168368551728
6431,47.48893321933677
6432,36.647402489581495
6433,49.690103516426376
6434,16.919381309441185
6435,-2.5818809463767067
6436,68.7512037141858
6437,41.65287725211708
6438,55.56375105864309
6439,49.76173626845035
6440,60.416015765146504
6441,13.885768489904752
6442,9.541429604620316
6443,-0.6992784474959066
6444,8.00194898486708
6445,41.97519008355844
6446,25.381011364336736
6447,14.69441409187402
6448,16.666841697257837
6449,62.79921574592808
6450,33.73803254476808
6451,39.39044323401696
6452,16.26907867054447
6453,46.30492032525993
6454,47.017914924988176
6455,57.51702443990851
6456,22.752690329442594
6457,51.45437181148305
6458,45.83749076734627
6459,3.5008710532069287
6460,31.399816559606432
6461,25.39218562766499
6462,58.81961493992895
6463,-0.32280363970693315
6464,0.2898875923102864
6465,79.11711197182538
6466,4.590258411428515
6467,44.39377878938473
6468,19.13170217258879
6469,35.63647750660535
6470,22.33481423452853
6471,61.92719225731065
6472,49.9881700320836
6473,46.45262711097946
6474,51.2477086477906
6475,36.13237427188236
6476,51.138003391187
6477,61.2360601104379
6478,21.433210034069035
6479,50.8327167988414
6480,31.695408959657797
6481,11.10168924709511
6482,6.185340669376789
6483,28.581092056791547
6484,65.22893519032638
6485,38.174786628078074
6486,56.59598113804925
6487,23.573468078524975
6488,6.6443011395427725
6489,2.7716177307426157
6490,6.623915159873537
6491,1.5406726278874139
6492,31.27632611046091
6493,59.90306795320815
6494,3.701842772775837
6495,62.50786213598495
6496,46.14335699002418
6497,23.735581394149406
6498,58.183074230594116
6499,24.06936269530171
6500,44.589799588886336
6501,66.02111701929692
6502,40.11370698338212
6503,32.612766475024486
6504,58.85186431442527
6505,14.350420178789328
6506,18.676928870717546
6507,25.470957837033264
6508,2.4146401709260417
6509,44.49365998028561
6510,46.958481508977826
6511,33.39327696467731
6512,43.02445892482386
6513,7.634916936823142
6514,13.402255429477663
6515,43.4674103281839
6516,56.77575263973338
6517,29.55096336776192
6518,19.531845747085768
6519,2.295452909377488
6520,31.497346843379166
6521,20.3524532364505
6522,48.2637658928037
6523,51.039444698179224
6524,-0.21286434095041074
6525,43.59958025837271
6526,29.170301554729154
6527,18.873581399862346
6528,11.326348947015212
6529,48.30350400394076
6530,71.85720633058236
6531,36.10490127629582
6532,40.310604071922725
6533,40.29764939423785
6534,63.81264896557074
6535,-1.1255017501463556
6536,9.960269907886595
6537,-1.4266165055369342
6538,28.748518946651515
6539,30.950227053333187
6540,14.065229154094805
6541,15.456221862361481
6542,40.6377038435194
6543,3.897904525730638
6544,7.147090465807295
6545,50.4145687331236
6546,0.03470353363434242
6547,25.7522140927272
6548,48.88824889120491
6549,0.964374088642316
6550,57.27595648320738
6551,50.14483029147323
6552,27.18699784659254
6553,2.1375355711396935
6554,0.06526232086610406
6555,1.1500708602506506
6556,51.39370337600326
6557,20.69800618379965
6558,50.414091897715295
6559,43.539786907692076
6560,31.90083685250349
6561,34.70682446731354
6562,12.69128110702351
6563,-0.2966279462708812
6564,40.97098803010608
6565,44.21585617868214
6566,43.616425902173525
6567,4.103210069067167
6568,29.550300790334106
6569,46.74772605811975
6570,-0.3068522968855305
6571,18.404075027395876
6572,60.37151112114663
6573,21.771158922029045
6574,65.5021547406916
6575,43.84123865253197
6576,2.745668841521205
6577,55.57240794119795
6578,9.72975384313224
6579,65.92023774949601
6580,69.04417613420785
6581,0.717915419595677
6582,27.770956298557874
6583,11.523718755472789
6584,24.0278534486396
6585,60.734485788233634
6586,44.53244548874012
6587,44.76882507099448
6588,48.535133374103644
6589,2.775639582975831
6590,50.98936912550636
6591,20.787383322989392
6592,36.99861135369597
6593,1.988049758146058
6594,49.25169654217341
6595,26.045193947641465
6596,24.857470450440132
6597,53.29593139141359
6598,50.189924994788335
6599,21.88870203896144
6600,24.628762302307848
6601,32.51849235505677
6602,10.444289063908968
6603,40.95133680039412
6604,20.923785233427154
6605,55.42227113960345
6606,3.3803101018466357
6607,24.160205356855442
6608,29.129391272825774
6609,49.95734611749242
6610,30.434804735955815
6611,42.10394016122447
6612,24.847931978390317
6613,32.39340383560753
6614,25.839410012771978
6615,34.58082843548555
6616,1.7075731976193893
6617,70.71225429236496
6618,35.553320487498844
6619,47.69385142121564
6620,11.332595999912037
6621,31.577338000412396
6622,48.08380248583476
6623,41.52976862914085
6624,41.50033586227946
6625,52.67688094304145
6626,26.337577490836356
6627,58.797542738675006
6628,26.012841420159074
6629,47.17109059623775
6630,49.26972338391116
6631,11.848010278268777
6632,43.0236741715431
6633,16.827006497893446
6634,33.11178525666084
6635,26.228009583227717
6636,51.46054758767026
6637,4.28329026701342
6638,43.88861122265428
6639,42.333994624050575
6640,30.608914486865665
6641,10.415707218203455
6642,26.945134922337648
6643,47.308831073329266
6644,46.17333592607261
6645,32.87654716040529
6646,24.75834043999008
6647,44.29551946418041
6648,16.930710176025304
6649,14.249685252528277
6650,-0.026921258662540026
6651,58.03022577367362
6652,51.04950958140118
6653,31.63655900776702
6654,25.130378700111677
6655,42.20411881955631
6656,56.21494796884901
6657,0.4038045763200202
6658,21.583390757544883
6659,38.91243456142754
6660,2.996278872587837
6661,40.36529586263756
6662,0.5583974033500283
6663,25.73060126414477
6664,14.834469003602507
6665,46.135845476173685
6666,48.618520779422745
6667,56.92482191242934
6668,22.443425013153558
6669,48.52602442397841
6670,36.74602464336315
6671,-0.17268174193389285
6672,23.033404028560795
6673,44.2653671910844
6674,21.15997535720436
6675,36.839860385365846
6676,59.049948757175784
6677,13.43013318750874
6678,56.16507034772367
6679,65.15655379689592
6680,45.92303399528908
6681,4.049968269421427
6682,35.50821101839601
6683,44.77882040486282
6684,14.140132583360089
6685,54.86197189480403
6686,63.105342164813095
6687,3.9434627787084082
6688,41.94307884179159
6689,48.51136279291612
6690,54.53010029993377
6691,39.69995785360548
6692,65.3046416815301
6693,2.75012461545883
6694,45.543921223923064
6695,21.444352167390583
6696,-9.278000918441712
6697,44.77938319982984
6698,-0.12766772643841762
6699,27.720810510734083
6700,45.93491492841947
6701,31.441862561730904
6702,23.678042427964257
6703,49.16278052881058
6704,39.14233166370836
6705,30.01738472098457
6706,3.6240501319422336
6707,3.7910334615359034
6708,46.48670093372333
6709,28.200529544337478
6710,17.226178711772683
6711,46.61567876524828
6712,22.407446862484075
6713,1.0621834933740715
6714,59.92089460612287
6715,27.727265291598417
6716,26.196946359636048
6717,22.7168052934719
6718,57.592277128518695
6719,20.712217376647942
6720,35.734185154841306
6721,27.551839913147806
6722,42.779000328426264
6723,41.625701140655245
6724,45.93539976725772
6725,58.39814001846575
6726,68.45256329888463
6727,0.0013004359646799912
6728,25.85281010820892
6729,25.299121352371827
6730,45.041860891928636
6731,17.188160796626278
6732,0.014132540843988295
6733,26.605807918826915
6734,48.99581185990278
6735,45.403796159497446
6736,39.465147349975794
6737,32.004937246632146
6738,47.67135387700618
6739,1.210912021672378
6740,72.09570886466173
6741,39.9312788370628
6742,42.39898647756274
6743,48.272183804033574
6744,49.136306331411205
6745,22.707147118592598
6746,4.996831080257046
6747,49.29663353460829
6748,43.96166187628449
6749,49.68925578690146
6750,17.424670566347487
6751,61.57789529037535
6752,15.129470184409566
6753,45.92404226100619
6754,27.847084881590284
6755,5.558984905358251
6756,59.495196074643616
6757,61.94119304186823
6758,57.72394021354145
6759,53.00817502258478
6760,3.2881770440853444
6761,1.5497915698614406
6762,4.055235972085882
6763,-0.970664813130206
6764,11.6273642555458
6765,28.216439875399814
6766,43.233104232528945
6767,41.778184880335985
6768,18.362688814916815
6769,49.690796070101534
6770,57.74096972126691
6771,2.687641892982356
6772,60.20941642581954
6773,1.975614457508449
6774,53.98981474681189
6775,2.178255763407339
6776,37.30003089056821
6777,22.599593687548825
6778,5.11053899782004
6779,55.905397040642775
6780,49.19537557012446
6781,57.03816116061142
6782,30.851366067069534
6783,34.59435453618755
6784,43.29113564259535
6785,-0.020466737011936686
6786,54.08774828632738
6787,46.825950521480834
6788,31.86242580876254
6789,90.37645372611246
6790,30.830738828138646
6791,36.85617312324944
6792,0.9342781343505422
6793,46.28000635100751
6794,27.594778375710206
6795,0.916950788877628
6796,1.2056180940276207
6797,44.245950573990385
6798,41.3274832099271
6799,2.434398348860892
6800,29.73673351547721
6801,23.36766293174219
6802,42.02534165389833
6803,51.811056860181864
6804,40.426505722413566
6805,11.101253362123522
6806,43.997863967044836
6807,63.42701821555405
6808,66.01081958013677
6809,3.68028816442931
6810,43.64731315896468
6811,38.85694867427331
6812,16.829091612398884
6813,35.883757039799136
6814,52.13189356055283
6815,24.861850102293413
6816,23.20602428745917
6817,-0.219664221762649
6818,0.6399800912658122
6819,41.781585899459415
6820,16.17239971952824
6821,22.35727714974255
6822,36.86272042272787
6823,23.935532805065733
6824,10.777429055105234
6825,23.156615691329282
6826,21.21995406616194
6827,15.792806116320158
6828,52.142559046114066
6829,34.04791817210358
6830,-7.34642869903994
6831,50.29805831185391
6832,73.6347730735873
6833,6.15833235799434
6834,7.854050148641814
6835,49.14722679667114
6836,41.77962934076277
6837,40.30147434658647
6838,57.64343444347219
6839,39.46295914228922
6840,-0.6230501235628196
6841,44.93028319710137
6842,21.91372608511667
6843,55.16008776681285
6844,29.91211815699598
6845,50.673537178399926
6846,54.70120579833255
6847,1.576388790969034
6848,21.709403176452426
6849,49.40109715973932
6850,23.821610382535837
6851,50.89818301303307
6852,49.43968623849673
6853,39.56731317341406
6854,9.350226191879766
6855,49.32137861960234
6856,29.776280867075883
6857,28.369002253429663
6858,0.16263982179163605
6859,27.088560869228832
6860,18.181170116296233
6861,47.513399465850256
6862,53.25778773046089
6863,57.44175960215737
6864,19.598374161141216
6865,0.9180031547888916
6866,36.738718400066574
6867,2.966805963161253
6868,44.984025466152985
6869,44.37853781078794
6870,1.0690293717616584
6871,52.509611080236574
6872,56.36476992465467
6873,21.48758175413962
6874,50.682453508609015
6875,1.7994319989866092
6876,17.362749662981912
6877,51.10658417473308
6878,50.23095296826784
6879,1.3711795397022897
6880,0.4210004506604008
6881,50.37119693300739
6882,49.526593387419766
6883,67.52969694515586
6884,66.14496891394408
6885,3.8689065207023567
6886,0.5247660291054146
6887,-0.08825168267377848
6888,2.520269270496378
6889,27.85334695131084
6890,23.251026081372913
6891,45.717861460765036
6892,40.74136021510467
6893,1.0828943847535726
6894,20.78768268913214
6895,35.67966389178665
6896,15.952677562165363
6897,51.73975591811414
6898,54.183820007979506
6899,39.996371950139604
6900,45.546240841725464
6901,59.9021104092901
6902,46.61446941819544
6903,18.930359151380053
6904,45.98066881761068
6905,40.277750909171004
6906,53.09717641652024
6907,42.09985801686982
6908,44.5229606191693
6909,3.440343914606707
6910,53.53613081465196
6911,21.727348012269907
6912,33.24545533544687
6913,0.13114295372648144
6914,60.36071123838883
6915,21.69179068664849
6916,46.53101323535299
6917,19.321292460824953
6918,21.503119186453617
6919,0.5879998772609127
6920,23.29581809314109
6921,2.802772479932081
6922,22.242821297927506
6923,-1.7270884917526104
6924,-0.8418207470546406
6925,55.80342166208659
6926,53.63969122288843
6927,41.6150471509476
6928,47.46241797127594
6929,1.1048364213854214
6930,68.02784252510224
6931,2.00911468410737
6932,53.67352522417916
6933,52.41175442379993
6934,57.62963734536372
6935,38.2956141474861
6936,51.73414104622209
6937,52.815334284308165
6938,-1.5253724568914109
6939,64.83336550166914
6940,52.81867534480956
6941,0.5487828160389796
6942,44.55707822655097
6943,45.263391850624636
6944,41.25297647682645
6945,25.22948483923738
6946,38.94573148612715
6947,23.39320989352556
6948,40.25448871156368
6949,39.45019218723529
6950,1.029647955635916
6951,47.95046327313621
6952,45.66106221844556
6953,44.40654590973889
6954,37.581106906043864
6955,40.67686788498125
6956,60.103247884062554
6957,37.17790245388917
6958,2.439201597640853
6959,51.88649643347096
6960,0.8479136000608278
6961,53.7443648816114
6962,37.767383032672285
6963,72.67557388520967
6964,28.924802941424048
6965,25.416237290465084
6966,19.978274144806157
6967,51.468600534432255
6968,46.0965432915438
6969,3.770162266524146
6970,46.012429591877925
6971,14.157740703092156
6972,18.014873835197047
6973,0.3438044769818589
6974,47.878862301454674
6975,13.165125931759096
6976,-2.1742863927382103
6977,54.67524621655406
6978,51.5250633820545
6979,33.38839906203019
6980,-4.343011045178848
6981,17.538868133954395
6982,42.33418835857738
6983,60.35272244369975
6984,87.98025374773809
6985,49.06547101402479
6986,22.587012050465802
6987,72.09989371132293
6988,42.90166049044256
6989,30.011539953928544
6990,23.650626512271778
6991,3.7604485257466393
6992,1.0359464600524007
6993,48.831932921925336
6994,45.111466470208704
6995,0.9102403328792903
6996,45.27070605237147
6997,2.897510108849662
6998,-0.47863086739012317
6999,45.39850036907639
7000,59.84613647762363
7001,2.8703231508220135
7002,17.95505909654089
7003,61.73159437046138
7004,21.594686024397966
7005,31.441824896405123
7006,57.600481227573354
7007,22.740521511527188
7008,65.43438340783999
7009,-1.9747354121599088
7010,43.470429689045744
7011,63.894311328539686
7012,24.028029491726606
7013,40.50395670537317
7014,51.14767908270025
7015,26.083354346152248
7016,2.9848593545055735
7017,11.045192571099673
7018,43.80899994398512
7019,48.68117333859129
7020,48.84941814636902
7021,0.3622080441315134
7022,66.97774791096505
7023,22.766528140381666
7024,26.689732692686352
7025,54.0302481138999
7026,57.03774883751056
7027,46.703234350955995
7028,58.789603444919976
7029,56.087729530380344
7030,47.933765096058664
7031,41.6170512739595
7032,20.5047106307162
7033,1.8438570546771054
7034,59.097945246386274
7035,0.019911944320547548
7036,58.954241977766614
7037,57.78576052221072
7038,22.800660692260987
7039,56.70442949085184
7040,-0.6981846679131678
7041,56.251097118950064
7042,41.23036614157248
7043,21.01271821700446
7044,1.6322683908526372
7045,47.624248537000824
7046,52.897587402196066
7047,41.67138050553322
7048,30.401410139017187
7049,56.74713307287331
7050,27.214990030191018
7051,49.487005087022226
7052,34.751966195749475
7053,50.899298752519556
7054,49.752545030605276
7055,41.76132498532352
7056,62.66598562963334
7057,45.92443627201489
7058,1.0039714024462398
7059,55.50178361423683
7060,26.203844130638497
7061,1.6896506823935056
7062,51.25420657282631
7063,43.76863087000204
7064,69.9129879991462
7065,10.25036709508554
7066,4.980077905037103
7067,41.4948930093031
7068,25.24126972658582
7069,40.92028585113108
7070,58.21736753821035
7071,45.491616330347384
7072,65.3583499165411
7073,12.959377247210462
7074,47.86815222930798
7075,54.48855711272272
7076,47.114667419715644
7077,42.74623983549224
7078,50.257164693946706
7079,25.385320850672315
7080,1.150767580659796
7081,-0.6714621424764573
7082,26.15265899597067
7083,43.54876009971056
7084,38.17781787743667
7085,29.161479606859203
7086,59.92778223501972
7087,-1.0188508472057407
7088,1.797749547437494
7089,47.36549986945384
7090,0.7613316845832117
7091,8.174166718686166
7092,29.911885894453736
7093,23.949462381251223
7094,41.31587547096195
7095,48.66711169423928
7096,15.505140344385815
7097,51.45979497734233
7098,16.39783364787092
7099,24.155818246431267
7100,-0.4166844187257581
7101,43.67116129457775
7102,14.282924497551043
7103,27.116550225844172
7104,0.5312683697235556
7105,51.7753186026473
7106,43.577266522837625
7107,78.92188377602474
7108,46.60497026519505
7109,51.66682559462383
7110,48.22003088553698
7111,49.270405100685764
7112,50.27137724531747
7113,46.224004577813595
7114,19.38032557819525
7115,23.13267374400123
7116,42.1213859225369
7117,22.525815498730594
7118,15.456178209987986
7119,3.900406508707775
7120,23.727566638454636
7121,21.044993924361563
7122,57.08871401752302
7123,23.41924585080349
7124,53.308069952244956
7125,57.57158442196637
7126,25.0557275889172
7127,55.10641392126597
7128,38.959910731429844
7129,24.63120907965054
7130,0.5123909503373625
7131,2.2051729818073724
7132,55.98512485714166
7133,22.818123044103054
7134,55.623860176770535
7135,49.95032265249591
7136,-2.3097544074021243
7137,55.2991249939499
7138,12.281265856842428
7139,0.8799174277164497
7140,24.4673865989378
7141,41.03563255692107
7142,22.269092398253065
7143,70.73453284657936
7144,45.185397229281456
7145,41.97038376384556
7146,-1.204750740838648
7147,5.581130169812713
7148,22.999607545719428
7149,21.12644572063669
7150,42.61523934324387
7151,22.382738845666843
7152,47.756771130818535
7153,35.45982607937818
7154,-1.0390623367499288
7155,24.901727353587944
7156,56.50073308295194
7157,53.16417785453312
7158,37.78398034579678
7159,24.393786697023288
7160,52.63527519236357
7161,25.080250453089903
7162,60.20921868044904
7163,5.447628500280462
7164,-0.03636792329438521
7165,0.6769927690302069
7166,36.756011775300166
7167,45.34322063131567
7168,48.95114788879418
7169,48.43371093260633
7170,40.23039883086746
7171,51.32699198604169
7172,47.82470771574613
7173,49.90657095429151
7174,42.6399158093911
7175,0.5267616946766864
7176,67.93098232964124
7177,57.79780557819103
7178,30.148453890509924
7179,16.258905998346865
7180,45.98997799144949
7181,36.119971174094346
7182,50.936450249503324
7183,55.007248884223145
7184,43.97391359650449
7185,66.23969921478239
7186,64.9684256501449
7187,24.136810638237847
7188,43.69287442065609
7189,57.249816017497736
7190,19.425691649307254
7191,29.21533792776704
7192,3.1830893164381173
7193,58.26452040666196
7194,33.99544212744739
7195,2.0160728730111046
7196,26.586591398241165
7197,22.926435737314222
7198,54.926776567398605
7199,58.02307751365881
7200,24.981347111382252
7201,51.74768934678143
7202,26.825583106432717
7203,58.25754772658712
7204,-1.0068691259991454
7205,-0.13602052643794593
7206,41.27100959144997
7207,72.07923013376785
7208,21.400577684338117
7209,38.382130964943045
7210,29.407936451279134
7211,25.863541308432744
7212,11.953745886211529
7213,6.81726077715177
7214,51.02381624408898
7215,1.296425040155686
7216,42.46145115708411
7217,-0.6153951669846691
7218,27.365268612951557
7219,36.54180830429833
7220,37.818544983524255
7221,26.310259703387956
7222,24.40060605152273
7223,73.44221420109056
7224,26.539155317444
7225,48.62307047024915
7226,52.6247804404215
7227,47.26843336104473
7228,23.81437115697313
7229,38.99110344679323
7230,53.93477681466241
7231,60.56577866593247
7232,25.52321858353734
7233,50.580811638388056
7234,37.57013131925032
7235,35.75338948468556
7236,-0.5790945542308137
7237,46.409694103829146
7238,37.0056248197739
7239,44.77575236525935
7240,53.06779838568548
7241,25.31096466786788
7242,55.00153349616828
7243,34.660375264503486
7244,18.174229103936884
7245,50.80414757959115
7246,49.57668907457519
7247,51.01289169693966
7248,20.789555028421535
7249,50.512071395091866
7250,47.492121785777016
7251,51.15519794436857
7252,45.024290630857806
7253,-1.0760592493583587
7254,30.226128711642893
7255,45.73798304960111
7256,4.038455274915812
7257,39.459970707596106
7258,53.96690531905745
7259,48.888780587048856
7260,44.54250527121901
7261,37.52298098109755
7262,46.11409668287668
7263,-0.010912513756444753
7264,42.011249915621796
7265,6.14863707897948
7266,77.15654381767357
7267,46.194642083192896
7268,44.016433228443574
7269,71.01213936094064
7270,0.09734982970977768
7271,53.17731728344221
7272,65.29767619052001
7273,51.461521491700466
7274,58.19916024493733
7275,54.628478110980126
7276,58.564181825623706
7277,44.189753587101094
7278,-1.6147399168840337
7279,43.14386455912252
7280,51.96644657242548
7281,15.826549444112565
7282,42.948553961847466
7283,67.11483244293628
7284,44.55802795617042
7285,22.122163972234844
7286,64.24863395642656
7287,36.12271044761171
7288,40.33399707137464
7289,26.89131815088515
7290,24.46517879761769
7291,65.04717764136987
7292,-0.38522513885129683
7293,39.824576586269615
7294,11.182725705649702
7295,44.65790857666947
7296,48.201388486845964
7297,0.7197334983997408
7298,68.15943647735315
7299,-0.14843368215472452
7300,17.42187556681298
7301,56.8339123682781
7302,64.18250907470944
7303,50.564988746557574
7304,42.84222830986443
7305,1.1197229803972348
7306,51.2616856151967
7307,50.29557525317041
7308,19.961973801484007
7309,25.238087493344167
7310,23.02393226243109
7311,24.337091030430173
7312,21.10877918563958
7313,59.921833189273414
7314,68.17362906483547
7315,-0.3672590066845842
7316,59.01847378168713
7317,58.8936059406897
7318,46.8863377782422
7319,47.66991649524429
7320,62.82405854350732
7321,58.35718142619051
7322,67.23429752439587
7323,41.82343459748166
7324,52.67717929386059
7325,55.279499663976125
7326,32.91194621183799
7327,43.789016162699134
7328,0.33028673327232383
7329,50.645833328077536
7330,54.20572392198066
7331,1.3054956486981624
7332,9.19999724823224
7333,22.258911666489894
7334,41.8576165105443
7335,50.12425601117238
7336,25.181056829652057
7337,34.31093405459148
7338,53.96953542619636
7339,23.847557631873787
7340,45.604140544802696
7341,30.135286780264103
7342,46.57569495619419
7343,13.568698594115567
7344,17.742174949757747
7345,0.8286294092278652
7346,3.167747975425968
7347,49.314180604610215
7348,49.59948529953505
7349,23.198039120875507
7350,30.04962026092757
7351,58.22827297542797
7352,36.26459620348396
7353,52.52149315303489
7354,18.44478452152844
7355,54.48470612375052
7356,36.81447447093096
7357,24.54382191812619
7358,1.9030087211482858
7359,1.174371487931758
7360,22.797700594297396
7361,45.63876998033687
7362,16.122911885583953
7363,26.279995688660563
7364,28.021684478259253
7365,43.3327923091198
7366,49.396860533829695
7367,37.46180673312471
7368,72.79834664677975
7369,22.12573537368209
7370,28.984030943221125
7371,42.23110503399846
7372,5.645884084829817
7373,51.74299217301903
7374,1.4981312640991007
7375,49.2821694541533
7376,40.642440177145
7377,35.384925852704285
7378,5.647086329581644
7379,32.17165188100969
7380,50.326011215604815
7381,53.24886364322674
7382,32.974381314558975
7383,48.52740099397929
7384,13.91324592985137
7385,45.450746960202494
7386,2.3098896526416333
7387,46.6292356087722
7388,57.581679268333204
7389,23.23021892690928
7390,54.83552724378531
7391,41.668710818938216
7392,19.197214860767865
7393,21.431529263112783
7394,48.83881985658573
7395,33.07608434867706
7396,0.10700961863486214
7397,21.964361825214556
7398,43.24733174498734
7399,27.876917200481714
7400,43.62515302148779
7401,39.42766341058565
7402,53.7953906191708
7403,22.179932620816743
7404,53.42889790373147
7405,2.016102498860441
7406,20.482034081663347
7407,59.67003675074307
7408,41.992375727664886
7409,49.346005665628496
7410,21.070793649131083
7411,1.309808582541688
7412,57.71978612488601
7413,54.32591801606513
7414,27.93129864880723
7415,32.41134743806571
7416,35.096219317304644
7417,54.415970451490836
7418,41.1088343571351
7419,33.54287410594084
7420,19.8855801219225
7421,48.613326522460554
7422,47.43557565866827
7423,40.84636020348727
7424,23.217724895302524
7425,49.694826586651054
7426,49.24684547997298
7427,1.3718959607363246
7428,46.17616414302229
7429,68.66648393390099
7430,47.07193003930107
7431,9.636065837886434
7432,1.1956133304605245
7433,58.08215624257595
7434,19.678068192619854
7435,58.06353054649203
7436,56.579159575180825
7437,41.13925803389683
7438,33.16009495436573
7439,49.7459298275207
7440,43.91254365398877
7441,52.57486411107635
7442,43.28949110023176
7443,41.7234658398726
7444,2.5127832597273567
7445,31.610608287261567
7446,18.870968705228606
7447,27.745302896628033
7448,1.8901131586298803
7449,10.80148661243015
7450,36.39529482488253
7451,-0.028632303890795185
7452,20.91724080931487
7453,52.53764264727677
7454,0.9502938789461197
7455,57.12056779118605
7456,46.329469524707115
7457,20.626400585949455
7458,64.94371850390213
7459,48.28227693942959
7460,1.0685403701708438
7461,28.38838995967837
7462,-0.3626138334037279
7463,41.173285375348215
7464,4.328115557685393
7465,4.649380454070393
7466,0.06911991589426236
7467,35.40969153210614
7468,47.701628815510276
7469,4.589825267461187
7470,24.948364196010274
7471,51.5516614241719
7472,30.396358293267074
7473,22.450711344756247
7474,20.19054006923553
7475,48.65705827905789
7476,23.32141546250446
7477,27.229672264563305
7478,17.770147284511552
7479,22.012918875288797
7480,2.01443095852164
7481,55.594984016222185
7482,53.28888652550198
7483,40.09402347023454
7484,44.3363336390511
7485,40.74006074091533
7486,25.217947799604424
7487,57.069871499172905
7488,37.66383010823033
7489,10.619110000995377
7490,23.63697640812304
7491,1.8211926162730236
7492,15.330749568583656
7493,22.484630269987257
7494,2.1710744993095688
7495,42.50382804170781
7496,23.132391495817366
7497,36.41269084641317
7498,44.4104410904938
7499,50.919518172730434
7500,46.95746613743259
7501,47.677069170149124
7502,1.7105556821968904
7503,18.433453031424854
7504,2.772765290745699
7505,23.61404802928686
7506,34.421066146480044
7507,45.67920088225711
7508,38.146744280120586
7509,43.91748160098395
7510,44.243388515568064
7511,56.96828716476628
7512,48.23259273273897
7513,36.63017248537848
7514,55.14517287394084
7515,48.20261113746166
7516,61.17749581026186
7517,52.90154200149234
7518,0.9943266687232892
7519,64.78127868361524
7520,24.417089786669617
7521,39.620443822209545
7522,48.939581299728374
7523,55.959720386071766
7524,2.990213725024457
7525,26.427499821087633
7526,0.6402272274566343
7527,24.536447274923315
7528,31.078923274488115
7529,32.111085188541054
7530,34.64190475873672
7531,67.9476201025546
7532,18.892594811792804
7533,43.11042322912012
7534,29.132659403310576
7535,17.83358236453556
7536,16.966819870393778
7537,0.49488670509185795
7538,15.468380898312681
7539,37.75537641506632
7540,21.471845290916114
7541,22.47107344609954
7542,12.49734700667564
7543,39.92505441634136
7544,35.20281847742549
7545,41.08588394715945
7546,10.1435653756892
7547,0.563842616705557
7548,2.590003466188527
7549,44.297525007779626
7550,1.8405276687054055
7551,20.223112519940596
7552,51.007882987527594
7553,1.0731419304158294
7554,34.97532771690923
7555,0.6608247919136048
7556,42.413127620671105
7557,1.7080578962352462
7558,59.366330274229924
7559,0.1132517565487916
7560,1.875285735228445
7561,2.18379959933527
7562,18.932036868783214
7563,61.82265748590014
7564,18.605329628626464
7565,44.977306278130094
7566,60.46970797651815
7567,0.18223571489771473
7568,38.0698787699811
7569,40.12378278942579
7570,49.458287027522914
7571,13.794992626998681
7572,58.14757387737111
7573,54.58524187399935
7574,17.108887154769203
7575,47.19933999706009
7576,33.35844987300136
7577,42.00890586162838
7578,22.45935867282023
7579,22.65525703946019
7580,46.62323479697923
7581,-1.523843451173569
7582,-0.5257122513693275
7583,22.762030424132618
7584,56.08446799506426
7585,11.389509958910192
7586,75.80326973093224
7587,45.08462513486405
7588,24.697592502763555
7589,42.62520724330665
7590,5.68170609093848
7591,45.73322888650581
7592,56.858076610120165
7593,2.9860689513792344
7594,20.20652402642325
7595,40.66192104257397
7596,30.23546003291694
7597,19.696625388663577
7598,4.107147261345183
7599,61.49896037759202
7600,53.6909928808883
7601,15.697192303276626
7602,49.35378575396442
7603,24.07759428290567
7604,31.16794855500447
7605,51.066721410626634
7606,15.133293662009574
7607,49.356346399937664
7608,20.15177126613086
7609,25.504197784362034
7610,28.022868417880588
7611,53.54639694054684
7612,39.0217865637204
7613,1.1672011903565007
7614,-5.460374252667144
7615,53.99306929327231
7616,0.214862704461261
7617,57.40472302219584
7618,21.02502249879937
7619,45.08597845701465
7620,-0.558411993272351
7621,22.6992547272849
7622,22.965354542615458
7623,49.27341427301266
7624,29.85170465875303
7625,25.626797150969
7626,52.07057269747302
7627,25.22531655440929
7628,1.6127396670623
7629,44.84097343514938
7630,59.55702830976122
7631,57.44905429546902
7632,5.062970342307523
7633,57.58298657280856
7634,-0.14614861664347245
7635,30.320108206566903
7636,40.130808568365936
7637,19.983254906011467
7638,-0.47639649195379263
7639,40.443205582516796
7640,47.40838915582259
7641,1.9840323537419486
7642,51.872356815421924
7643,12.37479590097577
7644,49.957596991798184
7645,0.12378526452654626
7646,32.5148455968238
7647,48.56134670296251
7648,23.40292031156128
7649,38.743773922721395
7650,-0.6564939017964164
7651,56.85503086066949
7652,35.13642092063366
7653,25.834376893512356
7654,0.12759556091643276
7655,42.529069787715976
7656,32.51854865248628
7657,59.867757478407555
7658,24.549970402134733
7659,19.04353227901374
7660,32.55039334324418
7661,0.1215121612918253
7662,42.35430004919344
7663,33.20198552869135
7664,54.02693120470448
7665,63.64145401605475
7666,23.492230516796294
7667,46.185987449344964
7668,47.71492237381291
7669,1.4374986157708136
7670,32.95133128125936
7671,13.689545483294811
7672,22.042152813450087
7673,12.171822791382898
7674,7.601168929671104
7675,59.57043810941042
7676,47.38597578826105
7677,64.6678290627474
7678,40.305791594038254
7679,44.59246028532326
7680,62.850669900074294
7681,57.12692595936591
7682,54.18205848446227
7683,0.9558435883787979
7684,38.40294899902418
7685,55.998974572465634
7686,31.483432331318003
7687,41.30762127319034
7688,14.458862855743696
7689,3.1409979389811298
7690,26.069699855035445
7691,19.400564463870186
7692,2.3323507297146584
7693,75.72741726818838
7694,59.33423830180123
7695,-0.759516976436295
7696,30.72404678389107
7697,33.04478931857121
7698,25.142697571120294
7699,25.133809151229578
7700,53.642915443446256
7701,46.17148738456849
7702,31.061314693497852
7703,22.93914968441387
7704,25.801033974501117
7705,58.05660417021514
7706,52.81234945856585
7707,53.15308473362872
7708,45.775412666517
7709,41.899672715131445
7710,18.055367246250583
7711,22.113033430288507
7712,31.452495686858487
7713,-0.3924266967132155
7714,71.95492554990088
7715,45.42574909127314
7716,11.546004228073457
7717,69.93684648885936
7718,30.216420772531578
7719,42.167278995397766
7720,0.8023790586016801
7721,46.659410155153246
7722,48.53470248728147
7723,60.20020434064669
7724,58.314287831027016
7725,24.340456817547825
7726,59.21586359369108
7727,24.32630662820185
7728,46.3121133299985
7729,39.259053202348625
7730,50.253343056139855
7731,39.00424403729495
7732,10.844191799950217
7733,23.287754054641454
7734,3.105894858530039
7735,54.00055245923847
7736,65.52460920965007
7737,54.60356521993621
7738,-0.6126556067632762
7739,15.038782699495485
7740,9.336389048769895
7741,11.719932455547724
7742,46.603332924471864
7743,47.27172522977669
7744,14.85729155900766
7745,31.616159169790546
7746,26.608286804268225
7747,-0.9930878370184786
7748,54.474821473589856
7749,50.50980024819937
7750,23.186002239595318
7751,43.700401844709695
7752,46.55333546869688
7753,42.0345406122274
7754,33.99997221178564
7755,25.378947349922683
7756,57.97229009107191
7757,39.73840347678388
7758,65.25087116053459
7759,44.21499969456026
7760,21.671503246535547
7761,46.2678934675866
7762,61.69969209306906
7763,1.2124138356822698
7764,47.73959156397164
7765,9.687349890212346
7766,31.2036389002712
7767,21.242141190633806
7768,52.71269349682723
7769,29.42402218976606
7770,28.539881954714307
7771,43.092629456466824
7772,2.8756137369221975
7773,45.890937212132386
7774,22.89416080281814
7775,-0.0731716761270036
7776,2.620884615297083
7777,14.264224617280234
7778,31.306439384088307
7779,53.702244132187744
7780,54.91716774169501
7781,23.1194800450914
7782,2.593313641108562
7783,22.32306325588821
7784,10.374610233211033
7785,46.552492273850866
7786,15.011250110229291
7787,38.11753489479913
7788,45.90283733164655
7789,51.476802319300845
7790,25.162128500676644
7791,53.11544612072624
7792,27.16598257580441
7793,49.59733378723509
7794,55.287638506526214
7795,51.03508751470342
7796,26.590139619079793
7797,30.076347428136415
7798,-0.6981545761436649
7799,19.747506802024105
7800,0.5973065772355071
7801,15.855920472907048
7802,43.27010821071185
7803,26.027529217049292
7804,56.83743406112848
7805,15.02940553361299
7806,56.765426082616244
7807,39.45741851899634
7808,0.8123171077262867
7809,42.01129978746593
7810,38.017949314947394
7811,21.74492615070816
7812,41.48168465704059
7813,41.828556230038856
7814,1.0137855527221475
7815,24.52916145484103
7816,1.9122378608617794
7817,32.82465210368028
7818,68.52975469414662
7819,50.42424419633994
7820,51.00345765225002
7821,17.124116923309096
7822,53.188627769617916
7823,43.50300462525262
7824,2.1490460207546285
7825,45.50764598660086
7826,39.50189240059659
7827,45.6805813819268
7828,0.4857850523077545
7829,34.55188498720903
7830,1.1672011903565007
7831,3.414694607235422
7832,9.94788748747196
7833,-0.3239841758484161
7834,43.707395276189345
7835,52.79243032979058
7836,48.90316514400975
7837,32.94361523595135
7838,34.1420680906593
7839,0.258441318647904
7840,22.602069394831517
7841,68.53051373478284
7842,1.2478609378750178
7843,28.79826910217571
7844,37.86061182703044
7845,35.90137699098598
7846,52.18433701189293
7847,32.16633850494094
7848,28.28733651022576
7849,42.03914435751122
7850,9.254065617161036
7851,48.960736139179275
7852,56.00034657488199
7853,44.27173495711885
7854,0.5740905087188395
7855,14.567989229126525
7856,8.391013929843982
7857,46.24689504627402
7858,45.82630690510149
7859,1.899534705824987
7860,42.12713140726946
7861,26.479049117701553
7862,60.41142054824297
7863,26.375042389744067
7864,20.767090927773925
7865,23.346670633941898
7866,0.7394500307001053
7867,1.325624863854756
7868,52.545232500494194
7869,14.704699678086488
7870,40.45450669025279
7871,25.054615397348716
7872,1.764571792345965
7873,0.7476611754331657
7874,57.17164535723647
7875,41.75126721367679
7876,24.991555219212074
7877,51.77669391322833
7878,68.01426417003073
7879,55.32816059273257
7880,50.584245730951395
7881,24.880665311103265
7882,47.39666525184246
7883,1.2906208118662903
7884,-0.6522010676704468
7885,12.738258313132128
7886,0.10410049789172149
7887,29.417941352343686
7888,25.000338507241366
7889,0.9028328671348618
7890,59.64880240945615
7891,41.32756957526443
7892,7.774415881548055
7893,48.21834261424047
7894,34.067842729529495
7895,60.806405111521016
7896,45.34754788956727
7897,51.93616118881073
7898,26.258144613249392
7899,14.491803854514231
7900,2.198168978579954
7901,37.057134484756816
7902,0.850504260054187
7903,48.523564057177914
7904,47.32188085270475
7905,46.57375165798207
7906,44.94362279843013
7907,22.62914399248438
7908,60.55221857251442
7909,51.48503821613833
7910,24.570500531686577
7911,53.669388609105354
7912,53.45620788945122
7913,35.4868812400305
7914,4.304123825060845
7915,77.07516458969306
7916,22.917508731694117
7917,21.537321968685234
7918,49.24265227338908
7919,33.277978997898224
7920,1.9690954507171803
7921,14.837969853763191
7922,1.6461702147569284
7923,0.22176147374101163
7924,45.63486216456798
7925,26.86491236563697
7926,42.597955084392474
7927,40.041549267093785
7928,15.47740359943877
7929,52.91268703360152
7930,43.64921278969846
7931,54.54105146763179
7932,52.188742823814636
7933,60.0188031458693
7934,19.86614952589073
7935,41.979627292114195
7936,48.19020563452889
7937,61.352050903655055
7938,0.9140260686763639
7939,51.13618384374934
7940,45.50441926927612
7941,42.21893524341973
7942,2.1980824595578454
7943,39.148883205680804
7944,60.12359999878889
7945,58.00241838725663
7946,59.8284860105051
7947,25.18458291170326
7948,23.001602131571236
7949,28.468747494559643
7950,21.095180757928567
7951,41.25722072514698
7952,61.61684310107846
7953,29.000159260909783
7954,19.291472282239916
7955,26.212652376937204
7956,36.91437818645821
7957,4.704332285447908
7958,44.587766915848654
7959,64.17328095049191
7960,39.240876659903215
7961,58.46979437765132
7962,40.40695536104956
7963,-0.647307175970063
7964,67.298088840005
7965,25.51767937188858
7966,48.75121700973478
7967,40.62638686964624
7968,20.377995908313522
7969,50.284022296259366
7970,57.42985092401591
7971,54.47989694134792
7972,54.59308846288177
7973,-0.4519145942235454
7974,13.325797719589286
7975,28.594769475877943
7976,51.66282417474791
7977,25.768847310194328
7978,59.56643952786719
7979,9.621343700496965
7980,62.928989151157225
7981,27.6751752642635
7982,41.48471628192755
7983,69.05374073519161
7984,19.738655278033477
7985,22.990058031968804
7986,0.29690578553973523
7987,18.50992540849672
7988,0.20662728264412777
7989,51.756052446056344
7990,49.18591311710631
7991,56.90583536814259
7992,60.78183304637795
7993,48.88440246423589
7994,-0.10404260403227994
7995,63.89758456360229
7996,2.9001885214767107
7997,19.913026734931627
7998,38.13449428201562
7999,48.80280025350844
8000,-0.25082118790327
8001,48.63517150497951
8002,11.067971078406966
8003,-1.5046835147789466
8004,31.019777852428927
8005,30.296691480010303
8006,20.546634618897635
8007,-0.9483152021264232
8008,24.119195129605643
8009,25.458262566801253
8010,0.8747002013746865
8011,86.11777912582974
8012,45.430478924602454
8013,52.42098280782512
8014,2.6004677769301736
8015,70.87465608579896
8016,45.47467029397536
8017,38.371685763769484
8018,46.81970461733567
8019,46.56254810212248
8020,28.50747916416458
8021,69.2848759337631
8022,41.19543908536571
8023,21.826940912294965
8024,29.304088821326605
8025,1.673252738580949
8026,20.821013470553943
8027,53.49637978538129
8028,3.2246978193399087
8029,30.353291472880358
8030,39.69405688295087
8031,44.90726885725285
8032,51.64025841634861
8033,2.3843222971734654
8034,55.640677416637786
8035,15.662680033696983
8036,24.23810116997313
8037,-0.27920937918221966
8038,54.51497475256144
8039,16.23440582558441
8040,20.711564489200825
8041,0.07790408140986216
8042,43.761828700419635
8043,20.176872461556698
8044,0.045705095808294516
8045,49.69016833310664
8046,44.292888878227465
8047,37.121967902839394
8048,27.95495848846347
8049,20.72504194244717
8050,-0.4425817304946733
8051,3.839637170655248
8052,-0.6680362056465867
8053,24.480127878176845
8054,1.4917033640897515
8055,51.884996718014115
8056,7.905503521774271
8057,43.52324817172227
8058,17.76803631050741
8059,43.12456673716821
8060,39.9993226649369
8061,49.047537304660665
8062,49.19596128044762
8063,-1.0560832307327317
8064,25.04611172215396
8065,61.8717555160153
8066,44.86098812716675
8067,42.859335022721325
8068,55.274088423816245
8069,58.08335504744553
8070,0.3845118820542339
8071,27.706352308428542
8072,39.300123661534826
8073,-0.4773347486842283
8074,28.252884957170444
8075,55.937155995982174
8076,36.729901170312246
8077,55.775009530359426
8078,42.572034141627135
8079,32.995903448578005
8080,14.683968060921181
8081,56.76648360441882
8082,2.0365549929102507
8083,61.42082507481323
8084,66.75821159320323
8085,24.824973743251153
8086,45.88085417657797
8087,57.46817866550985
8088,25.764950391907803
8089,34.0458522636735
8090,55.4679891184651
8091,67.53522629267347
8092,46.26028315052521
8093,45.52806135205805
8094,24.853044956319668
8095,42.77075898105613
8096,44.01650615547711
8097,53.62783645040784
8098,47.37991213111877
8099,45.29163640048771
8100,30.974959366784283
8101,58.20686101742157
8102,33.93100708637186
8103,59.29812319881189
8104,66.55093346265616
8105,47.86401216224758
8106,52.64015175831811
8107,57.74704439665799
8108,62.740814541720475
8109,42.0382606482166
8110,-1.127497718986156
8111,36.74417020046715
8112,52.691695867210456
8113,53.839584409090065
8114,21.817255649334296
8115,34.072387042312236
8116,24.680404994534353
8117,54.80364430396517
8118,48.07109710638139
8119,9.630775373063937
8120,41.86154537286545
8121,-0.2515427866327329
8122,11.43894307170289
8123,58.613800627249745
8124,55.3568605268412
8125,57.21456333935423
8126,48.205352473341065
8127,31.40134155028761
8128,46.382726821367356
8129,18.849852518890536
8130,54.755873666285694
8131,0.18434614787640413
8132,3.800642516880778
8133,0.2138677283175383
8134,20.293054210790807
8135,1.1794228752630929
8136,40.39208316071415
8137,-0.6663010622180252
8138,44.801128642015
8139,43.667311008564255
8140,21.213061804790158
8141,46.92924547438329
8142,40.22940438089611
8143,49.8662778799086
8144,50.55335534413884
8145,0.22247857220748557
8146,47.05082399095777
8147,56.5110322665268
8148,4.881829836147727
8149,-0.018365367423292867
8150,57.9855918056608
8151,18.210193122708198
8152,46.727771506546866
8153,23.569356997437133
8154,38.770270078424296
8155,65.13931774111123
8156,57.1633225535201
8157,27.24341772993315
8158,44.01666996702556
8159,24.119523600435073
8160,43.193105884654344
8161,56.23209732775251
8162,35.82869046923271
8163,0.26989804686010643
8164,0.4159841493011811
8165,39.270611528636074
8166,57.25992334709953
8167,47.750887686271454
8168,57.3924629320078
8169,48.41085396345413
8170,27.911536814520048
8171,42.04475467136392
8172,28.180316076052268
8173,50.876668553866864
8174,26.183568702354957
8175,45.998879527953264
8176,38.05004584843806
8177,68.09664136674496
8178,38.76199385056846
8179,34.124075338946874
8180,2.6058631731339688
8181,41.10604364948581
8182,15.478162239801971
8183,17.396363641930694
8184,65.1027080093301
8185,-0.4289881597591858
8186,4.330507974832212
8187,50.26567274417294
8188,23.545378217110738
8189,23.373666763934615
8190,21.17740104281737
8191,43.97530555879927
8192,3.800642516880778
8193,34.23010985973543
8194,38.77097059024916
8195,48.08805339585028
8196,-0.22381035046100806
8197,-0.038057082761476124
8198,46.42361103511908
8199,47.75149426582833
8200,31.504882889753212
8201,21.601818012592638
8202,-0.6042472415487765
8203,1.4028959729903967
8204,44.370167272182414
8205,24.718732919618702
8206,51.270954180294595
8207,19.923096926874834
8208,54.19554849811706
8209,39.287062603307895
8210,52.08596050243615
8211,45.55282806337224
8212,56.51544345948221
8213,69.4929972301079
8214,7.53350888792529
8215,70.72435175561952
8216,13.331965847511828
8217,47.81120022738723
8218,60.549906067229664
8219,33.60231558160615
8220,45.09689918394122
8221,23.232104022327768
8222,47.02919215383574
8223,38.355857927485154
8224,50.554505796713286
8225,10.536537738036166
8226,46.95957661558737
8227,28.858377100866345
8228,38.02765992471639
8229,49.240669743719536
8230,26.634241869956302
8231,39.78394496039972
8232,57.97901135606415
8233,5.486047621580916
8234,48.247247310762184
8235,39.462529537085494
8236,0.5035473778713353
8237,-0.6511091267932088
8238,55.61380578649853
8239,52.95683401652583
8240,39.98603699847859
8241,45.147366901957255
8242,47.60297416995948
8243,40.93656325634902
8244,1.4215529546321477
8245,0.017792568394618513
8246,24.36971682508437
8247,63.215005057604635
8248,44.00264535160056
8249,44.1373604830455
8250,32.97201184672501
8251,40.51936834243805
8252,13.621378721223419
8253,25.39506388505882
8254,44.51330773906494
8255,1.0666017051399734
8256,60.43172931900641
8257,42.58056557225709
8258,21.064045311876754
8259,11.381018873983471
8260,4.252336155417332
8261,55.85426032331185
8262,24.223588081136548
8263,62.547445564629356
8264,1.058745149011962
8265,45.43826165429728
8266,2.5091064694822904
8267,41.35659164633214
8268,36.68371843521311
8269,27.66341033228344
8270,18.267216808561486
8271,-9.210320022509428
8272,46.216160013948844
8273,11.56723084021954
8274,-3.36478334390781
8275,49.018459264637535
8276,50.68910230634245
8277,48.41362705747774
8278,28.797283587935112
8279,21.133218777224705
8280,17.37259637538331
8281,49.0522920534508
8282,47.98058580236857
8283,33.01894929764812
8284,53.10006092773962
8285,46.38412942027247
8286,20.52157523146422
8287,49.74631859179707
8288,21.1482668284712
8289,5.389237248088811
8290,33.980297594526796
8291,23.30699860110034
8292,0.6479613648960623
8293,36.952494834712354
8294,0.1141284582271993
8295,51.56329693216337
8296,45.745015426329054
8297,39.83837519281063
8298,44.67880657582782
8299,43.15792437953337
8300,26.198166226065624
8301,-0.0687499204346338
8302,39.35005603305467
8303,57.004782576138695
8304,48.16359944442972
8305,20.748697163825028
8306,43.10480943280966
8307,50.281687448713896
8308,25.123460121505943
8309,33.315817250129854
8310,0.1799921583561499
8311,18.04628297506092
8312,28.72672313015219
8313,32.04498376436398
8314,31.679509617797816
8315,41.967126164437666
8316,54.73012237007007
8317,54.48946458730719
8318,31.223218939367907
8319,18.54397912905587
8320,22.96674505844018
8321,24.66331057609584
8322,58.11174213991228
8323,23.188834423665213
8324,1.016151501358351
8325,32.21266613439275
8326,53.45171156750915
8327,35.59703076591108
8328,48.8595379143708
8329,-2.1498476877366386
8330,41.088573380090324
8331,41.89255999109899
8332,40.42361144137552
8333,20.41532774086653
8334,26.03773731609247
8335,45.677088043755546
8336,35.859353465404645
8337,23.260535616156652
8338,34.12524483137253
8339,69.56596083469637
8340,43.373102388985245
8341,43.908106342451845
8342,11.210371492439958
8343,46.60599774597
8344,51.93914335106291
8345,-1.0842381393953815
8346,50.61449837564609
8347,21.37646867636277
8348,44.67089115385409
8349,25.627603408853496
8350,25.904668072296907
8351,0.7085483847768899
8352,49.298424799720166
8353,34.86598939203167
8354,32.238856578288086
8355,1.6322683908526372
8356,1.262892058816064
8357,38.54351140623744
8358,-0.49112311852793056
8359,23.405603226963947
8360,51.415375503769845
8361,32.90238763869599
8362,49.296176395857316
8363,49.29768101240795
8364,7.981208776053581
8365,70.62169453393058
8366,0.38637890329482616
8367,62.433069777189246
8368,21.72599922394595
8369,29.947256088613514
8370,56.122610383123146
8371,51.54957247275447
8372,14.10275695914601
8373,15.89967567321996
8374,39.94571125933477
8375,47.743879579386515
8376,0.5981786147847217
8377,57.87605619881019
8378,45.86738021103496
8379,21.080431529276545
8380,1.5866904999619607
8381,41.062218937099985
8382,3.3059876315730463
8383,14.04285059514843
8384,1.1001497547602455
8385,43.73415369735546
8386,23.115664193883212
8387,61.223079785644956
8388,20.089470137973898
8389,0.11007504126394707
8390,52.627310761028355
8391,65.23949207390916
8392,23.714241428053654
8393,42.16164551313202
8394,48.92121811651056
8395,47.97801344543008
8396,20.985289908441768
8397,56.44931661048993
8398,40.33099084937858
8399,1.0443430822947448
8400,-2.8099200805645523
8401,-0.8060177412711482
8402,50.584797747834955
8403,22.62284333187486
8404,40.82624475335862
8405,18.15015332300776
8406,53.16418388683109
8407,38.63328583789271
8408,42.377365268460004
8409,54.857076269962434
8410,8.557688870122863
8411,50.29691430920451
8412,25.652568393352297
8413,27.68636824695948
8414,53.77305745205691
8415,58.999889655970094
8416,1.198064265867309
8417,44.2059683713437
8418,43.41858455311737
8419,46.63179503504848
8420,41.85727192144269
8421,40.50881898050823
8422,29.628350323177713
8423,51.54548818313151
8424,15.193596706029613
8425,42.83672877816379
8426,1.6153548724126097
8427,6.509115916700004
8428,44.373402256649086
8429,61.023707886725276
8430,-0.09284697179213453
8431,61.77108401989702
8432,1.8412596461880497
8433,69.08815682049841
8434,14.10134373315175
8435,0.5790329174882771
8436,-1.3364479814858115
8437,46.90131255113552
8438,22.242516866521253
8439,20.98640679105747
8440,32.066041341079554
8441,19.560100960249226
8442,47.26074435983799
8443,55.089654552305376
8444,1.0108339531400787
8445,47.420683012895154
8446,1.9829968526879327
8447,39.029651056737066
8448,44.32232209068469
8449,68.83434986820467
8450,40.84128746373658
8451,54.511542047522354
8452,36.83137550430845
8453,22.237270472679782
8454,38.960463364307735
8455,18.136709639651617
8456,47.7243505116989
8457,25.07842010092869
8458,12.418975869317833
8459,50.41459925306489
8460,30.13303645599363
8461,0.8657225767809109
8462,22.307675510523048
8463,23.46621085286267
8464,1.6603611069735962
8465,36.02565918423532
8466,64.02643007938816
8467,3.058938662364614
8468,29.92917297320286
8469,21.77352290592959
8470,52.57333181746117
8471,24.0603300573651
8472,71.00060998309522
8473,39.16509555983256
8474,37.75039493041714
8475,8.129555624181528
8476,43.26684376977481
8477,55.46855590763423
8478,50.30861837887966
8479,32.88348675534953
8480,1.007954997691904
8481,20.60670389231435
8482,57.263157211417294
8483,32.160157044049086
8484,51.28896681638062
8485,27.582313369017875
8486,24.985072952578733
8487,9.102927039245643
8488,41.32952533869067
8489,24.097004898477625
8490,21.710521951812268
8491,45.30555085164018
8492,49.42818877557059
8493,13.265471226177581
8494,21.035810137305226
8495,33.507085107415044
8496,54.23485719864159
8497,61.07258548317495
8498,24.57309530220402
8499,22.475928373885818
8500,43.412476814917014
8501,54.32941270519232
8502,43.5921357043982
8503,20.96173008885406
8504,54.966092369878226
8505,47.2166053889995
8506,28.462782821953084
8507,21.80105146099669
8508,18.09920258080645
8509,43.267144437149206
8510,73.13909016431626
8511,1.580378326957831
8512,11.549432019886865
8513,49.530020313553166
8514,38.5840177926437
8515,-0.9370827233280039
8516,66.95917715375234
8517,61.11692115223809
8518,4.127195564423921
8519,43.662045915986745
8520,14.186852264532956
8521,25.101791128353177
8522,-0.9205615011670218
8523,-1.2799849925431488
8524,14.508623961202662
8525,45.62606920882226
8526,38.05274196065463
8527,50.059613940418636
8528,42.027364803626746
8529,44.79447777706139
8530,62.7099988696981
8531,15.694050326753203
8532,51.49745564494194
8533,21.98301339323819
8534,56.64391521635197
8535,18.590414830214726
8536,-0.38173584505852887
8537,21.220322845928564
8538,60.03084395374281
8539,29.776079967670064
8540,0.26925591901449053
8541,55.72115406302508
8542,32.74096275482869
8543,41.41743263939971
8544,23.414294148194493
8545,4.837960647384293
8546,65.90955115866859
8547,51.25167761491555
8548,23.43056458236233
8549,21.26608447302879
8550,55.102552905577596
8551,52.666462691564604
8552,20.106176632297085
8553,5.338842913369749
8554,27.53747830932086
8555,62.38395870779636
8556,25.22844225662989
8557,47.52432757049246
8558,47.25009707834108
8559,25.284605870957332
8560,9.388087428510769
8561,0.6211108518358799
8562,53.714579025712
8563,47.32384078748988
8564,43.96576491999322
8565,51.15329418244313
8566,3.164201498640626
8567,23.747470768916152
8568,47.6762987326903
8569,35.321266494961854
8570,6.970206134924801
8571,42.05460008301576
8572,1.4917350828368683
8573,53.29069062099663
8574,11.708818505408626
8575,0.5688684273379963
8576,25.08783707693638
8577,25.45645677319579
8578,45.34615734758124
8579,43.74821519001828
8580,42.686512752075956
8581,40.900516118821805
8582,19.884131692001418
8583,42.166104762233076
8584,39.95090475832642
8585,1.0944100293124137
8586,3.1149304537993316
8587,64.50412700615273
8588,58.818726062608945
8589,17.02360723385784
8590,52.46669770394627
8591,0.07047937384940184
8592,23.78733725001259
8593,52.322232877190636
8594,22.436713958411566
8595,13.219547128017375
8596,41.38910677708866
8597,59.85914370940648
8598,40.5295684226331
8599,52.83253546574831
8600,44.641054134133896
8601,32.2700656113129
8602,2.052913443253143
8603,54.776951113866616
8604,50.865821970929474
8605,58.000514720441586
8606,22.67577152128193
8607,58.666625340144535
8608,22.595413875678602
8609,18.970990990237418
8610,1.3525803436336012
8611,64.92028876228935
8612,16.326200412288884
8613,32.50905897119907
8614,40.24470774100277
8615,33.68644517905653
8616,47.03309890567104
8617,57.48194054578313
8618,-0.3658583637077655
8619,56.93084522430935
8620,44.521763209860936
8621,19.600170036322837
8622,26.68228108357717
8623,57.64599110273554
8624,52.382351943296854
8625,1.4414176349122734
8626,42.91568251349043
8627,1.252933562666442
8628,20.81757365480973
8629,48.67206006818757
8630,25.71403512866911
8631,46.92262537278836
8632,42.65010335346233
8633,1.7252821964768081
8634,71.50035844475903
8635,39.18678373729763
8636,28.116021969024548
8637,32.49100246686283
8638,51.911512418210236
8639,39.91015276344248
8640,26.132175291162206
8641,43.017402388114675
8642,42.05713623929115
8643,46.56900939613251
8644,58.670380812709126
8645,45.18097654702639
8646,3.0723096016316873
8647,47.1510441401617
8648,42.286118939857204
8649,48.23796177639437
8650,49.06048974888688
8651,28.731388551945948
8652,62.55695147701861
8653,66.7722516396974
8654,24.3238290099237
8655,54.98822438606972
8656,48.904044465310065
8657,37.40824116311531
8658,-0.41800433782241697
8659,23.23540452059306
8660,56.024487133912025
8661,2.4696740327260294
8662,8.299858343376254
8663,22.396982646688983
8664,16.079893229433466
8665,27.540882924391518
8666,37.80754637364888
8667,24.194637955563707
8668,17.72273040350838
8669,19.110967960967788
8670,23.132667787938416
8671,9.873010921016707
8672,17.01186481994191
8673,59.76600047933641
8674,56.87372405272116
8675,19.12735955735724
8676,12.43728186416503
8677,47.8086561784439
8678,54.29299725839242
8679,50.55591492268155
8680,15.383435319101554
8681,1.7967882361669112
8682,54.37612416750797
8683,34.603191418524126
8684,1.2228358715300516
8685,49.54363639237816
8686,3.302583877748752
8687,55.21795997329889
8688,1.1141222648595033
8689,50.35452814579619
8690,21.587176726186357
8691,-1.08952900102161
8692,62.134155196182164
8693,23.12830614990342
8694,29.440542141365807
8695,54.85854335246931
8696,-0.5343756314985058
8697,53.65880828059431
8698,27.797728469530533
8699,1.514692279813616
8700,48.128346045235844
8701,30.61632349546447
8702,55.96425296769674
8703,2.703347053659101
8704,24.91379781067135
8705,49.673221130127764
8706,19.06726431504126
8707,41.24523779305254
8708,2.313938363858405
8709,75.41632754652338
8710,63.78715028614412
8711,23.793189446034802
8712,1.2279362572435844
8713,5.486196845168692
8714,16.845122189469006
8715,56.00902453231032
8716,2.2800134247697095
8717,50.186272997679744
8718,66.12055348258056
8719,42.96947070475317
8720,62.77087476500998
8721,0.3621543644167673
8722,44.08456370294691
8723,65.64026273254515
8724,56.08428792452541
8725,43.41783268754585
8726,34.18927956446639
8727,43.96753989755784
8728,59.265555147924516
8729,18.656570678827613
8730,-0.452519555666008
8731,29.341080443127268
8732,47.25266916842844
8733,40.23258135364238
8734,42.29904203045048
8735,9.198406008775507
8736,36.34841608096621
8737,-0.40860906935395747
8738,58.96706319385128
8739,60.63040224182014
8740,21.7645468638853
8741,57.34501191306032
8742,31.12599836171802
8743,1.546516262711087
8744,51.32434925441905
8745,47.61718336621951
8746,13.32731148145383
8747,22.58543480391
8748,7.00811000023241
8749,55.750725556482564
8750,49.35231210084909
8751,37.008131624474
8752,4.312968696147799
8753,47.31316871717158
8754,61.292931504181425
8755,42.67678378149873
8756,42.77621568362238
8757,0.07755269524632524
8758,19.77878780965977
8759,56.50788456234472
8760,51.650588974355855
8761,-0.3918296926772413
8762,53.12379907169357
8763,54.64021649521845
8764,54.507034172320274
8765,1.3959801210811236
8766,52.011165852305496
8767,19.8083346685087
8768,38.569770672506145
8769,22.82476984175464
8770,24.408185820882455
8771,37.6321645533152
8772,55.11425045361875
8773,30.83216316070802
8774,4.547661835674635
8775,-0.2069727258146159
8776,23.325147967667966
8777,-0.5543049386002821
8778,24.856421352207683
8779,36.430970720482506
8780,59.4147293871806
8781,33.74383023896287
8782,1.7338720262682692
8783,18.132047001253877
8784,44.04424381171096
8785,29.608245228401728
8786,50.28771999123023
8787,53.11220110761309
8788,68.00168317295316
8789,45.93342555742441
8790,25.6962569012544
8791,39.03712277719406
8792,45.035862540031786
8793,22.50020991825683
8794,28.10150224781185
8795,30.41657844611846
8796,64.92098836929381
8797,39.155558312017625
8798,54.40600849362299
8799,48.11558976725911
8800,41.203316346991095
8801,-0.19335828250972042
8802,50.99980560762999
8803,0.6534563812023322
8804,44.20545253449546
8805,39.7350235166832
8806,1.8691619539631539
8807,21.52275930627789
8808,0.8999453595738132
8809,60.477166102103126
8810,14.230875937005464
8811,49.63609892559381
8812,55.825220751639705
8813,16.62639983033285
8814,38.41441197486846
8815,55.36040279789222
8816,48.1282985452319
8817,34.86736360592864
8818,-0.33639860764868956
8819,28.32954274023743
8820,43.157072766844635
8821,-1.0518917387731577
8822,4.136070296833676
8823,26.513252515174873
8824,30.567161435888814
8825,68.95469409384197
8826,50.46692199235474
8827,53.87081020350619
8828,2.727138406834438
8829,37.355038206892296
8830,29.30736717160363
8831,21.068239483592983
8832,1.1348686129547332
8833,25.33950270930293
8834,49.688409292173134
8835,49.32512613596252
8836,29.910191203963702
8837,50.6422859253542
8838,55.18025043572528
8839,0.61180744179633
8840,57.19956463217615
8841,51.438480361368775
8842,60.53825096568725
8843,51.615447059414656
8844,39.842550453403035
8845,41.09606251860433
8846,21.38880936832101
8847,52.98073993686718
8848,33.10238492142562
8849,0.051544443520398886
8850,51.79908472743463
8851,39.493898637634075
8852,48.38826727728383
8853,48.564834623472095
8854,42.792616732211876
8855,12.698358328070206
8856,25.972946946569053
8857,20.058127249743826
8858,35.887911689075764
8859,20.780322629662294
8860,59.58632432136686
8861,67.07562808555016
8862,0.8966271529956344
8863,50.85806877648694
8864,48.96744154971926
8865,-0.4031711552372528
8866,4.289258026249261
8867,21.290951897716013
8868,55.659044911602095
8869,47.96777225904882
8870,27.305529385835538
8871,19.813647803000094
8872,39.47207128937107
8873,39.47258032005323
8874,40.75290590268141
8875,42.843938995279835
8876,1.9462360894323254
8877,34.47395161503919
8878,2.92365391175354
8879,31.475753417542496
8880,-4.606894188708949
8881,21.539980829407675
8882,28.694510807370985
8883,3.8395129445991927
8884,19.655885863204695
8885,17.13052746924672
8886,47.741527270277594
8887,57.04625802743624
8888,47.579673000957484
8889,19.554982281014958
8890,1.2349914738873764
8891,16.860408461759373
8892,15.741022545553474
8893,17.928475085930028
8894,66.6025772159353
8895,55.66364998835709
8896,4.588889526430346
8897,25.221265790434295
8898,1.5201780510741614
8899,38.740244331278795
8900,46.73315567698484
8901,40.218391243042745
8902,41.012958305791344
8903,0.42858522722913506
8904,56.425446635477606
8905,2.3335904646785863
8906,50.51791068833295
8907,65.71687104873145
8908,41.54265074431922
8909,54.91449083763747
8910,42.4503348193841
8911,43.10008538681872
8912,0.4527661150623814
8913,44.283911789645785
8914,50.93595012218081
8915,59.24933503585909
8916,22.099429467406665
8917,-0.4553579217400099
8918,0.40640884875207917
8919,54.16044454467858
8920,11.68140304992064
8921,60.296793909554864
8922,29.451011761409553
8923,56.71122336249364
8924,34.714199656113074
8925,47.17356794518536
8926,25.984492323892788
8927,23.872116665656634
8928,52.27096304131302
8929,54.94919517526313
8930,38.512040253660466
8931,57.489933200426535
8932,48.29657495284687
8933,2.179510188106992
8934,24.495946452947493
8935,50.07884028529931
8936,24.024066383710622
8937,15.199473660264754
8938,47.25246990956535
8939,57.40472302219584
8940,65.08581327449798
8941,17.79311756567779
8942,36.23403790021836
8943,61.78608879133908
8944,52.25007399131802
8945,-1.2104793162283798
8946,32.61933449853572
8947,51.29218382320943
8948,51.83665448525072
8949,70.91460980577935
8950,56.870160141636106
8951,23.65854596716722
8952,46.61494036187474
8953,15.325030028364154
8954,23.338532255588476
8955,59.03300419329186
8956,22.121321690303343
8957,0.06985531808675205
8958,56.049623028076425
8959,47.69986785991467
8960,-0.11796731480809797
8961,51.885953193561924
8962,9.940414493316723
8963,52.22828653499006
8964,8.984666035611177
8965,25.748182704868782
8966,48.748410118315775
8967,51.272051168357
8968,2.498752199286727
8969,27.402232682603312
8970,15.211503268692901
8971,39.05465140743768
8972,11.027266214664529
8973,22.56641454722014
8974,2.94043648447078
8975,24.441374062325586
8976,43.50044022814284
8977,53.76005994910448
8978,47.1386928104527
8979,29.21605082630836
8980,2.523987199551776
8981,30.495814318377523
8982,51.04788396609216
8983,50.82345193981334
8984,43.42331825852429
8985,13.574452366537734
8986,30.229113977478157
8987,5.8681714039042525
8988,36.367873475718426
8989,53.66786866693825
8990,43.94238107067374
8991,43.79221456094601
8992,26.34665821397562
8993,40.103989108894076
8994,0.15496151786078372
8995,37.342148926490374
8996,51.288784142438836
8997,25.71184218452148
8998,23.059057506543354
8999,49.95418528140425
9000,25.96033805133922
9001,29.560174269755645
9002,46.548571276368605
9003,39.681645794345314
9004,41.04587408778611
9005,30.704938361263114
9006,21.19748153075843
9007,8.47389184570834
9008,15.108330119490418
9009,17.207239600082012
9010,41.24667034936117
9011,53.188329864716806
9012,-0.7816983594174829
9013,47.04302098771944
9014,49.33207283952632
9015,57.959442020882605
9016,0.4312861075264891
9017,53.3790194003043
9018,35.37227716265034
9019,57.38956529649266
9020,6.009065351700702
9021,49.919292377623364
9022,1.0512405819869386
9023,34.76395709023406
9024,49.04540251704664
9025,21.52405734230929
9026,47.87517883878791
9027,50.014633793914975
9028,-0.37011065680513866
9029,45.13298569271899
9030,48.16850269217999
9031,58.21170633957973
9032,49.54431241432827
9033,23.971992365286447
9034,29.018049877027607
9035,50.41854789923541
9036,1.129726336233297
9037,28.357628182607407
9038,22.398121933196485
9039,23.3959726824355
9040,27.293517286913175
9041,45.441633087844856
9042,42.97834358250512
9043,35.24667375023842
9044,47.44305398550492
9045,21.314838302994463
9046,46.6973618170849
9047,28.7937058615229
9048,18.307342670073183
9049,37.0305875589228
9050,29.624387621153723
9051,67.24852942534486
9052,66.72056382673426
9053,39.27822618181683
9054,24.75331030692536
9055,37.57280636633552
9056,58.50765489115868
9057,0.9735072094223369
9058,50.01755484625788
9059,54.52180931967405
9060,27.514126896333423
9061,30.460701006069385
9062,64.83296454383722
9063,39.04777272449921
9064,24.563638713124462
9065,48.23187380811892
9066,53.01300279662206
9067,26.36485679856243
9068,23.48152788952544
9069,40.77916918843825
9070,21.83599966815607
9071,39.900385115240844
9072,58.9281962949903
9073,42.36450788234338
9074,20.52530722468282
9075,52.04635237571688
9076,60.56333084165189
9077,55.92170657987751
9078,42.40638882054842
9079,2.403876370919047
9080,0.39735595247679356
9081,20.10421420344248
9082,41.910469101014755
9083,28.39511678662001
9084,11.870477069912582
9085,50.162388740843355
9086,24.338903698452906
9087,18.596361942883505
9088,37.68013106132193
9089,49.14060079279416
9090,-1.022376827761562
9091,1.31857544180113
9092,34.05010879455064
9093,-0.9250590461901922
9094,50.88432097943661
9095,57.907152612092844
9096,34.468942868611535
9097,22.117567456968267
9098,51.69889154903219
9099,23.59204279029356
9100,25.46725988085949
9101,27.250926647134186
9102,14.630875021873894
9103,36.34418709351251
9104,54.31321153173504
9105,20.36941218155531
9106,24.933728099057447
9107,0.7179238299032775
9108,40.31836547799566
9109,47.92030781434255
9110,68.38167491746287
9111,-1.386355967134584
9112,46.91967036344573
9113,48.72432453770104
9114,47.96914561098913
9115,0.5929287064781832
9116,9.223642019780062
9117,44.23662927469472
9118,23.913077308366795
9119,34.542670954964635
9120,34.39403934898075
9121,43.3261644991135
9122,24.01087912557351
9123,8.461120406807755
9124,44.272323305222855
9125,23.461340120562397
9126,51.10089665400501
9127,-0.7214886824713744
9128,0.1624810166445556
9129,62.03043001168086
9130,-0.27708457162160727
9131,42.200633012827865
9132,2.5780669341090743
9133,1.5831210014932715
9134,1.6726014242728588
9135,64.0275130802523
9136,2.3434326515248465
9137,26.280648834881966
9138,53.17331283565912
9139,66.57366452887256
9140,51.424257622223905
9141,26.68001793057856
9142,15.075237216269038
9143,52.946235731931935
9144,40.175071673167224
9145,63.845552875371595
9146,20.80034697699203
9147,49.187284534686654
9148,15.222307089768325
9149,13.61472764793426
9150,22.708115607252008
9151,34.548253477526146
9152,1.3578258623003485
9153,0.1574570140916549
9154,51.19259818318595
9155,11.813333718248746
9156,38.639955867354765
9157,66.24944137726341
9158,0.19514668994556672
9159,23.5232017268742
9160,3.686666891897371
9161,37.72653574452843
9162,32.102374521599266
9163,0.8458990464325211
9164,16.488181654094152
9165,42.53590834160227
9166,23.879082774678697
9167,42.248428496120134
9168,47.586009302945286
9169,49.26079563720832
9170,25.600810306838202
9171,13.656924288841058
9172,22.905737234237144
9173,64.53791838046315
9174,44.432982667082634
9175,29.46932779560967
9176,45.720658575493715
9177,41.0700863936468
9178,41.90407473914088
9179,41.904999593016626
9180,0.6656720216453209
9181,48.20417543707769
9182,50.973415370868366
9183,27.96307237783948
9184,55.094170794814445
9185,46.030235546796476
9186,1.3650094949482572
9187,59.11308427224871
9188,65.59273714904847
9189,55.23096104663085
9190,56.82517064888985
9191,48.2948354057597
9192,40.155560083896084
9193,11.92603526739768
9194,69.25887788227034
9195,12.876925238894646
9196,23.895311441278473
9197,34.721242200796084
9198,24.867572972913983
9199,21.06736868947109
9200,15.943371410006414
9201,46.65074586608944
9202,46.191178122432085
9203,0.08690638131009365
9204,12.694318858422207
9205,41.11420964344514
9206,26.167398889525497
9207,42.184894314434075
9208,33.15137537326446
9209,2.4882465258435893
9210,45.399729832440705
9211,37.03238644508355
9212,57.8624493548985
9213,60.42121026476465
9214,23.274967912304696
9215,36.76369283282211
9216,19.87513403043671
9217,2.2975414968881296
9218,62.710871049824036
9219,19.579855273089855
9220,1.3959801210811236
9221,0.3245006292052892
9222,33.712080880055495
9223,2.3463161716060874
9224,25.54637789342143
9225,29.43977644038428
9226,51.846226272398056
9227,-0.8495049323980552
9228,41.2687653093937
9229,30.42961444129821
9230,55.20250865043377
9231,-0.9412635505189968
9232,44.95602857739428
9233,59.43075634423062
9234,45.21421185580269
9235,-0.8214474930302842
9236,38.37400623931479
9237,24.555306156406395
9238,46.11139486334372
9239,2.076024157828922
9240,1.6788484023108659
9241,51.91419983467017
9242,51.54241686721779
9243,0.6918855542529769
9244,2.4408414585014633
9245,19.965341962812765
9246,51.3247122081124
9247,-0.6108052011697964
9248,36.88484646245906
9249,31.446412833407962
9250,36.677103793003674
9251,41.58703945223034
9252,-0.25367089767188844
9253,1.3134280838548769
9254,64.2187755360182
9255,51.579289394170985
9256,63.21127632267236
9257,16.893261090983003
9258,44.09612811164149
9259,23.234970711925353
9260,48.90271967907813
9261,61.72373023934939
9262,1.7414142439705742
9263,11.792842614966098
9264,32.22297840066666
9265,46.19803539842876
9266,49.419218429500056
9267,-1.3134021827222426
9268,3.120846455467017
9269,25.92618071247796
9270,53.2215877838851
9271,54.52987762257165
9272,0.834641524824093
9273,47.15932073528159
9274,29.96894505180756
9275,15.25950732389947
9276,33.74904055266909
9277,23.986366761014153
9278,9.60674712043376
9279,33.29837968918237
9280,19.031202520317013
9281,21.249920147593425
9282,46.16452350944144
9283,42.39358220467635
9284,43.209283871274934
9285,50.880977816132756
9286,36.86372182825285
9287,57.436178472990335
9288,18.878704101466468
9289,23.95802229140106
9290,1.5510870759731752
9291,59.236148803081086
9292,68.68858355937715
9293,47.01363971496084
9294,24.88700688867373
9295,50.33250304208923
9296,3.954338917611892
9297,22.196649056437796
9298,31.27421654138923
9299,0.024121713339404494
9300,25.547546663839938
9301,22.810417377880192
9302,41.686601358825094
9303,23.83679344321457
9304,48.86948164987133
9305,-1.7772842684658414
9306,49.387674382934065
9307,28.73267349031496
9308,44.4841095318514
9309,27.505358634304688
9310,35.238749345573034
9311,52.29363486398917
9312,52.61749906344509
9313,48.44082123711573
9314,30.968161906003797
9315,2.6524347928120946
9316,28.255758017503815
9317,32.74613352885734
9318,14.200819866658072
9319,6.142505498635433
9320,35.46422238345588
9321,39.17543514324413
9322,53.3531733738052
9323,28.41665651919535
9324,63.55009129345338
9325,53.27316777568565
9326,36.26670067769152
9327,23.645362177295105
9328,51.28005599924505
9329,64.00097081148127
9330,20.65852221222044
9331,51.358260684571114
9332,36.26144593383298
9333,27.885350955122515
9334,52.329239306249725
9335,62.88913683972726
9336,23.884817257596183
9337,52.86869381141341
9338,44.6415582773472
9339,51.63427638950998
9340,33.94136617236293
9341,0.047865008385024055
9342,20.91382759496734
9343,51.98002843364759
9344,34.10025412669746
9345,32.33402563366781
9346,30.35270945749443
9347,26.881042349992285
9348,25.02087204851783
9349,23.71423322024534
9350,61.54580356819177
9351,9.59956650367241
9352,25.379258565973203
9353,-0.10465171066235968
9354,47.383908204716434
9355,41.84645251821266
9356,42.15056635825019
9357,1.7884842104775274
9358,23.74567819031101
9359,1.961826430598535
9360,50.62152725680589
9361,61.15614863916941
9362,16.748848483810143
9363,8.362195270440573
9364,1.4314043494220812
9365,28.808582980139377
9366,40.07128592513044
9367,5.25360607817424
9368,50.07541571714994
9369,62.477064490631285
9370,20.763746470489643
9371,20.812734397176307
9372,1.6964023011313216
9373,72.13524505579454
9374,58.61036819791179
9375,42.45839017326436
9376,18.963697933262225
9377,39.35811253703197
9378,44.517179272838476
9379,22.593966487899444
9380,30.34769108820198
9381,19.330969179042548
9382,20.664669271588544
9383,24.020011317921746
9384,20.96928021398505
9385,22.64751769910126
9386,47.49778334560993
9387,23.458354929026484
9388,54.558783624065946
9389,-1.8238187304681404
9390,1.298362307550324
9391,35.12839674365563
9392,22.086754363329067
9393,43.706662974491486
9394,42.67630684371503
9395,1.4354813734836434
9396,18.05890993798096
9397,43.195907737920784
9398,19.300636865164204
9399,2.583154735581342
9400,15.620066822570166
9401,47.648389200622304
9402,13.2948322688055
9403,45.658980221402416
9404,2.569037658401431
9405,54.303884796335424
9406,55.56268006630062
9407,58.042115832327546
9408,45.49023288877484
9409,41.68897411066279
9410,19.21694880123789
9411,43.10117233144875
9412,13.144366841942958
9413,63.6266094405666
9414,42.46560325556865
9415,43.39091114719925
9416,6.902140831524179
9417,1.528670481609442
9418,63.76187526684349
9419,51.95173114013684
9420,51.62826821779684
9421,56.1268089681338
9422,4.453622456303975
9423,27.242396213159523
9424,34.781560965573306
9425,43.123668887392846
9426,8.93843832313513
9427,49.64142626082543
9428,35.835268845813644
9429,22.62658545148536
9430,19.01727618020793
9431,50.65035451629343
9432,18.676041139742637
9433,56.062484791651585
9434,38.10930111838403
9435,3.973610063919729
9436,45.27252551802497
9437,-1.3201807537843706
9438,29.175683784329763
9439,66.46808807862772
9440,1.4937319311628592
9441,45.594249515354726
9442,38.821764916747085
9443,50.631550412907956
9444,43.18358286736217
9445,25.220535143707146
9446,44.01480532918011
9447,17.371509248715952
9448,25.493862359799614
9449,28.905114627673846
9450,52.5834847709921
9451,53.88915967163657
9452,39.59898726083918
9453,12.26504266304412
9454,51.23233433418058
9455,51.39848520943933
9456,45.85765842720872
9457,47.42692383778129
9458,0.46929236929411644
9459,48.45086558541578
9460,9.267413523707695
9461,3.9363030458028057
9462,1.3874084575224792
9463,2.177415568034455
9464,49.23081616505738
9465,57.052907669192074
9466,30.05571068901937
9467,45.85844778887708
9468,0.8362167567444558
9469,27.90040205969407
9470,21.930008611829983
9471,19.0197233652494
9472,5.330026410694117
9473,45.73360559219955
9474,52.21378919046079
9475,18.358799884347572
9476,22.30396718767132
9477,1.2911607666466551
9478,0.4472295271614968
9479,56.4495060185269
9480,12.604682416160365
9481,51.46534729440222
9482,41.94651036788567
9483,59.259932502724055
9484,29.63665584811728
9485,61.10152326126007
9486,22.559667801779717
9487,-0.4047624752538681
9488,48.70105968454661
9489,0.5714241398498885
9490,45.73668852655151
9491,60.18331388310261
9492,59.45058259978321
9493,7.374400393347191
9494,61.92410524618311
9495,45.89961777591286
9496,19.794448340295716
9497,4.9441605822628745
9498,48.63667358308514
9499,12.991249598532015
9500,25.653006669264425
9501,32.40533901545534
9502,22.825782490104082
9503,4.892836700188333
9504,29.822388576226356
9505,43.94275800448725
9506,14.62181661208308
9507,32.12691850084924
9508,-0.4862147279342466
9509,57.38089940926615
9510,30.31586433907985
9511,63.004948403239396
9512,52.2884062781047
9513,33.08090368235288
9514,50.82207427834502
9515,13.626534804327036
9516,42.207360975905395
9517,56.74746172752486
9518,49.320028052268256
9519,43.009862301568326
9520,10.58798606319742
9521,10.503649459374373
9522,-0.6212766955030418
9523,48.89454561292027
9524,16.72498421454935
9525,52.81658477427795
9526,35.26601908451401
9527,33.23738929293059
9528,54.31017077753012
9529,2.123834089677551
9530,20.1807035365766
9531,27.44423885186433
9532,2.7667196661251694
9533,11.174392480119074
9534,41.172643835305585
9535,40.52180296924648
9536,22.47565380413006
9537,-0.38315309068516257
9538,28.522485411335726
9539,41.74106274102202
9540,27.216950462485876
9541,1.4832655084408373
9542,24.215490637182384
9543,25.933716752136853
9544,46.69988351759693
9545,24.87468662894797
9546,50.90891893163085
9547,11.430390814010256
9548,48.621712874114046
9549,28.532845748892377
9550,21.442000226233063
9551,69.32167391300344
9552,52.89394005753594
9553,51.85895905488489
9554,19.770881420607687
9555,34.45010883858167
9556,0.23242637767436491
9557,26.83926496467827
9558,1.1736330948978377
9559,33.891527548464545
9560,23.965721203496564
9561,38.420588998705085
9562,67.10066322482038
9563,47.07073089685852
9564,11.089057909922612
9565,73.74528628341614
9566,12.201373319731296
9567,50.94661093379722
9568,45.05367877717429
9569,57.248973701753485
9570,3.2191846202243575
9571,0.08523062379924795
9572,12.183913795033995
9573,44.20635767553232
9574,9.491468706091059
9575,0.17685760315353605
9576,-2.24589237946536
9577,1.4705650645503816
9578,45.60607689387916
9579,43.8619555101874
9580,40.54966239137973
9581,25.618821387913243
9582,22.564137955888697
9583,26.785689117661065
9584,9.317350973901817
9585,53.67037240504804
9586,27.827355192938377
9587,66.91143237093127
9588,1.8472279781493732
9589,51.75650333599979
9590,40.25132796327933
9591,22.972357753510195
9592,39.47134764295528
9593,0.146446794892789
9594,25.62364974823363
9595,27.406277441342326
9596,53.53553469875517
9597,48.87491571460144
9598,44.74693187350971
9599,19.746212058214407
9600,53.529438221308496
9601,23.25268264663261
9602,43.22920332798881
9603,58.77700275614637
9604,12.70878285648395
9605,47.42438977094969
9606,48.30383282039669
9607,28.446183251758786
9608,3.1581464889048227
9609,20.301025886193806
9610,52.49435117380469
9611,46.80276152142347
9612,53.92968684241542
9613,24.173887686322992
9614,0.32375573406427094
9615,16.553123481398842
9616,17.750977198027925
9617,55.07985049576254
9618,50.073185223863774
9619,15.017659945027042
9620,43.470822957156486
9621,49.528881143763414
9622,46.05625330799272
9623,57.69920755990738
9624,53.13968011071337
9625,47.44688992132756
9626,15.575936038279593
9627,20.719274850211846
9628,53.02788532119413
9629,1.9894758968122623
9630,46.09897488163699
9631,44.54661248495877
9632,24.35539628204284
9633,1.5372401233264483
9634,47.98058580236857
9635,34.680103769056615
9636,6.149391113251966
9637,45.127641893125116
9638,41.88282846747783
9639,56.74782236115537
9640,23.1810358828804
9641,43.24557335974514
9642,3.0558494878028846
9643,52.53157316894473
9644,43.81052329903597
9645,44.15197031439955
9646,45.02858072701293
9647,54.98000046592658
9648,1.0786535600146365
9649,48.98610412126776
9650,1.3100694814320804
9651,65.84882535034615
9652,19.502406867846695
9653,6.223333084756096
9654,46.26590689329928
9655,52.88860901839627
9656,42.36272960883998
9657,57.453868390641105
9658,58.1241282849974
9659,25.686676164374127
9660,48.60936235183206
9661,23.915043115811145
9662,27.72474160837165
9663,49.11057070249279
9664,39.30634739190937
9665,57.579611461018175
9666,1.7487620334943728
9667,39.53906199489441
9668,16.4059465932204
9669,41.04020478902119
9670,34.74501993609716
9671,19.205905394426495
9672,25.723187463336117
9673,53.855911111342664
9674,16.898845120061925
9675,4.8745786143114636
9676,2.3916835057945676
9677,0.6549865124540375
9678,43.070967333333165
9679,6.335199762018753
9680,23.746748436482015
9681,64.67329218409101
9682,61.5751036905729
9683,33.35007906958653
9684,-1.059950271324297
9685,13.353595811291509
9686,55.56977877741464
9687,6.301421885593996
9688,0.4997583671112764
9689,48.317655666182944
9690,21.91462086909103
9691,-0.09483907277331127
9692,49.28218240269065
9693,28.938303133292756
9694,57.53455284223031
9695,24.489540569304197
9696,64.71263125143261
9697,26.679027273878567
9698,37.71585951618029
9699,0.5071674563149173
9700,52.16657032275306
9701,13.906474796863048
9702,26.604762978955254
9703,54.29651182198466
9704,35.38124461064951
9705,50.15426310613917
9706,65.90005221829907
9707,53.06894212740717
9708,51.10783301057869
9709,39.631474133692244
9710,49.83615060334965
9711,12.76724224044968
9712,1.8427415634160127
9713,50.608526567562876
9714,59.354636045711274
9715,2.948660790108253
9716,25.2239905163201
9717,1.3905087824206497
9718,45.40644179637958
9719,38.192334601866136
9720,52.005356231136446
9721,55.54007586767615
9722,30.26039607835985
9723,45.86825784154957
9724,45.5264545604919
9725,-1.9160527289935203
9726,23.891799773972807
9727,20.26556290717822
9728,42.598538553838395
9729,44.85112882892154
9730,0.7886253215369621
9731,14.623560628512777
9732,58.80090206977359
9733,40.626854256035855
9734,68.59204617405504
9735,43.11161631072629
9736,0.6620074426595863
9737,2.4442774090997865
9738,63.691754681872844
9739,12.331024275142191
9740,20.89890723296137
9741,81.49946460872397
9742,21.405642708069877
9743,29.37820754664895
9744,56.586110384886844
9745,18.47251623414512
9746,27.106337730197996
9747,1.2013171289227742
9748,14.357102771785566
9749,-0.3359281569193513
9750,31.14885111654161
9751,55.73605512141211
9752,35.09776212530453
9753,0.21132878461997961
9754,20.55066407875369
9755,52.78393700151631
9756,23.481907593239335
9757,24.523777468900697
9758,47.92079455190973
9759,34.939797748019316
9760,2.8752489734115407
9761,16.4122146869987
9762,47.99011090509434
9763,30.961937997686885
9764,60.854360058212585
9765,57.93650926212257
9766,38.87048535444208
9767,66.55870909483046
9768,31.442757442845185
9769,44.17952233117117
9770,80.75720604182331
9771,35.117102013176655
9772,44.01915464269459
9773,20.757195433081833
9774,10.631534628804964
9775,21.99502975859655
9776,18.367597664267784
9777,36.58710019790547
9778,1.6319138399626354
9779,20.81838911749201
9780,51.97345890117959
9781,0.9314088585006672
9782,48.512236300459094
9783,29.106636539516284
9784,52.86394656939514
9785,51.779092145406096
9786,27.331519478351375
9787,21.186394054032974
9788,64.25778434996742
9789,19.749912456180837
9790,11.420189147069621
9791,24.413678189057848
9792,29.166675438827294
9793,58.83961618698923
9794,13.440015833990312
9795,20.078907377421494
9796,5.149945534419423
9797,14.367704425061081
9798,30.563748435751965
9799,39.83436014924168
9800,43.36590368754192
9801,51.81403311036619
9802,24.296220816672374
9803,-1.24265685270057
9804,25.59546233411509
9805,24.05980447296028
9806,52.0905483391971
9807,23.051687067843883
9808,24.33501265860943
9809,46.65260172292795
9810,38.71744981205839
9811,75.66986129226267
9812,0.9315935229580958
9813,24.473446221495145
9814,-0.41299945348115585
9815,24.101779671966476
9816,46.23468268677185
9817,63.30312043757344
9818,23.740913485327518
9819,40.54189220654331
9820,40.19259067329603
9821,55.841660334731706
9822,45.98888406746372
9823,1.0140291169109474
9824,26.981478910408207
9825,59.91083030415595
9826,1.9375272496924865
9827,68.95551206950711
9828,0.8623188303035505
9829,-0.5976781436685741
9830,60.84119874838282
9831,40.1792556427136
9832,35.281954986102846
9833,36.65958514971914
9834,13.338690891437626
9835,42.221262961739164
9836,54.892828463367096
9837,52.33182585520946
9838,59.65273855457099
9839,43.215175960172665
9840,41.16048646891254
9841,13.756346164891813
9842,20.11626795880219
9843,13.566633941943405
9844,0.986594835538277
9845,36.33142646918176
9846,61.67095785404895
9847,25.338170220708427
9848,65.575641801894
9849,56.7796919198009
9850,20.60339979059036
9851,52.08137471283008
9852,11.935880733915258
9853,65.24173184866288
9854,15.192211287367378
9855,22.474975844028002
9856,55.38005556175638
9857,47.974729433752366
9858,44.69718453541634
9859,11.86297611394826
9860,0.4060249137942904
9861,32.261767966052794
9862,48.42051379502814
9863,0.6474639105686677
9864,14.785956768960503
9865,43.066702105874285
9866,26.92227434521999
9867,49.868990077460836
9868,25.2456599677011
9869,0.6792363801423207
9870,21.821366671031807
9871,42.961894591531255
9872,41.417374172986094
9873,1.1746471032788293
9874,28.278486002247657
9875,46.00578449176786
9876,47.59734676373998
9877,20.259203079751185
9878,15.50470720490986
9879,47.70863592728509
9880,3.27339796472549
9881,-2.1250446233939257
9882,70.84958531376782
9883,47.095114229212605
9884,17.960013838179492
9885,59.93422677791207
9886,20.599845750849035
9887,0.9061686319594315
9888,45.514159524990625
9889,24.92457502220791
9890,51.84756544866333
9891,26.05506967238634
9892,17.716888864668597
9893,21.247897245258937
9894,3.379384043428839
9895,49.56721565545885
9896,61.578019035705765
9897,30.440801882468385
9898,55.33164332900549
9899,9.731463968352678
9900,54.76270885096113
9901,35.257851376785474
9902,61.63326912718489
9903,13.796345010901018
9904,42.329748335076495
9905,1.4513878205035233
9906,35.882166183686245
9907,40.3101146095045
9908,22.018908391472685
9909,41.844235169280026
9910,32.92569037946596
9911,23.816477580422678
9912,60.94877577820172
9913,14.127362884388766
9914,48.03128987521752
9915,43.62007665404613
9916,23.236710072425453
9917,30.176073980801746
9918,23.826809486139357
9919,39.61104787894571
9920,22.006733834657275
9921,16.747178164863058
9922,27.42162676658553
9923,-0.7666992544851468
9924,54.33104075517195
9925,20.668817977769883
9926,43.74067515937976
9927,44.794676401523155
9928,39.31279857132733
9929,0.7269388520218598
9930,46.73401326408272
9931,1.789259495004572
9932,2.7243756298520836
9933,12.836774254765189
9934,0.04790359938495925
9935,44.29458550523971
9936,44.870003264338386
9937,51.174747781601184
9938,62.85420159178474
9939,2.39202124606577
9940,49.29654392787437
9941,26.81237558895603
9942,64.94483410346835
9943,9.578523381056147
9944,23.228867137289004
9945,59.118341736096646
9946,45.26462912126587
9947,25.368352227729424
9948,43.86260769609317
9949,1.1314287594695784
9950,0.5872958433420763
9951,50.02485575848085
9952,0.3321693066149294
9953,33.23501915955622
9954,32.033335675219625
9955,34.97085331356711
9956,54.78459576985851
9957,65.91552018915846
9958,51.48914232654265
9959,38.50366980478272
9960,0.6280982510563291
9961,53.527548209654654
9962,7.842382164804409
9963,40.97622062209582
9964,18.745803272709665
9965,55.539130803528394
9966,0.9724957317678431
9967,36.33644108726499
9968,0.5898411818714848
9969,51.79032850293838
9970,25.007570008286205
9971,22.42209097311791
9972,9.41604671659416
9973,47.457631617693146
9974,58.86961483686103
9975,2.8211690595117105
9976,0.39772878116019683
9977,41.789200193006224
9978,52.409409333788844
9979,18.99130594835684
9980,30.788002243445934
9981,58.726312068907674
9982,-0.8354897258434377
9983,55.48829592617902
9984,57.74799813722327
9985,32.63436547465179
9986,6.463152087968979
9987,48.61542153299426
9988,-0.9278227374481318
9989,35.18401910520625
9990,37.178779563704566
9991,23.97169019216679
9992,75.57964420962833
9993,36.94936878288187
9994,29.55557183691084
9995,22.378707482096807
9996,1.1090521927336638
9997,51.24947104060171
9998,39.678908235839664
9999,43.854123243159435
10000,49.051573346359575
10001,60.61965650603891
10002,17.254890002920757
10003,2.3561974278476114
10004,0.6000124855842586
10005,41.410298841300396
10006,28.998726189449542
10007,40.7680180341563
10008,0.8312479250293947
10009,40.25732091376232
10010,62.025944845608336
10011,44.63799767522667
10012,48.63556827401734
10013,43.36442084009947
10014,22.18642464142753
10015,41.984144541101216
10016,25.17684128832104
10017,31.52804981476707
10018,26.639413397826434
10019,64.69347200441047
10020,25.80597235621064
10021,50.12620162619392
10022,45.623642196238606
10023,22.72965918802329
10024,3.2435371280503453
10025,13.372814735386676
10026,61.78435077643921
10027,26.969961936962694
10028,70.01008802592443
10029,35.604293609577425
10030,27.812177252381353
10031,45.21140998061887
10032,41.86469802649187
10033,29.03081747954579
10034,0.16435451379378918
10035,51.04612080166229
10036,31.229776662653464
10037,46.44856635146108
10038,26.75118015953971
10039,33.298355680722125
10040,2.122452289243572
10041,80.70171804751274
10042,58.43331497511551
10043,32.38855816068175
10044,9.415990235268787
10045,37.640030502538025
10046,49.92495048774195
10047,27.438879480452172
10048,31.756553085030998
10049,45.09432740311844
10050,31.2522492539362
10051,54.563786167358444
10052,28.088510248737684
10053,39.12077422713758
10054,53.59149174847387
10055,42.77754502068929
10056,21.351807741595877
10057,44.20351824223711
10058,58.83614954655412
10059,46.36697089814665
10060,27.36876542453914
10061,23.23465703030138
10062,30.15620906461449
10063,24.62530992960656
10064,0.4087610899533587
10065,26.776038059574056
10066,43.24035785809915
10067,19.627956687123543
10068,56.79694931562561
10069,1.0246706042199776
10070,5.105428799596737
10071,41.74502800521007
10072,10.106111139333187
10073,21.823921122925846
10074,24.705277199518278
10075,23.582327649468674
10076,3.9706446983731993
10077,56.676072200013394
10078,27.374096912496945
10079,29.054622335539868
10080,44.66066968525599
10081,13.77560835437371
10082,50.60857909196211
10083,67.07399208258072
10084,61.885149298029994
10085,34.46529167532456
10086,-0.4189403447776954
10087,29.18766260991329
10088,28.798038234053976
10089,59.81629358217708
10090,0.02577920735998873
10091,16.91074530329711
10092,55.929669033364064
10093,22.315878651060252
10094,54.3551236978641
10095,57.98067369515421
10096,44.59855669879849
10097,47.523575240400454
10098,31.304849118021743
10099,10.570429381219256
10100,46.15807488100117
10101,41.979588614882445
10102,42.78091995252072
10103,38.90422281807565
10104,59.00795158069239
10105,48.63111242465779
10106,2.6493338060250657
10107,54.662119249907846
10108,54.98883260817323
10109,52.67048224163804
10110,14.022184844864714
10111,47.589073070537964
10112,49.51578291388793
10113,2.339476152761886
10114,20.063501649862197
10115,21.91797127048489
10116,66.439072038911
10117,31.814814887722996
10118,45.17677265494004
10119,53.32010891696355
10120,43.620840782685065
10121,56.85418623946808
10122,25.522034737916954
10123,23.254317415076088
10124,1.6380745954760627
10125,43.35148139556199
10126,1.153208813392709
10127,13.25020938871818
10128,40.71986161908403
10129,24.849212673180425
10130,23.411968341716317
10131,25.551081573554697
10132,51.391816338740135
10133,28.84964456975287
10134,39.14776922950608
10135,54.653363693781046
10136,25.258404465890564
10137,22.76803728418719
10138,50.06364273601468
10139,-1.0421607823421652
10140,45.4497824654076
10141,43.49444163748916
10142,0.6028330676206153
10143,44.00609752183958
10144,21.529890015295795
10145,28.979225687735365
10146,54.520027078285025
10147,34.22830466388804
10148,1.6397751055073968
10149,31.666559441158483
10150,1.3504179182361185
10151,51.82644740269453
10152,28.913895337955623
10153,-0.6867719989538159
10154,48.27066052967512
10155,52.4416362390138
10156,52.00607127392066
10157,15.43863515305027
10158,39.81805348142245
10159,25.855701541701514
10160,41.23810722305278
10161,12.211950217229504
10162,44.94758394143007
10163,64.86310825963903
10164,20.14311129535923
10165,47.51142251724453
10166,21.9212638330817
10167,46.3818264739191
10168,21.905286254405674
10169,44.56701886845032
10170,23.7740087362029
10171,36.53050149361423
10172,39.811908910172
10173,24.765243781149444
10174,1.508292119117801
10175,66.24667016509552
10176,64.7894666537727
10177,25.728354992015483
10178,46.34586223551972
10179,42.93274154068315
10180,30.348025000576392
10181,52.53400867211034
10182,-0.05851338699898889
10183,36.127908152500446
10184,43.802845358089286
10185,23.524847765647603
10186,60.85917411325384
10187,1.3028458652903652
10188,14.233773853350176
10189,56.0979700864995
10190,19.017250748424217
10191,1.579686764482414
10192,42.4774307550005
10193,0.45492939196718396
10194,-0.3837422868387108
10195,44.700532911385835
10196,40.03996551883337
10197,52.290485199190165
10198,1.883739119267176
10199,48.35058529422268
10200,44.14908058710397
10201,39.23098894666765
10202,39.34586243755802
10203,19.87769715308106
10204,0.3572648370801943
10205,0.030395289713233353
10206,55.4182620061726
10207,13.111044346586887
10208,50.4377711611603
10209,3.942916522097658
10210,50.3025184011195
10211,24.667893371707088
10212,25.988605809139454
10213,45.648323246722214
10214,44.517592953983545
10215,8.892331010051077
10216,48.22178758793842
10217,62.38697158742127
10218,62.18172336776013
10219,20.684981358844766
10220,0.6301523946948393
10221,52.73634873130983
10222,50.04102163687729
10223,12.460395789091976
10224,23.980848471006674
10225,2.8135880285953476
10226,24.470941419428467
10227,45.705496671836684
10228,51.09581108845686
10229,46.93847294706543
10230,59.31901521921382
10231,62.81123039892128
10232,50.25786074666367
10233,-0.005353376579350311
10234,75.88972457915295
10235,54.592671507673515
10236,41.85157819747942
10237,19.643238187837603
10238,23.038848494666084
10239,1.2747941280871693
10240,0.7389082565213982
10241,54.1721311264846
10242,30.226127289404637
10243,42.37950962376412
10244,39.111184053691034
10245,-1.3882459632170168
10246,67.93326239034047
10247,21.94418570527994
10248,22.101852868956335
10249,45.606239168635476
10250,30.751684395870264
10251,51.13638196731963
10252,40.59543718197089
10253,39.520916327632534
10254,59.71380055902954
10255,67.81804176263029
10256,26.977375023242168
10257,23.0545781076506
10258,45.11321981765735
10259,48.92834129663669
10260,31.381206793831797
10261,50.224831303201164
10262,47.53480632049367
10263,41.70535668527157
10264,28.498796560597242
10265,46.61126272283078
10266,54.80641896713807
10267,17.439732074892657
10268,25.639046660224842
10269,51.09070437748744
10270,48.28615289370841
10271,57.21736819986853
10272,27.44949626675696
10273,22.40243204399357
10274,-2.7281642423059864
10275,44.631285530756045
10276,-5.136582479896823
10277,41.23029904199443
10278,0.009569377275290947
10279,17.041269409687562
10280,51.50519368077215
10281,15.22007174521973
10282,26.482933352439886
10283,47.4496830952449
10284,4.8178674258161465
10285,32.9893665096714
10286,47.53771307574299
10287,14.626180998994514
10288,55.01861660393041
10289,2.8486985951867787
10290,48.68118906287924
10291,44.90464401888748
10292,48.84994530020365
10293,38.19234302041846
10294,19.918376611712446
10295,42.741817535186925
10296,42.43753935947157
10297,37.36841012036752
10298,31.96988062045331
10299,26.716512947003906
10300,54.80204458544166
10301,42.082198586870675
10302,57.36140365945964
10303,43.4511705598492
10304,-0.27364544062287877
10305,0.8071885304791238
10306,38.7727722771413
10307,11.974796742339294
10308,54.23825323913812
10309,51.536809660514905
10310,39.65263011003922
10311,27.869092417904778
10312,38.82251739405528
10313,1.7550083341756206
10314,45.72635620998285
10315,2.0850319909080923
10316,1.9791360433931686
10317,-1.6092710996753041
10318,55.27647132952773
10319,13.43058082772298
10320,46.932124392789724
10321,63.935430864369735
10322,45.9983139895762
10323,23.2679398974345
10324,57.10197586518923
10325,46.86583989767535
10326,54.552169383564504
10327,42.403373818817464
10328,21.157699334176996
10329,0.20450795983013137
10330,28.622245642488515
10331,1.9209546489980127
10332,1.8644507205830756
10333,38.79682129073656
10334,10.84982271858668
10335,1.0527557026416403
10336,14.961563463914406
10337,14.374014852298462
10338,9.972595246192483
10339,29.288385223934945
10340,55.0254747107126
10341,30.076529567865343
10342,36.90772970504558
10343,50.88843858149751
10344,43.00613210603333
10345,21.89756090094634
10346,32.52321499936691
10347,72.18055433256158
10348,13.181403667546885
10349,33.8484149036114
10350,59.45009851337533
10351,47.734242857846674
10352,58.603454666779996
10353,-0.42979886034371617
10354,42.49450197699345
10355,47.991812354907594
10356,26.615321968644828
10357,50.70276274629736
10358,65.53217406616236
10359,72.42906364445334
10360,20.23762076389314
10361,40.26073075152931
10362,30.713862639583557
10363,0.2230718951823789
10364,0.6362422308449922
10365,41.86763344713148
10366,61.1439407465278
10367,43.60464176905265
10368,48.708192220877734
10369,13.094084802412308
10370,55.28596273158229
10371,2.0924149128826137
10372,30.703421418125792
10373,28.616497967696734
10374,43.55452818917007
10375,46.94959972256558
10376,1.0408092934190378
10377,62.114969728343645
10378,22.39347015801004
10379,65.35619809502037
10380,75.10115806555801
10381,9.521603749488655
10382,9.748455385846832
10383,27.758780961865902
10384,40.26071804033294
10385,43.427212291229345
10386,24.370608302533448
10387,18.244921673233897
10388,17.24778863570429
10389,0.32151939256942086
10390,45.93894839829504
10391,2.1314014351674047
10392,50.708370756096144
10393,5.100757082007856
10394,20.189367879291524
10395,44.749539441551875
10396,22.138023546919545
10397,1.4412521235133369
10398,0.753508014298518
10399,73.38808032297811
10400,52.83635049106289
10401,0.013455067058139036
10402,48.0078594026663
10403,47.33234496386709
10404,28.331453263811888
10405,23.941077441806073
10406,4.196380336563383
10407,49.5788207818495
10408,3.856540165222359
10409,50.34261290273608
10410,50.92740009580835
10411,50.765661082222486
10412,-1.3450840076059123
10413,58.870261370285256
10414,44.37248878375865
10415,43.274071114811335
10416,18.360055334106107
10417,37.19200936064395
10418,0.40172570043188216
10419,53.2221199682625
10420,56.43348573755054
10421,19.675225532473853
10422,46.25458088579835
10423,52.10902877931517
10424,1.6473178489532465
10425,63.51814291979021
10426,23.39917426885401
10427,54.07876465660607
10428,4.114893626567749
10429,14.239836872119934
10430,15.75941822339573
10431,54.06723779649946
10432,71.79581307668107
10433,21.442532415090984
10434,22.39900782637481
10435,1.6140325670403008
10436,61.64629370466139
10437,55.27815651837178
10438,47.6093191077544
10439,9.5962273125626
10440,-0.023742172605025758
10441,56.994252704199496
10442,53.84862129663046
10443,41.990963791363924
10444,63.81202169855172
10445,49.47517569910301
10446,27.917851103822983
10447,46.006386799182806
10448,48.98318554296053
10449,42.16717488662974
10450,57.01451303338878
10451,44.75192759947621
10452,24.751974003874825
10453,1.1650850823076269
10454,47.041725238517415
10455,19.869746828466067
10456,14.13092052588189
10457,52.456774372755106
10458,59.96235957660425
10459,60.62878418286415
10460,28.861074251843405
10461,53.05472464960219
10462,36.08245178559776
10463,8.630372812244758
10464,30.94783375021012
10465,64.84896694172451
10466,1.133766290138972
10467,21.712912976578686
10468,54.902559054937285
10469,26.405580228768706
10470,41.44921056211259
10471,59.617220545056064
10472,46.11456369981346
10473,29.55929663794476
10474,47.45272864114622
10475,25.57125281021935
10476,62.851077952526325
10477,12.246045046682184
10478,26.340645988338387
10479,43.33278101132392
10480,52.43200949005768
10481,55.511290726587546
10482,0.8551335356542822
10483,27.82129353167178
10484,24.039215966709683
10485,49.28036425328135
10486,23.32591125029397
10487,51.91288775856905
10488,19.69723331526443
10489,31.925949543113045
10490,42.265802873203896
10491,21.59135237026771
10492,30.04523987314317
10493,22.982369877309928
10494,47.452383756887926
10495,24.990358872117028
10496,31.301795395127165
10497,0.2700813622559366
10498,43.87836574656256
10499,34.966336864229845
10500,34.65970056462429
10501,23.549603409418253
10502,23.603632772511496
10503,24.801497903718662
10504,34.45054173294875
10505,39.046855307402204
10506,3.7881064296285913
10507,52.95532857902626
10508,16.31539797606649
10509,37.003427070135956
10510,57.64625542376422
10511,50.82713866607749
10512,10.795862264056645
10513,3.2632970543524955
10514,51.78411123383786
10515,42.339636098952354
10516,30.71803003714563
10517,59.77713844219278
10518,46.77584873428397
10519,45.31064792110517
10520,33.16631805885374
10521,63.08219993888777
10522,38.194903565072536
10523,0.6144344758618203
10524,50.08149601471179
10525,30.49826489436892
10526,33.78838945271666
10527,19.207504724149896
10528,59.70191625546482
10529,0.7623775994525701
10530,49.515335602459125
10531,49.69073908397756
10532,47.50568449024851
10533,24.78106885304065
10534,74.92710151034156
10535,18.037025849015176
10536,32.95158345361471
10537,49.48584133587022
10538,46.08978417023437
10539,-0.0314652840812073
10540,16.556158836609605
10541,44.042494670155904
10542,-1.662073028931303
10543,43.15154664523206
10544,58.81593000958158
10545,53.803901856324465
10546,0.6848176866059674
10547,49.913118243088775
10548,59.99637771971601
10549,0.18089474807697314
10550,22.96942000243596
10551,59.019387453468525
10552,55.972280003463496
10553,55.36641244471221
10554,-0.11625650559079759
10555,54.94036868854191
10556,28.79311376507573
10557,6.040699962260632
10558,2.4396351838784085
10559,-0.032187197756393005
10560,37.34283263816168
10561,76.59559823489673
10562,23.03295741331545
10563,61.74871930857491
10564,47.70577420134665
10565,-0.06501179752817166
10566,30.014153156384253
10567,3.7946029482913737
10568,-0.020793746048767048
10569,27.896420407664017
10570,44.469763635682725
10571,31.68647782840595
10572,19.919189441258435
10573,57.7959719668536
10574,49.703647487674544
10575,65.5331340773892
10576,3.5969388222233114
10577,44.964563856930276
10578,1.3071959464221123
10579,54.05219097040111
10580,48.42857156118295
10581,0.015195726661097808
10582,42.522240140079646
10583,24.209961672243853
10584,47.32707250583841
10585,57.040345737099116
10586,37.38583337490973
10587,33.69105283507873
10588,61.57024421782522
10589,30.919096943737145
10590,42.49338578210151
10591,55.678871631507185
10592,1.0757208231435058
10593,1.1403340751961082
10594,22.821027280438866
10595,17.969683736039123
10596,47.11232111973704
10597,19.715110318136716
10598,0.6968744925327286
10599,50.108551782908
10600,8.70564359089137
10601,39.38062099711779
10602,41.70358536408102
10603,65.18781122802193
10604,47.708851521658126
10605,31.438704758434078
10606,22.52131080121615
10607,48.987686947102254
10608,0.9360416387629229
10609,3.033441815732619
10610,31.59962183494894
10611,0.27641718005762783
10612,18.01411990533112
10613,53.71304247154956
10614,40.74943462800099
10615,43.54371051133949
10616,0.16557152876313097
10617,56.67514664093143
10618,42.19389581836781
10619,12.819392558802512
10620,56.6756459376783
10621,43.869015787742164
10622,1.0309477021334317
10623,24.451189212362006
10624,20.214100893337474
10625,43.565992117192266
10626,49.73184593943135
10627,0.408672919372151
10628,20.499582657053534
10629,0.7175975594790955
10630,35.58462769527773
10631,55.72310379064217
10632,33.22030824321915
10633,59.39247972264222
10634,1.8412795468993401
10635,25.95346322588979
10636,37.54357004093964
10637,47.80337741121766
10638,16.10269800006584
10639,48.21409642613059
10640,49.83490135377091
10641,36.94727986978027
10642,23.884453449238915
10643,32.06851886445407
10644,13.270701808439842
10645,1.2365417503077225
10646,48.58970601572108
10647,46.99293221056695
10648,64.78554470631671
10649,42.4597473196175
10650,2.16736904879793
10651,10.015037636601107
10652,43.82173948261011
10653,3.354600347229532
10654,2.7003613899002055
10655,50.31316541054486
10656,-1.4420844313512404
10657,25.257362358539037
10658,40.353838922314466
10659,42.88386922562622
10660,0.9356277281966712
10661,58.77533280130393
10662,18.80312946412584
10663,20.005644445284645
10664,29.904875685403024
10665,42.2893207968848
10666,36.62048125949709
10667,21.008696249704414
10668,25.263525832444202
10669,43.45168129869799
10670,25.419580774658392
10671,35.300812610516964
10672,48.81465830867135
10673,43.688922527107906
10674,29.634300462792922
10675,61.42076699331891
10676,1.5497915698614406
10677,37.40426721681465
10678,47.800790603725105
10679,55.62298703196939
10680,30.7087935716996
10681,27.370597748136447
10682,25.09286244859226
10683,46.37178292086098
10684,69.43446900590561
10685,0.44199263696513924
10686,44.13535270254263
10687,1.076289798932713
10688,0.15695953755481185
10689,50.54126042128078
10690,30.016393631883282
10691,25.26430067988956
10692,53.38177457877853
10693,21.80447791679498
10694,26.05306047306253
10695,40.672579578616606
10696,-0.18523259221503707
10697,56.55925395246973
10698,22.435814039020865
10699,58.42187709755235
10700,14.967322562985732
10701,12.203866108433822
10702,56.33092454018125
10703,49.041019922017156
10704,1.1743170822500772
10705,41.55885849781653
10706,13.398803268724237
10707,59.964162106834436
10708,39.37642540394999
10709,18.94073087954788
10710,62.385570714161915
10711,47.45507879868057
10712,52.80999000598924
10713,0.6472607651677293
10714,12.08184589527674
10715,34.908237498740874
10716,1.6079073576252867
10717,48.510570511074604
10718,57.598249489097086
10719,13.816132350475446
10720,53.758251433896675
10721,40.93413749377715
10722,49.88039777341584
10723,18.12899111778261
10724,1.3129771570669853
10725,53.63999114156924
10726,38.394671951909395
10727,12.195478873493961
10728,1.9600928063194871
10729,63.17191918853035
10730,0.8527491320374807
10731,-0.10150448842029647
10732,47.656686237941045
10733,47.93049744206099
10734,20.545235762715517
10735,12.410756577392906
10736,2.1788509011469586
10737,26.780230916225683
10738,49.40476141754719
10739,56.802667991203755
10740,34.84937740876916
10741,29.63718772516937
10742,37.06769024247188
10743,40.819732722052414
10744,-0.3959545907668698
10745,51.74673616196577
10746,1.980553626850572
10747,58.94866050771275
10748,0.13098510155033694
10749,56.37440899776634
10750,2.7090720184546626
10751,44.11167105286595
10752,24.477406256517455
10753,23.68734272572832
10754,44.61739599719839
10755,23.156616875506188
10756,34.71819549327849
10757,37.531954230163116
10758,44.622959291362946
10759,46.507847465508576
10760,42.73752090534802
10761,0.6149059757531106
10762,16.093253899398693
10763,34.8189875546592
10764,17.22261544555802
10765,25.381286326134052
10766,45.88994578161919
10767,-0.5286149954583621
10768,55.39466544696561
10769,53.374909258975244
10770,38.235740892517185
10771,22.717890501695017
10772,0.7127753095359424
10773,41.68214551128176
10774,52.39560663754616
10775,64.96266887933356
10776,43.38437182428768
10777,-2.268452334553018
10778,35.19612429058838
10779,17.887149995969637
10780,20.746956574700633
10781,56.411900825437016
10782,62.18371818449166
10783,32.44677290086338
10784,52.96185285850702
10785,48.607239491499634
10786,-1.0488750100684996
10787,24.662308779956515
10788,45.54271504918498
10789,12.555734659052813
10790,47.60161674692208
10791,70.47874128764965
10792,34.42939276563647
10793,56.99532874578162
10794,-0.5042186768999315
10795,26.402855681064473
10796,59.92278658854794
10797,46.0391562969713
10798,30.875299684114612
10799,39.37329491526765
10800,1.5611112321433893
10801,42.164434809241726
10802,49.80265854312426
10803,0.8698842975126908
10804,65.4045251866711
10805,57.93182093112388
10806,50.168263217920355
10807,43.981694137972546
10808,0.07257981754818132
10809,46.89726130682905
10810,21.615714558522015
10811,23.61780118654528
10812,0.6509018180093662
10813,27.53932817005968
10814,36.78366638715389
10815,17.765084894902653
10816,26.296708309044185
10817,42.071845705801024
10818,1.312288880401944
10819,63.90224086588994
10820,28.674280322738042
10821,45.81681195668543
10822,53.5229359198526
10823,1.0436231762890245
10824,33.04843072306253
10825,49.113623323738146
10826,53.8588811330942
10827,34.34346987938915
10828,25.781502142475418
10829,20.20861050704717
10830,46.841343679976
10831,5.58153899832929
10832,39.572743825052605
10833,22.807688062511588
10834,0.06662721568932994
10835,12.204979093399558
10836,75.13101617014277
10837,48.77235897931145
10838,55.00878993142972
10839,53.8519505968282
10840,6.051611185548687
10841,19.990990344815323
10842,24.132149216033405
10843,-0.45317660794166414
10844,-0.18350858321046104
10845,34.79360455179432
10846,29.398090526912835
10847,22.102116545116264
10848,1.1859420743156903
10849,22.95966011230078
10850,45.85279741034306
10851,25.535089090935934
10852,50.45217967071355
10853,10.955586407323747
10854,22.242784485884435
10855,2.007176504504411
10856,45.51305501079413
10857,66.09130347344417
10858,0.8232135715055193
10859,17.046983298213394
10860,38.684569849515356
10861,71.91960895250142
10862,25.80500222122501
10863,1.052097870762985
10864,47.52651304499364
10865,63.19161376519499
10866,28.903919935408474
10867,38.45988281973078
10868,36.847277452923564
10869,-1.9934897633629163
10870,56.93729164102347
10871,38.5796384971304
10872,12.763304166580319
10873,51.609095135472046
10874,30.17172492349803
10875,24.208712471768308
10876,46.713684148931975
10877,53.81172539422394
10878,36.46706342053827
10879,0.3414799861649698
10880,29.940404414926363
10881,17.770685972941827
10882,19.371350090332925
10883,29.672299771644624
10884,71.78433977638878
10885,41.533883284339296
10886,39.06401101788163
10887,15.754151922290177
10888,23.349581665659912
10889,0.5886171139089384
10890,-0.24450858117554475
10891,27.667536247384124
10892,25.783063051037722
10893,29.795225775814036
10894,50.30126831399161
10895,16.14875468446419
10896,30.22406433103391
10897,17.881580704420195
10898,56.18683862335552
10899,24.528955127355935
10900,33.7560050007593
10901,6.436600074847767
10902,47.7195635379599
10903,37.32188296320153
10904,15.406082728387734
10905,51.5720292171887
10906,54.325351850043276
10907,54.08957453838873
10908,47.68150641636733
10909,23.55240777795158
10910,18.323435967614806
10911,23.627978195128584
10912,49.36616932072869
10913,20.790943581622255
10914,2.132948507970749
10915,37.83426642663845
10916,-1.5725009039706848
10917,25.861742251183678
10918,49.302012263574824
10919,55.10729040044522
10920,41.64297298983645
10921,49.47735675991336
10922,46.75441945624864
10923,26.16985566190845
10924,44.51923169042911
10925,0.5896824470580029
10926,49.52240847924929
10927,55.25173604601106
10928,21.971022717456307
10929,1.3467034001238964
10930,20.321218607228666
10931,21.448133015966953
10932,30.914018462103833
10933,46.29083366925648
10934,57.07428610149261
10935,75.72646937748249
10936,59.65650958222892
10937,22.51844362223644
10938,52.46931061533943
10939,40.531359641751855
10940,24.039304991197994
10941,0.45462108492504427
10942,33.640130830677755
10943,50.75434001631651
10944,46.54696521354999
10945,23.283862282353923
10946,31.375260271019542
10947,44.29448192950053
10948,24.983177628373255
10949,51.71957164386846
10950,48.80093016263
10951,1.6127396670623
10952,-1.007680187838453
10953,-0.7483367121867843
10954,59.469736177731384
10955,44.67451882913552
10956,40.29341059646999
10957,42.10955730313162
10958,28.385234661391053
10959,41.68262272862048
10960,36.955452948489004
10961,10.873977413437558
10962,46.0662690721349
10963,44.380708296521675
10964,0.8701015267703553
10965,21.192105588820706
10966,43.91053152919045
10967,38.02473424467605
10968,25.80524574303233
10969,57.63557881224339
10970,62.58295837013062
10971,32.457532509466276
10972,23.25178541182928
10973,1.9422394723563698
10974,12.372332051639322
10975,60.96954613039267
10976,1.3752115647070973
10977,32.35090406526407
10978,49.3309781155803
10979,43.150118576169824
10980,41.03071636774369
10981,43.72405881671435
10982,42.31950651563878
10983,46.38804006536694
10984,50.6769007258963
10985,63.1597653433943
10986,20.376252253431606
10987,48.059021478284514
10988,53.24686394807886
10989,41.69603984839185
10990,47.43944379461421
10991,0.6204001985762844
10992,60.285697996581284
10993,41.1250755082895
10994,-0.2996082729055658
10995,57.78534887250541
10996,40.54833651304324
10997,0.004764538038017463
10998,55.620366525368226
10999,11.553410107360683
11000,31.79340391820503
11001,39.5117897940874
11002,18.7470767118501
11003,30.271302337744288
11004,58.665433230659296
11005,54.62289905921035
11006,0.29155470527666694
11007,20.495497508222137
11008,37.68195748538463
11009,-3.582925107209064
11010,15.206864298512375
11011,76.35528549863758
11012,47.5527627180294
11013,49.27602183164214
11014,0.8097269563250009
11015,21.49422947208334
11016,2.4558576277640007
11017,17.735118432015888
11018,-0.32886939132368553
11019,59.32580959372574
11020,45.466799612131645
11021,63.79208677758277
11022,55.6229246058127
11023,54.90723600729295
11024,21.936299219397
11025,-1.2428833005981446
11026,56.91287470943309
11027,22.40238130598832
11028,21.915464722656054
11029,1.6701548833667204
11030,49.36284415239395
11031,24.298888132577098
11032,50.887728749621004
11033,0.03386349553561985
11034,2.0436953454954434
11035,41.299808515672396
11036,61.92945286772923
11037,21.981130345207657
11038,17.56378678129962
11039,58.33758246854216
11040,70.12375237095861
11041,0.8516330065197195
11042,1.100047324203068
11043,19.637630633715347
11044,0.30850878120579495
11045,47.752225142892215
11046,42.55193640053448
11047,66.01300318425163
11048,30.874613713956492
11049,44.29465643079115
11050,7.477738711747158
11051,0.6507746604116278
11052,14.96592613966012
11053,21.40587039208588
11054,41.85712058679475
11055,50.11431192728308
11056,11.512775843439467
11057,23.297577740995592
11058,46.785918487963436
11059,60.964346436552674
11060,46.75436535461699
11061,28.15639516436697
11062,24.471154557168056
11063,0.8557005015652521
11064,19.813031610933415
11065,43.25198406622756
11066,19.629464529720032
11067,48.172809703563956
11068,60.57169897735391
11069,50.31762593872063
11070,55.06541828423633
11071,11.100838685876774
11072,38.908838343341465
11073,26.408295829891713
11074,47.4127064897622
11075,31.243611581575074
11076,36.17587861693817
11077,59.461861738133166
11078,49.78099940852189
11079,54.023934508228066
11080,30.16071357339602
11081,34.40131917690614
11082,18.74598373609569
11083,56.963259518120054
11084,31.39100599976034
11085,51.40607426138084
11086,43.6614770677249
11087,45.55635061237501
11088,0.9370837678971711
11089,51.55821650495318
11090,1.2417399922700838
11091,50.99435221628869
11092,45.904717209674146
11093,24.303401624194926
11094,50.3229623960882
11095,27.677439078477025
11096,37.349001400350616
11097,1.0960128989625204
11098,32.78898078354918
11099,-0.5438862170451699
11100,-0.6858373825171284
11101,43.5432673287109
11102,75.49951981779162
11103,6.776535374593692
11104,2.4936008172513375
11105,-0.2479594054536136
11106,49.721421502346665
11107,33.876581769283284
11108,44.402087686774635
11109,31.626933225134884
11110,21.930711019694073
11111,20.55558091143881
11112,64.44859193110496
11113,22.303887608563052
11114,47.11603865441626
11115,49.57448482546611
11116,24.545845468975084
11117,57.558251631687284
11118,58.06963462667753
11119,16.791032030974424
11120,50.182669664719725
11121,0.39435824818442455
11122,3.9074972360717126
11123,39.744000284103606
11124,42.45231995421861
11125,54.99774599943926
11126,20.668104784110746
11127,3.242338345246914
11128,51.061386333166325
11129,23.524986332839877
11130,33.41932216181911
11131,40.051325616844366
11132,28.616658423514654
11133,57.46060950071016
11134,37.41654445960612
11135,9.938201919041685
11136,16.586977586207304
11137,19.958939771072508
11138,0.9324672777548955
11139,21.118427733400914
11140,20.60633582968417
11141,41.86715264382463
11142,51.487071254949825
11143,60.123408898390586
11144,26.643666317270416
11145,9.204458985449676
11146,1.1523140155407603
11147,29.44041662232814
11148,43.93925112554194
11149,53.805250990522204
11150,34.992074292259964
11151,-0.5216685566583692
11152,67.19640338151159
11153,48.876193470413675
11154,66.39439110795556
11155,28.289518416575675
11156,46.53998592159386
11157,23.759843765147572
11158,55.350498399843126
11159,56.849124952148244
11160,50.67043283371977
11161,41.88017360106472
11162,20.916057659188255
11163,23.918109581123623
11164,85.09509653484838
11165,51.5420912075233
11166,19.039653125433862
11167,26.41761317089583
11168,5.34483868076693
11169,12.755532321780748
11170,51.00572835133141
11171,45.39261589208288
11172,50.475275961170546
11173,22.916801734243563
11174,26.365811027649787
11175,0.049555224673639486
11176,51.964986254297685
11177,11.583705709969202
11178,43.22064649767953
11179,21.239292542885487
11180,1.0134017684791274
11181,52.44640568797375
11182,41.01474327322082
11183,43.269326944244405
11184,-0.27900971658307583
11185,-0.568905690458017
11186,55.629370836949334
11187,7.7822450282935804
11188,-0.6126556067632762
11189,1.8660566127584381
11190,66.281351520727
11191,28.489683641775297
11192,48.968258647497066
11193,47.878137898295606
11194,44.619304069499485
11195,13.023477129677048
11196,22.3158657576489
11197,34.02671562652293
11198,22.798785671814507
11199,58.6271089637654
11200,0.2235990222968951
11201,24.849034244851282
11202,6.968565166836587
11203,44.07286897907696
11204,24.725297278592613
11205,35.94258416797598
11206,62.57271905480124
11207,3.2194629042141294
11208,62.7918563406067
11209,54.679517897955904
11210,11.561125196952332
11211,65.41020049271498
11212,72.88840352629349
11213,-1.1780402125150573
11214,3.7231326176309487
11215,64.6396964394314
11216,8.083159739878859
11217,23.067586363031005
11218,16.546403356502577
11219,61.80891914548959
11220,26.40271814702032
11221,13.674028835616085
11222,-0.5588439229287872
11223,35.88002267183205
11224,61.69946127253331
11225,-1.0755856891296247
11226,45.29608806486875
11227,56.343675496508446
11228,41.78088359906292
11229,-0.08296249988030269
11230,40.000578267300284
11231,45.10546373663603
11232,18.728250418351067
11233,61.363804953574515
11234,20.423234476055566
11235,14.226197053165215
11236,40.312545745941264
11237,50.62341301144045
11238,47.12027946543509
11239,34.250310797591226
11240,51.62416922140925
11241,22.33926841297332
11242,1.8429520993138482
11243,48.5231354588383
11244,73.23782770374876
11245,41.66738356021676
11246,0.5196690657766396
11247,26.04463827059623
11248,78.23664660064352
11249,28.93598885892201
11250,28.412338053430005
11251,57.920366874426655
11252,62.263496022178074
11253,46.427808681690095
11254,60.72079698847924
11255,23.50785741757157
11256,42.75536753171448
11257,68.13931159372632
11258,24.196899343749195
11259,55.00639702657483
11260,66.37210757124816
11261,0.41453803942756196
11262,51.24306406131342
11263,49.14074103787541
11264,3.564110746627371
11265,41.926755961372365
11266,59.159684917006416
11267,42.36091607687256
11268,1.981901738470846
11269,67.0903776086829
11270,22.609509553085623
11271,58.62602629800901
11272,24.028605025071943
11273,63.67395766346145
11274,29.92625720008194
11275,20.35446936856764
11276,23.10829021102223
11277,37.91145385891339
11278,23.08348480801741
11279,41.27937570108919
11280,29.694722966973913
11281,22.061113603567968
11282,64.05762805483802
11283,64.55089870388336
11284,39.280947009924745
11285,35.633148293464146
11286,16.039775308249258
11287,11.327881463175515
11288,0.7909240859307616
11289,61.906333603099924
11290,44.25625448068344
11291,57.50334992120214
11292,61.01131411295292
11293,43.31124226954215
11294,31.223279630749737
11295,30.432456203253196
11296,-0.8958971090084233
11297,44.966015215539585
11298,17.777622199168924
11299,55.85554662409121
11300,21.51777791038309
11301,58.221335193045164
11302,14.99393788598298
11303,51.148698226229655
11304,56.51032363020209
11305,41.418313001861776
11306,30.03310172395127
11307,29.976995276066184
11308,53.69722629617226
11309,44.28868105337895
11310,34.55078720645456
11311,14.616541258808503
11312,67.39031219345827
11313,45.78164241771381
11314,20.15966218530926
11315,5.888908518168368
11316,63.133290291283124
11317,49.161373214171896
11318,16.142827631131077
11319,39.394774360845645
11320,53.01811640281916
11321,23.4885485255704
11322,61.297348633423574
11323,50.63662367734962
11324,11.276013419316168
11325,69.05434916320593
11326,70.55767981966113
11327,1.694498096742059
11328,70.10199907536433
11329,42.74772687090812
11330,73.76987524706686
11331,60.357790391709344
11332,44.35709544677148
11333,45.51695984023202
11334,35.79177128606983
11335,46.615661686235676
11336,65.13933068320283
11337,55.76205548132796
11338,42.45611340182743
11339,42.84347025437544
11340,3.2195098751150404
11341,67.28460577122141
11342,39.52158447419365
11343,68.73071078547545
11344,46.686410078584075
11345,26.698433803870437
11346,45.830784581613955
11347,48.21251555400201
11348,35.624876182702
11349,44.49761729965791
11350,40.501024644504916
11351,23.364375848283977
11352,29.812134620471173
11353,36.45476980435127
11354,58.681608596339686
11355,45.587056467001034
11356,-1.1511101482052055
11357,15.259137267750216
11358,58.99048988371071
11359,52.91271592353368
11360,0.3864241787227698
11361,42.395939507750406
11362,6.304173416859257
11363,51.130847689330324
11364,37.46500808227631
11365,37.756033842267016
11366,2.1556979756398995
11367,24.05313305635546
11368,49.48136567840275
11369,52.22359101500711
11370,39.78606589588185
11371,73.78113857598066
11372,30.12396683730414
11373,30.93074508212394
11374,49.91574298642598
11375,45.21933384251242
11376,24.568187339366126
11377,29.150691710731486
11378,47.44367519760236
11379,18.888703231559397
11380,25.7566307078367
11381,2.9810486324098804
11382,25.846754098561064
11383,37.51914010956281
11384,0.2498003320988218
11385,41.62100710374033
11386,2.537136880591053
11387,51.75140196358019
11388,43.510247464759644
11389,36.161903337624445
11390,21.948636889476596
11391,0.9983710599029934
11392,49.875811353977966
11393,56.19537023228359
11394,0.5791405938693046
11395,54.600193576324685
11396,44.96837554931936
11397,1.6636813108926063
11398,-1.1868960352758222
11399,0.5424150090065112
11400,30.099318248737603
11401,0.2640880870117286
11402,45.165711526583834
11403,11.409609328246237
11404,27.78895519505323
11405,47.74926299223166
11406,41.49297375365255
11407,35.181446385663264
11408,43.11244870116503
11409,42.78814084956241
11410,57.84520761351895
11411,-1.0775104998398604
11412,49.47689962580973
11413,48.18284716604171
11414,54.74142387392101
11415,21.700712506500587
11416,48.083534157366195
11417,49.60766855635937
11418,50.44596044959191
11419,22.628017983457543
11420,21.239407485514604
11421,30.344336511006105
11422,0.17587125337570342
11423,44.93598665436362
11424,21.430240136060924
11425,20.66955262175719
11426,22.453865177315908
11427,48.19547572648392
11428,17.968619922197167
11429,4.605584600380556
11430,47.15518931456794
11431,20.900390718432575
11432,48.71338644881084
11433,27.65242406473005
11434,23.76473357139009
11435,19.61707643862607
11436,33.62764334694631
11437,24.80621290720498
11438,11.97562049505214
11439,0.8902575205059264
11440,56.567216684815975
11441,0.46170395293825095
11442,37.340359852275625
11443,71.82529654549138
11444,76.97562753033235
11445,47.40249373242148
11446,6.404066963714055
11447,39.56206507217751
11448,21.441290138727986
11449,26.643484794415254
11450,41.713514764429185
11451,57.242357783293365
11452,50.51406665783143
11453,43.49185617937579
11454,48.827112710361426
11455,40.681458105222525
11456,-0.05972515120125621
11457,36.15928548643502
11458,44.74769732208916
11459,42.14114963963018
11460,60.6486055280491
11461,49.78518312492689
11462,59.944239972314854
11463,21.525918790662644
11464,55.51000426926078
11465,57.968835292999415
11466,38.55706252943359
11467,3.302583877748752
11468,68.17888355228645
11469,0.6181796844047796
11470,11.80682039952832
11471,9.939514600244213
11472,52.580689288323086
11473,42.27411185586901
11474,44.96217294405674
11475,55.96372068815715
11476,47.69995455492484
11477,2.6097266124027065
11478,45.698276878303965
11479,28.11295205069915
11480,57.415711646839725
11481,58.66162094153732
11482,20.247077510106386
11483,48.703388106340284
11484,38.22746371798835
11485,48.774872744553655
11486,25.716004294954494
11487,22.2627209869537
11488,52.622241296565434
11489,46.67134421833504
11490,56.27399200439774
11491,48.694372399453115
11492,1.0140915243435344
11493,74.11558778408106
11494,62.06703162635471
11495,26.060705170714414
11496,39.92413851400023
11497,65.10024322573416
11498,1.4860444353120101
11499,14.234628944481813
11500,65.49197368999296
11501,-1.5091047788368073
11502,1.0727786795952454
11503,1.0639694775688397
11504,10.423153471753189
11505,2.864338330532103
11506,38.77577844279157
11507,0.6705955650677922
11508,10.779417176094324
11509,51.07031830154832
11510,49.013642856216464
11511,44.33842177355493
11512,41.48005426422616
11513,17.441707039375125
11514,38.690357217806735
11515,22.319916121051573
11516,13.511331826524938
11517,42.234587419135096
11518,27.421043840175216
11519,-0.6650204560171815
11520,10.349818216590656
11521,24.430746347873328
11522,39.498493744447984
11523,2.712996425121535
11524,42.99646728192008
11525,70.0457079646219
11526,53.515243677581736
11527,4.6144673127403735
11528,24.24595252744969
11529,47.17751819576159
11530,44.88433795711057
11531,54.866355861742846
11532,58.85202811382162
11533,28.741896456683627
11534,55.46952399026991
11535,21.898945220885942
11536,30.78624144143035
11537,62.108314149713436
11538,59.996549787095404
11539,48.86865222561253
11540,52.6084112408587
11541,60.06054532757631
11542,1.357704727355074
11543,45.608771698951585
11544,23.46458578142564
11545,42.5378840656346
11546,67.89234414744418
11547,0.2836185413771446
11548,1.0207063205688982
11549,34.4502825674996
11550,1.354054632887749
11551,53.36485742589292
11552,46.39916381913126
11553,45.245756590384204
11554,53.90910451632725
11555,53.03386301852481
11556,53.0571045414485
11557,21.457368435242252
11558,37.32960716126623
11559,0.9494657529264927
11560,-1.012085266483254
11561,27.15599687723886
11562,48.99183546649783
11563,25.16996515255467
11564,21.465180324906726
11565,26.889159239465023
11566,22.173384310230453
11567,-1.6360710950983304
11568,30.26735445586197
11569,77.92702731210585
11570,35.23780037458248
11571,39.77989082714457
11572,28.03953755379724
11573,25.384125438470313
11574,-0.9003385731550821
11575,23.93656726652588
11576,38.46623790699308
11577,28.55706845264346
11578,60.220049523994945
11579,13.0591963190377
11580,68.85209702201607
11581,53.94766349684827
11582,9.128634838921215
11583,25.0288327988337
11584,55.55477375504258
11585,38.93191771615771
11586,52.873666213483276
11587,57.54790809077667
11588,72.18879774110297
11589,43.65008243029481
11590,2.3846113613160504
11591,28.939068825663476
11592,36.36928203632937
11593,-0.12902436406900364
11594,53.99071209266758
11595,61.79404729486279
11596,47.30216299940961
11597,14.71475922813082
11598,22.672157792217508
11599,34.51414255498005
11600,57.44537967041222
11601,45.9314627442274
11602,20.538067449469203
11603,51.34659933616167
11604,43.54838297380514
11605,23.03854101722673
11606,46.99432598480068
11607,71.36976613317927
11608,57.38218251177153
11609,0.9424321964730993
11610,49.451118625738985
11611,23.1121294258324
11612,64.33401404061107
11613,20.365993068489367
11614,22.101928978209294
11615,40.38309225847131
11616,1.4646671459229168
11617,24.164492827983945
11618,47.79188448700518
11619,-0.029915056924743055
11620,43.0897948600057
11621,45.946794545007364
11622,23.21890985247694
11623,32.10957214078589
11624,22.242486399533917
11625,49.386685528384945
11626,27.116461051253417
11627,63.07187322461405
11628,17.57016333450804
11629,23.20391727667871
11630,48.924530240521165
11631,48.104283561465564
11632,49.17559472046576
11633,32.756643107714105
11634,39.176899722576096
11635,-1.0162085561350196
11636,26.701400516568953
11637,3.337686133014845
11638,41.23859385498301
11639,48.0224249691463
11640,43.93182182303736
11641,0.052469790360490265
11642,24.36319201985618
11643,44.32140976543611
11644,45.678670814428564
11645,40.795321919810064
11646,14.914854109174215
11647,38.34076676180378
11648,50.366143330384745
11649,65.96025954343695
11650,38.13711590996416
11651,52.91137650448454
11652,5.039084927268082
11653,49.10262156903884
11654,44.394143381411794
11655,47.4525367179552
11656,49.666390747076974
11657,47.19239864962478
11658,48.2491179218308
11659,45.413115013116936
11660,53.515158051072646
11661,45.00003231919712
11662,28.326946036813872
11663,47.50904601010491
11664,38.291143062447844
11665,49.93642056472839
11666,18.763925176385335
11667,40.70783372898919
11668,24.51278559264439
11669,47.81919952840968
11670,22.97476389590946
11671,53.642071737216796
11672,42.84289633787335
11673,43.41113794334834
11674,2.213616512456447
11675,30.32432212706561
11676,23.891483217848503
11677,21.875270121739298
11678,-0.9518511519463502
11679,18.460940704908744
11680,77.869482016826
11681,50.61135799375113
11682,23.17170148084496
11683,25.318587253052677
11684,67.00834596363966
11685,52.26862985059199
11686,53.12897706976558
11687,49.20662307543701
11688,24.365688220055
11689,-1.1658693919429624
11690,21.422707320355002
11691,42.28898719112087
11692,51.57521237950505
11693,3.2317093563097217
11694,41.35259019998698
11695,25.36708136507636
11696,42.039175235184125
11697,49.49722161649403
11698,44.69544329309419
11699,22.43115264064477
11700,68.76916340768318
11701,49.80830811558797
11702,1.8166368268959587
11703,47.864477657330134
11704,71.15723945138086
11705,57.70286599247885
11706,41.44059745170881
11707,9.48166568686753
11708,21.253835367718537
11709,43.90042164624997
11710,14.014611436703671
11711,34.210514105434285
11712,9.646475076529843
11713,70.50691019196815
11714,47.0459873372415
11715,57.61336292944732
11716,54.99052189273672
11717,46.237346646403154
11718,0.1360310846319095
11719,51.80740142879624
11720,59.489497369982274
11721,32.62659122399325
11722,45.258132599846306
11723,42.228435243199634
11724,46.525747640543855
11725,3.3572265558343872
11726,12.897249861517928
11727,32.3743863667046
11728,45.09121694466763
11729,28.741903524021488
11730,41.42363723092127
11731,22.13212464492983
11732,37.86127481704775
11733,32.795548079181415
11734,1.4513878205035233
11735,40.84506083522181
11736,-0.5086575967784057
11737,17.04395710197022
11738,17.82776113423735
11739,8.113617421732236
11740,40.09021797988857
11741,-1.1013147197933648
11742,0.604420745095517
11743,52.08765860290521
11744,67.09381351604713
11745,33.038986401511025
11746,1.7054921393141242
11747,9.934426292429894
11748,22.80940766027483
11749,59.74623618226404
11750,36.33965046618639
11751,1.6206676984697808
11752,46.85472237038995
11753,56.15205327173405
11754,21.704804210734174
11755,50.14979490169105
11756,55.86776407074916
11757,61.87564448228791
11758,41.29129160987472
11759,29.350592077513646
11760,58.694464566383836
11761,26.265697880611995
11762,0.03615780703097471
11763,47.27253652910793
11764,44.61790228463634
11765,46.826401319923605
11766,23.847260887185413
11767,1.0139107443873598
11768,21.9978590349572
11769,1.0060531200687635
11770,2.533429331873826
11771,42.3660705173325
11772,52.92989876377041
11773,29.79354668479308
11774,38.24170689770483
11775,49.17707260493485
11776,45.54590134300003
11777,0.06921497933544885
11778,32.37826921419046
11779,19.67369687239237
11780,24.417069686046588
11781,39.21875124501387
11782,46.97000649288476
11783,39.8556528082231
11784,22.65585143826058
11785,16.806393489082232
11786,15.524617643141568
11787,51.30758429147073
11788,21.17140206018821
11789,1.586292245632528
11790,0.8423670560394854
11791,55.447637100592985
11792,22.370624641603357
11793,-1.644337505641694
11794,49.13990937348024
11795,0.7649522026934221
11796,51.43324056674561
11797,14.203363381363378
11798,45.73555417036702
11799,47.84803714645414
11800,0.31641790454822427
11801,6.20083215342996
11802,1.253190228763934
11803,56.10260583422873
11804,0.5562750271663219
11805,32.94820028110554
11806,42.52281205953307
11807,43.181575279452346
11808,12.517024438984617
11809,49.879889069921184
11810,14.453855187677803
11811,0.2923283323281254
11812,52.77348197668715
11813,50.16754530667333
11814,19.233406221755473
11815,49.547296286121046
11816,37.460326632941964
11817,12.63996138801632
11818,47.15880073702324
11819,24.7567345247849
11820,39.939271698007694
11821,27.884598351296102
11822,28.271268432198227
11823,-0.2376350611655198
11824,52.389665594912955
11825,43.594111463653654
11826,22.511613096563334
11827,45.219146255707955
11828,-1.1917208740398664
11829,28.888819994002553
11830,43.52717119261829
11831,45.81266049637061
11832,11.920455904862397
11833,22.135173269003722
11834,24.09605412688569
11835,3.884618211198486
11836,15.455549458194938
11837,46.27127984441843
11838,47.76843789287548
11839,28.419157953259997
11840,35.7110063889984
11841,42.037373300466584
11842,23.524919748553508
11843,47.33485337112011
11844,60.83400304841001
11845,20.064267184541215
11846,46.33427635461413
11847,58.52526675439025
11848,1.339378866159631
11849,51.30128376280605
11850,27.406831533070207
11851,13.254769960298443
11852,27.999500172836406
11853,47.30346773998134
11854,48.09516767048541
11855,53.29589088573431
11856,18.72054731337934
11857,49.90456106735398
11858,17.85785487184045
11859,32.85623393465961
11860,45.57246693867334
11861,27.018261615378858
11862,65.68693036176329
11863,22.448512873064026
11864,16.929088786233624
11865,55.23149444634771
11866,47.9808459469785
11867,46.83718077885888
11868,33.991566793665314
11869,0.0698454357437086
11870,-0.509432538871927
11871,60.343282007130306
11872,50.33056486157404
11873,17.94217433028972
11874,50.48919134638594
11875,64.70409869947099
11876,33.1864136457937
11877,39.579130437661846
11878,28.91050899064122
11879,12.786877576278638
11880,25.940834558357686
11881,8.024559704591066
11882,49.975330948127564
11883,15.389125476296329
11884,62.219767973610026
11885,41.762788348288325
11886,33.41793075452426
11887,79.02912957679268
11888,34.55707624286603
11889,41.882986112404794
11890,18.273138084300452
11891,27.983643035447955
11892,15.602747349431489
11893,19.74116051797487
11894,50.74532508968693
11895,18.081511826772456
11896,18.763435184507998
11897,22.182988471291164
11898,60.44418020052002
11899,42.59415724902209
11900,43.15472058719363
11901,41.04153263809485
11902,1.7381235479716182
11903,26.193735364252333
11904,24.657913884196823
11905,50.264029442047345
11906,45.23811304925769
11907,-0.7568931489669879
11908,-0.2840658488449108
11909,32.11740180021209
11910,27.799619745827844
11911,38.51692618759673
11912,71.44495145637161
11913,19.019996598369897
11914,55.64841691944403
11915,25.558377353156658
11916,53.241159582104345
11917,24.3847350967154
11918,57.57740480560287
11919,0.6285384288559044
11920,38.28574980362414
11921,-0.5540180908976637
11922,49.80179267869997
11923,0.7718290866097988
11924,53.001170731748786
11925,21.481244283558166
11926,52.9951166674865
11927,48.25571853086336
11928,44.93626530971454
11929,0.6236186904859693
11930,22.95813544338764
11931,1.2190347223936655
11932,52.017657794310104
11933,39.33306534218075
11934,39.20762557855324
11935,30.91028258194591
11936,62.679597081064976
11937,17.24921561017936
11938,47.08129331778408
11939,47.95046840624013
11940,3.4025933291022348
11941,43.09199984803551
11942,32.14639954522468
11943,76.94687137208781
11944,45.534097737924306
11945,52.440437118552154
11946,1.2128068092882316
11947,28.647335763264877
11948,24.14276217827662
11949,24.310740871696268
11950,47.507516259673366
11951,55.76661519718882
11952,52.180738315966785
11953,11.772564077705539
11954,0.9389921792737255
11955,61.63267816048414
11956,22.358110807807087
11957,48.048246265136974
11958,30.626235183997373
11959,6.199688988353149
11960,50.44154448152523
11961,22.206836909289073
11962,58.52777088427585
11963,42.95219243385916
11964,62.13599145206631
11965,20.450867421650944
11966,49.88084655406689
11967,4.513868851293019
11968,13.543236097408371
11969,-0.027238821853181605
11970,49.74977006792436
11971,-0.32818910144226265
11972,48.49586279864692
11973,26.603838848671604
11974,1.9115415238376308
11975,27.965938420130712
11976,65.91749244072645
11977,27.94046953096978
11978,9.569141118847245
11979,49.81545321362779
11980,27.667113897517343
11981,12.815362247939582
11982,46.05465665936859
11983,32.157054219848256
11984,50.84409222944501
11985,33.63840489956084
11986,30.723685006240252
11987,-1.4061692107815986
11988,35.273713396634385
11989,37.328146268152274
11990,27.80110696164193
11991,1.6909256584603298
11992,44.18230605900356
11993,45.45194776341929
11994,65.2414441999899
11995,13.107744032821966
11996,33.56017213240407
11997,42.629728213486196
11998,66.26101747028719
11999,27.86551241532739
12000,20.313670395118663
12001,-0.08709720993941517
12002,59.98291555542698
12003,55.529250541431544
12004,1.261406475345673
12005,15.118805768490375
12006,18.68912637775307
12007,-1.808129969651148
12008,38.212618319502695
12009,57.661823651909074
12010,59.392451254631055
12011,43.60023978877375
12012,49.80547387938206
12013,57.56706862866209
12014,42.438445123982774
12015,27.77910490197215
12016,47.816176219262516
12017,46.95649338650856
12018,-0.022561678455709
12019,32.939872604036225
12020,1.519254977972853
12021,23.338532255588476
12022,32.46447521409365
12023,49.75651024682762
12024,32.421641431873475
12025,62.525336123038535
12026,42.98202021425927
12027,43.17636071170658
12028,19.74135175152901
12029,6.838555043510755
12030,70.44552219477652
12031,51.06279354814667
12032,30.43499728958761
12033,50.21225232630667
12034,0.9899798141609253
12035,63.72285279995014
12036,43.74103946128556
12037,46.97231450940053
12038,35.56258546733652
12039,1.818917559990851
12040,23.64971297954945
12041,19.130366080212276
12042,24.040375550476824
12043,48.16749603149934
12044,34.49665904652172
12045,16.61669174969705
12046,41.54160482540781
12047,51.65706321710063
12048,18.25226221349449
12049,32.26078642913342
12050,67.4539225178138
12051,15.219518211879151
12052,42.966049284705235
12053,25.254196196797373
12054,44.1807857114428
12055,63.64929647050212
12056,45.290618887765085
12057,1.8711427862460397
12058,40.62980285327062
12059,5.892900531445598
12060,29.2423651117725
12061,50.79580793112733
12062,21.038978727482778
12063,57.47176613715496
12064,55.72659876087137
12065,58.69987458905085
12066,48.54361726587823
12067,1.602314483665232
12068,23.587395842909743
12069,33.48172693718749
12070,44.42171093998033
12071,-0.32837197616071734
12072,43.64039201330711
12073,50.936106243513564
12074,-1.008046556757911
12075,0.05645715557456299
12076,23.114496716482556
12077,64.55340226204943
12078,54.76139641802919
12079,1.7955124857942266
12080,7.273523232602784
12081,55.066496342700304
12082,37.4305753254228
12083,58.007614556299345
12084,45.76198808067314
12085,1.5196506620150316
12086,42.81463549140939
12087,1.1115888632768858
12088,53.92959773625216
12089,0.41477357716946983
12090,24.30731496231536
12091,52.08685168784493
12092,51.145958556918856
12093,24.075154663739852
12094,39.04757116609508
12095,16.912137605244745
12096,54.62126386288976
12097,59.41006763211405
12098,29.65984255222468
12099,48.43098355522359
12100,43.23688203746452
12101,1.9621617595537728
12102,2.8296239892129265
12103,20.344381041256508
12104,61.60883237537519
12105,12.493014151299622
12106,35.5969697170054
12107,4.435838699581133
12108,20.40330272297964
12109,44.084984013854466
12110,48.8031240012735
12111,-2.0007650824863603
12112,39.78872169684567
12113,42.77807580076293
12114,23.849032827493353
12115,1.663495319949373
12116,53.70106189666856
12117,28.839557204466182
12118,65.16282688799201
12119,44.54372764939848
12120,-1.0434616384866686
12121,-0.3782458339229038
12122,54.93926362514158
12123,4.714622891771633
12124,41.976048444962785
12125,50.08435503259786
12126,18.70123847377023
12127,62.65207990088787
12128,0.4089847691548911
12129,20.142002943988032
12130,26.380462178719107
12131,0.5590933766208508
12132,24.06436464306587
12133,18.417464261734526
12134,58.57481102794313
12135,17.716356793156443
12136,32.424278558577086
12137,50.191295539502015
12138,45.63194819322345
12139,2.501606711566808
12140,43.385480224282375
12141,47.807702627033834
12142,44.23703589921811
12143,49.051243997140965
12144,45.27274907449376
12145,61.92245224336655
12146,13.73893304671433
12147,2.6984992116198825
12148,14.038098636628082
12149,34.36489408777869
12150,21.674453818454914
12151,9.94125516184257
12152,46.05232105696882
12153,44.98467035065447
12154,8.571558772697568
12155,46.57140350008949
12156,25.043716725339895
12157,6.149893334912317
12158,57.08587982480263
12159,60.1524751144346
12160,65.50281192609334
12161,54.90749834247553
12162,-0.5795177115042662
12163,46.33806998753908
12164,5.6817912763084095
12165,0.04578487699726708
12166,4.250538302352762
12167,60.00769021201485
12168,49.51651793771527
12169,37.44666208403586
12170,30.39282951593401
12171,0.5816253444534709
12172,1.3751557266224168
12173,14.0281268379565
12174,1.7469994491246048
12175,0.6832694081952582
12176,13.46372859958272
12177,46.83302385226084
12178,47.731249681819996
12179,44.106030317808504
12180,0.5256697009923883
12181,54.082964258945545
12182,42.16713361657876
12183,45.8767642069069
12184,50.16344244330471
12185,43.95471504574519
12186,30.554997748780735
12187,47.39139281127518
12188,9.063896338470379
12189,41.280779594146516
12190,63.78452840345494
12191,33.84215650909694
12192,20.635393637749715
12193,56.82679679834571
12194,55.66968869936103
12195,42.398189839583345
12196,8.019283670575906
12197,30.829551262973165
12198,0.2753446059525828
12199,43.84377150316013
12200,31.90651860359233
12201,62.11510404044383
12202,48.778707329062875
12203,2.8036732685881667
12204,43.44015188118014
12205,49.15674142863904
12206,26.991514461727945
12207,22.838575246541243
12208,64.80454688088778
12209,0.30017569763273855
12210,48.713727734322745
12211,53.89532103678084
12212,39.49038631787336
12213,28.157248764323036
12214,24.321784924143557
12215,3.354131559576981
12216,40.591491440393575
12217,4.6819932722021065
12218,43.88872665165127
12219,49.63464508244726
12220,32.92259635082343
12221,33.87907931879525
12222,0.7897043506047794
12223,41.53864139296514
12224,42.93054153853186
12225,10.45747484955842
12226,35.81889197496441
12227,13.148132413934945
12228,71.2227773509286
12229,57.019077694662464
12230,32.15047748830723
12231,53.14280701433701
12232,40.873048476201106
12233,0.4239289378368838
12234,19.049098634503192
12235,48.04463593724655
12236,34.361887596691766
12237,31.756868125378272
12238,11.138579749571829
12239,23.78591854676187
12240,50.28446469172215
12241,46.91457414347626
12242,21.522217773148004
12243,-0.17680525840910377
12244,19.719174604926273
12245,51.05403818089782
12246,25.71772432734466
12247,1.95070239568933
12248,71.02437746127983
12249,38.53070282690406
12250,31.516312988693127
12251,40.95231256757581
12252,59.14397962525827
12253,11.026746251954712
12254,41.49729437136229
12255,-2.408620600974224
12256,53.29136336026755
12257,33.575633713097105
12258,44.71426918049219
12259,44.52080492270502
12260,68.32509851477207
12261,21.26497824776674
12262,68.11287619686124
12263,21.95284730244858
12264,0.7830288081557626
12265,52.111528444510746
12266,54.09505516899294
12267,50.05764892797784
12268,47.52672793180136
12269,40.98524147374814
12270,23.147145923391008
12271,0.8704321754924464
12272,26.303683305900382
12273,22.055303156812926
12274,75.9683187715362
12275,20.02481408947155
12276,54.77767281508664
12277,49.36025642901671
12278,53.81929174833272
12279,39.861907699246096
12280,12.97610491878967
12281,2.131933630071874
12282,38.81489874720282
12283,51.23378482100018
12284,35.31547486521051
12285,53.530671222576075
12286,26.882077016880835
12287,61.81028985901921
12288,56.86206393567541
12289,48.07745866154213
12290,49.5865735131207
12291,26.205961036616394
12292,21.281688425301105
12293,41.65304034600733
12294,57.56422006316752
12295,1.24737421727351
12296,48.15281466804471
12297,57.805931559781996
12298,43.42546171391614
12299,51.723769112448736
12300,0.3004889543859477
12301,73.2906136094106
12302,-0.9851000679857833
12303,38.599348335643604
12304,45.92975574756593
12305,6.3716390379119545
12306,34.629115335746654
12307,47.23483503242383
12308,26.29192378588535
12309,34.73928336508569
12310,40.65765807473821
12311,15.635463308596094
12312,42.880028106151535
12313,54.597004782011865
12314,-0.14663820110293813
12315,59.22429826096088
12316,-0.2296241740320255
12317,27.29194757335815
12318,45.672941933275666
12319,59.91091795343088
12320,22.185794828547515
12321,25.58135548096766
12322,35.30348882780346
12323,60.31176921393326
12324,2.7248697175575245
12325,17.913814064347147
12326,58.022523440561756
12327,2.317696815476058
12328,47.96541900420565
12329,60.33648271080405
12330,1.6807775126338846
12331,45.57929269081127
12332,0.9263406906965201
12333,0.4652205810890919
12334,45.11297060654697
12335,46.974524452333796
12336,30.161872002165076
12337,52.66352855842588
12338,48.07672672180412
12339,38.79695539628433
12340,-0.416037868663075
12341,46.542474256963075
12342,17.12678540207397
12343,-5.880790653960929
12344,4.893103304530214
12345,52.3915226315907
12346,27.86242396165241
12347,42.713935406223534
12348,43.87802115003706
12349,52.92388540241354
12350,25.249021713048194
12351,14.110811003356563
12352,50.58620801975997
12353,56.41530149206052
12354,49.41618378359601
12355,42.81715776901284
12356,47.505852979785914
12357,54.41067657756235
12358,21.30089860958649
12359,51.91722454347456
12360,26.214667414218876
12361,49.04980100205536
12362,47.591786782784695
12363,1.9882341927462441
12364,56.3618305207098
12365,38.329649956920434
12366,69.01673918423234
12367,48.801559981480644
12368,7.998278436651667
12369,55.696618079591815
12370,56.30944293893743
12371,0.4367955055243087
12372,38.48406561037959
12373,41.69720302398115
12374,47.33035103315953
12375,54.8939323236703
12376,54.2541734166419
12377,53.96608162460775
12378,41.25726238160289
12379,46.2243827070335
12380,32.12165862054171
12381,28.083698361032166
12382,45.020918092089445
12383,22.958563073233694
12384,42.42690080359374
12385,2.7571835600125176
12386,47.56740471057294
12387,59.30455283646432
12388,48.52924179791438
12389,58.352800261722685
12390,19.522286015916556
12391,32.708739993231255
12392,0.90681406069492
12393,6.108295372787865
12394,48.926661371030804
12395,57.90078294677376
12396,47.41341679599667
12397,42.30238815933637
12398,49.99772811898286
12399,28.772113550141846
12400,31.336108784157073
12401,33.259292425114566
12402,48.665756543222415
12403,50.03743636433362
12404,18.543065750478753
12405,54.216639047510924
12406,30.85052174573837
12407,0.5551924051864958
12408,3.012142530863212
12409,52.42292979074125
12410,4.77662739232953
12411,2.211771399978314
12412,29.16078191883052
12413,28.70925333329859
12414,64.04720153535568
12415,35.76585583292003
12416,12.55150877356905
12417,43.153079929957926
12418,39.003076323223354
12419,65.57449712642735
12420,45.96329491084838
12421,23.746499307389396
12422,60.35939550939587
12423,15.17540616337703
12424,0.0944494634699069
12425,24.550419560607104
12426,58.41544446703443
12427,23.10695417028475
12428,41.643963420600386
12429,-1.1169132523446166
12430,28.60060352138679
12431,50.243554286804454
12432,23.944469222399427
12433,21.385858526742773
12434,26.410035952279735
12435,50.77236818214908
12436,15.083759788156716
12437,12.093212454243524
12438,55.97573849908603
12439,53.93172935393237
12440,59.03999958404567
12441,26.899842480845102
12442,23.477384784467596
12443,27.41225408587353
12444,37.29746636824899
12445,35.14328159710247
12446,49.56258091125552
12447,45.49266968013732
12448,48.935119266802765
12449,1.3301682787231606
12450,42.693804368562915
12451,56.0774908220117
12452,54.73934739248009
12453,36.93236256004368
12454,56.64372691953261
12455,42.07852710235248
12456,13.867514203776473
12457,14.807904412773986
12458,58.24726914945651
12459,65.69114890244995
12460,-0.35150807032161424
12461,43.940742444198904
12462,15.722514732317247
12463,48.7449251934127
12464,33.67036717987786
12465,26.368741830021385
12466,36.96721205380731
12467,48.56726809242383
12468,62.37457578062911
12469,39.39350387309643
12470,-1.0186631037677571
12471,39.79625577130881
12472,23.27226054056566
12473,41.90589102978871
12474,15.290640420053755
12475,57.90037663292673
12476,13.91064069595489
12477,22.929520635395182
12478,10.901902686720476
12479,61.39555019798881
12480,28.849099416482115
12481,0.8063860949749255
12482,55.65672760511656
12483,1.6292631338506425
12484,10.865986978027756
12485,9.297167138770092
12486,33.22346134079329
12487,-0.16541946171302868
12488,49.84898148049897
12489,28.48696556100851
12490,33.2160814535483
12491,12.654445208333545
12492,26.8550108182131
12493,49.609315495675354
12494,38.52944561454023
12495,40.604048405595805
12496,44.49418110886328
12497,39.236318711197555
12498,74.35127299285082
12499,32.428457399014576
12500,15.823487664445295
12501,53.450992314440086
12502,0.8612754713696305
12503,57.55810111214838
12504,0.948522195804685
12505,44.453669520489825
12506,12.57001418623355
12507,38.37625077444858
12508,49.49096464817433
12509,14.749626742188873
12510,42.12347333212452
12511,24.61873279101297
12512,51.3108413591337
12513,10.952215208294252
12514,3.3876888752849084
12515,23.024010220538322
12516,45.03331774995724
12517,23.76153902237654
12518,49.50010191980431
12519,0.2595035691016747
12520,58.559206609240874
12521,29.141689172993622
12522,8.321333806239508
12523,3.882076090459641
12524,47.784511342697215
12525,51.05751677646863
12526,53.82486412544064
12527,59.78950049246012
12528,39.531431010834034
12529,22.060354370521882
12530,59.01670564981467
12531,13.749472433839905
12532,41.65374581019695
12533,44.487842191301425
12534,30.98571327900001
12535,55.633928921366746
12536,47.371949445642606
12537,38.300745175921946
12538,23.70271743134168
12539,24.636368921723765
12540,18.430030834097003
12541,25.163718031137336
12542,58.038588881553466
12543,48.96045271720567
12544,54.5544394430578
12545,43.51793898547147
12546,31.052723127086526
12547,59.93750713002615
12548,41.331945271480535
12549,-0.9759117750677717
12550,29.153892757588693
12551,33.71317946628704
12552,10.866620300832523
12553,0.7892841584138637
12554,13.76023095495184
12555,19.017264299486328
12556,45.054950702221774
12557,55.78528582806313
12558,25.452252955194123
12559,39.98756270988981
12560,43.465516265110566
12561,53.01127590448644
12562,27.70887147709291
12563,1.1581390159574383
12564,25.380654625564503
12565,66.10387750157619
12566,20.353961849263314
12567,45.19550672383777
12568,27.71872837420783
12569,37.935065657972245
12570,58.51007972672809
12571,52.94353802416763
12572,32.5034062004638
12573,2.5233843791565747
12574,-0.9040298061628746
12575,66.80969672898577
12576,22.255545511338017
12577,0.7673232065816364
12578,40.918569196512365
12579,50.6475719025764
12580,-7.1267907172569025
12581,44.75931805052131
12582,46.81714545945744
12583,38.54025593360292
12584,31.314449082343014
12585,50.586621483208006
12586,28.546555253428313
12587,17.045987576052138
12588,17.69764790143269
12589,65.10811522851009
12590,50.534535920096204
12591,22.462384562775178
12592,62.62751519294463
12593,26.93092220319542
12594,61.192443852864216
12595,26.118400825138462
12596,11.900774732731879
12597,48.080444937510016
12598,71.92559772020203
12599,2.960862307290565
12600,60.7959409719016
12601,48.34709609649216
12602,21.694041204882772
12603,38.48503389904539
12604,56.496789754621915
12605,40.897041176059815
12606,40.989530455100905
12607,24.74048591785713
12608,1.2396531000748396
12609,34.42895166995008
12610,34.0242486333
12611,24.41989908953739
12612,26.46847979051141
12613,45.61041964041944
12614,44.94854828780558
12615,67.80325573443082
12616,1.4230593842728148
12617,21.178568028278654
12618,8.624208597263245
12619,19.569815621935874
12620,5.9799087100150565
12621,-1.1858424473953164
12622,53.226673838933394
12623,46.37559848479082
12624,38.5515613557464
12625,21.441206024642415
12626,47.976994943811206
12627,15.675748673810045
12628,12.020374105357035
12629,54.30830332040817
12630,-0.6219773818189012
12631,47.189212692132244
12632,47.66152642023794
12633,47.04036254684369
12634,20.21990739352347
12635,49.62388069367796
12636,31.471858214606417
12637,30.97954029857397
12638,38.51842994035254
12639,-1.5283924800218855
12640,48.211409168614175
12641,23.520156093459427
12642,57.407105607587205
12643,-0.0264623141072704
12644,40.65549863222323
12645,54.76485162818737
12646,26.542081570186497
12647,50.09338111338777
12648,53.054487343431816
12649,-0.3658911082069878
12650,52.1760336539936
12651,24.87173749441701
12652,54.28623584893992
12653,49.48046769289424
12654,52.784198883079384
12655,1.5780310707059613
12656,24.61378497821191
12657,63.38586966996007
12658,41.47571518277047
12659,60.756775297196484
12660,33.07180606789197
12661,51.56188552583951
12662,2.228008897609893
12663,52.166166371762145
12664,22.68949360977286
12665,-0.017741059906050793
12666,39.07211218383456
12667,50.39668409291238
12668,0.9549596472637276
12669,66.79274114628603
12670,45.33246783790102
12671,40.28857466834137
12672,29.91428186794605
12673,47.048372292647905
12674,47.13490737274628
12675,52.485119496592056
12676,-0.33061288558585034
12677,42.538261149262794
12678,32.75237182892871
12679,7.614796418243152
12680,47.528558640975966
12681,54.1752796588904
12682,54.74829623362059
12683,28.598527947934038
12684,2.337838840439588
12685,63.29900953958267
12686,25.840909204231775
12687,14.948958617445673
12688,27.35896916725438
12689,1.7512029245870302
12690,47.53586575112882
12691,23.265043507237614
12692,31.24618705759845
12693,42.193954180228985
12694,0.8553763199209428
12695,3.668183662332712
12696,47.27869800845524
12697,-0.15083158949580877
12698,25.393445654112565
12699,61.472548139152885
12700,21.109584863407452
12701,36.65101529843986
12702,3.2260542879134064
12703,36.935483332038096
12704,46.60771114890187
12705,25.360429044262847
12706,54.5503386492674
12707,16.09699377289149
12708,37.23546694200573
12709,16.591730064194067
12710,61.68230933651415
12711,30.313845975459262
12712,49.10028196006023
12713,21.252383336128442
12714,9.947048052012178
12715,49.923272570484535
12716,46.30012782767798
12717,39.65997972778492
12718,-0.7918141575957236
12719,43.39980799160223
12720,71.49841057416086
12721,26.4159734404368
12722,42.66198907900882
12723,28.951792252131842
12724,49.47630109842378
12725,70.07644710981108
12726,60.27616809740064
12727,23.383219995673663
12728,2.168747397449639
12729,29.683753172833352
12730,22.814843602784705
12731,30.70792174777468
12732,1.090741288607127
12733,56.98695822820547
12734,0.40028236093050396
12735,54.50937025979682
12736,1.2040818889984166
12737,23.60372129604098
12738,51.26776445664764
12739,15.029317104214684
12740,35.46024091933855
12741,52.29960876652794
12742,36.847791739709244
12743,60.94821955291168
12744,46.93132184784048
12745,0.5016612147016062
12746,1.6814748566756847
12747,0.4669944397463581
12748,22.04339670847608
12749,25.17756997051383
12750,62.95575445942566
12751,16.57226801242874
12752,29.55902563162493
12753,27.102697824774573
12754,1.1248249692065784
12755,38.893012794443166
12756,34.24374728726938
12757,39.707448275994174
12758,-0.5992119311444171
12759,55.99672958257745
12760,23.521574109840174
12761,27.901746920300464
12762,27.25732669501512
12763,34.357565037445156
12764,30.014002253852013
12765,62.659648951331285
12766,61.69582995088625
12767,1.8593722088163709
12768,27.259781025365218
12769,19.426902968258627
12770,27.980033161881728
12771,1.027315977703502
12772,14.409581042619216
12773,22.257113641354568
12774,29.586707710848273
12775,54.65903180127136
12776,49.63422951899339
12777,51.91936275820152
12778,1.1593704967653053
12779,62.5668527535298
12780,54.652319896042926
12781,25.35002895647297
12782,0.6578681263471537
12783,60.64615370931989
12784,26.520360073873412
12785,69.16328381501741
12786,24.062483931740303
12787,43.24122536402109
12788,10.914102726449332
12789,43.0492090453979
12790,57.76437015123457
12791,19.045373763225808
12792,1.7262603903174778
12793,45.31450735034275
12794,33.95933374045015
12795,1.750885991963834
12796,53.41297586471884
12797,43.23907588590234
12798,55.58045312253943
12799,0.35632714478060024
12800,39.418111975585525
12801,40.703915989701756
12802,20.212085584020556
12803,48.57178123471819
12804,13.178509180802358
12805,0.9578408543646901
12806,54.76243275660918
12807,42.19694866956611
12808,5.2233255354586845
12809,15.3349000652852
12810,34.79326667778985
12811,55.43542460919026
12812,38.09468691459509
12813,5.485668374189146
12814,24.344371246179062
12815,41.94601825096584
12816,57.340228975658434
12817,16.54713260081698
12818,50.020715543114115
12819,47.688203373876235
12820,41.35189749661319
12821,16.55006613253561
12822,28.574769170673214
12823,3.347480494313249
12824,24.750025278549565
12825,27.43901511194399
12826,61.39600653526257
12827,64.86862528947447
12828,54.16001904318456
12829,42.3430843125755
12830,51.59454777216342
12831,4.660491957331139
12832,38.64689820332026
12833,44.37287407656538
12834,13.928998322089026
12835,48.408043665983236
12836,43.45050834129648
12837,54.53917930616056
12838,13.736831894443931
12839,6.128830497690171
12840,40.971826934371215
12841,30.961096645820074
12842,5.06379186122378
12843,47.66482784871136
12844,45.99854270690187
12845,31.557956949999863
12846,2.288749221266162
12847,28.1410090907412
12848,63.863175433564365
12849,50.34509887147462
12850,19.37875400795928
12851,42.698518340121424
12852,1.08276597708943
12853,69.76545755173099
12854,43.08800835672913
12855,60.74878982619215
12856,1.4379233468815116
12857,48.456867887821176
12858,30.728044274280286
12859,36.40220274697784
12860,2.2874970117802818
12861,26.343323314514954
12862,-1.444799443395155
12863,27.323084868485857
12864,40.16783706545377
12865,25.986528947674977
12866,48.43273609335393
12867,54.36355308485345
12868,25.568267605566824
12869,34.908490541733244
12870,42.21696035690638
12871,31.882098201179037
12872,13.56078313413698
12873,46.74581042146227
12874,46.60847960683421
12875,58.006108401214064
12876,48.21255740641528
12877,44.76976342698679
12878,1.4462390626941684
12879,42.05138878882087
12880,20.851601553354897
12881,60.14449437887545
12882,62.2817345755559
12883,49.084519203897365
12884,45.27596099031287
12885,44.45456304307847
12886,49.26909580084185
12887,47.99646866916486
12888,48.810962093638786
12889,23.251121817488894
12890,62.670563751032766
12891,12.627936105409642
12892,55.00238045448137
12893,0.04254382520497302
12894,17.978748017736095
12895,56.11814826948297
12896,48.65976215909036
12897,23.4661086758109
12898,24.531275011586878
12899,21.8279861671452
12900,53.87648041390533
12901,68.93219597796686
12902,22.3129142908458
12903,13.140605156669263
12904,31.91253653950291
12905,18.64083849807398
12906,71.07636818622666
12907,22.2419366469602
12908,59.82403631504966
12909,21.38124171208176
12910,52.57534850052606
12911,22.179844787426614
12912,21.155388662602043
12913,63.38392808833274
12914,44.44240184633332
12915,17.274008624783754
12916,21.249037837897937
12917,30.754130276607636
12918,44.20933787046561
12919,27.168006882599308
12920,0.9612484541437212
12921,25.459320978233094
12922,47.52643801168408
12923,1.3302594095905924
12924,2.09547116454819
12925,2.5670213496281704
12926,28.28639960575789
12927,4.037802422752179
12928,77.49394632945724
12929,39.21018931161536
12930,17.203781015966943
12931,4.165740541489249
12932,2.2102179490850915
12933,33.39479752106964
12934,0.476451090488176
12935,21.548014482500015
12936,22.567545993777944
12937,73.25867756676526
12938,51.56210364944252
12939,54.10912973683841
12940,42.38945956265137
12941,38.795239718072835
12942,70.62694604163943
12943,53.91933527362421
12944,37.40788187885073
12945,45.23670725225086
12946,36.96166421205542
12947,18.46605358820836
12948,20.790012470388163
12949,22.78146768452588
12950,68.29511574293684
12951,20.074215631413267
12952,51.16171859957065
12953,24.51149456599166
12954,1.0042429755804747
12955,37.692539573031894
12956,0.6863883503930879
12957,61.35845292298219
12958,27.34170774953627
12959,54.23533880921512
12960,45.22077318396103
12961,62.84529500766956
12962,2.673409637444184
12963,12.825305069890273
12964,64.66293704471182
12965,48.131289775386286
12966,28.75973441900475
12967,37.17365439305403
12968,20.310850822497642
12969,46.42058108105577
12970,4.1097175993671335
12971,34.995916362174555
12972,23.74842582764731
12973,32.13177173631073
12974,0.34799294414968784
12975,49.35469337624939
12976,13.221279956803805
12977,41.65219921804433
12978,-0.45252779736442506
12979,61.830793026789465
12980,64.00167312598101
12981,14.793477969956605
12982,1.0184395167013136
12983,58.308627806137224
12984,22.581079247687423
12985,24.18781975143471
12986,58.18125167491424
12987,23.71157049495685
12988,42.52487550064846
12989,32.76732002817209
12990,24.918831124417736
12991,35.589307838412424
12992,58.18639413280246
12993,60.719047366540366
12994,66.86920440488049
12995,40.03601309030696
12996,44.64701213449935
12997,50.51549905778724
12998,22.776942892189965
12999,52.50638546418104
13000,53.837186885355436
13001,47.53489238843071
13002,38.719082584840805
13003,27.445973074320587
13004,36.044821823003005
13005,41.95629304301684
13006,1.4923340389049642
13007,35.40485990133431
13008,43.14159970254921
13009,7.364643751267344
13010,54.917522313821365
13011,3.2900365880648756
13012,11.229641267368283
13013,43.687954743218086
13014,-0.5952387830080426
13015,58.30729155420153
13016,45.20149271919372
13017,46.1965903355933
13018,58.63012024542216
13019,57.98507721522493
13020,59.555984075119376
13021,19.913893672540905
13022,57.87988186486042
13023,57.954245013332425
13024,32.28396124433285
13025,58.42785001390412
13026,2.690079626609773
13027,54.09991588078266
13028,40.60214412291433
13029,24.39984743846169
13030,11.037090134697767
13031,14.694705700048793
13032,29.195839214342115
13033,27.743199530130116
13034,57.600642747056725
13035,66.4714488157694
13036,44.19915928444125
13037,29.490991984136443
13038,50.948683246682464
13039,52.48698166697047
13040,23.802524089775503
13041,27.62127331443061
13042,43.42057078068827
13043,52.35520748294938
13044,56.67893473951082
13045,-0.3030054465723495
13046,1.445236495372523
13047,43.165465321308304
13048,48.3637971465717
13049,0.8989394337024521
13050,-1.3286755079804706
13051,33.05689422714602
13052,45.97275665454344
13053,45.772232970255175
13054,53.645740212449894
13055,8.737984114889777
13056,22.30578264323494
13057,50.20278277175143
13058,59.06713989684327
13059,0.10065847481143919
13060,71.14021372724979
13061,-2.6041375363899775
13062,1.68292840946744
13063,1.2468060004887391
13064,-1.4348710985454716
13065,11.785878529813083
13066,56.35353456982324
13067,42.74240336484851
13068,10.003175266309878
13069,26.042016117008718
13070,39.857623324176735
13071,24.293419881867514
13072,45.39135055740371
13073,50.03932905858587
13074,1.1833991497386407
13075,50.69946963520243
13076,49.00720747209079
13077,20.68000592056081
13078,9.074798675327319
13079,62.5888686151051
13080,0.8861684486246304
13081,55.15131044347622
13082,30.716270300610322
13083,38.19552511276026
13084,61.74954353335456
13085,40.89257427793454
13086,42.54764121175701
13087,19.881077428343733
13088,21.40796704246011
13089,60.327375488359834
13090,37.94117312058026
13091,45.636494710116686
13092,42.87477306523
13093,21.596657118461863
13094,67.36152647214251
13095,21.08334176393845
13096,1.6470361453624776
13097,54.151325389966786
13098,56.02630641857608
13099,43.84467395433205
13100,23.655251429228997
13101,64.40300631324041
13102,54.352517497113396
13103,50.26323657578097
13104,21.071070772766006
13105,50.28074592258711
13106,28.13835492521702
13107,64.31937781721224
13108,0.34858250502758636
13109,-1.9721539076505366
13110,58.9611620133433
13111,27.942606146415088
13112,7.279866564823326
13113,60.9902412814275
13114,20.661368137751552
13115,23.569896614572478
13116,40.827151920923264
13117,28.528054798966558
13118,0.8264653836341793
13119,42.753007331916685
13120,42.081383026300855
13121,54.840164692581425
13122,43.33578588818772
13123,42.337363486957045
13124,54.58119453110518
13125,12.647155151137355
13126,61.25969304736315
13127,41.05175139084539
13128,55.55686208639957
13129,66.81503610061975
13130,46.786389348328825
13131,48.05831656849858
13132,-0.4342955375618516
13133,16.52909278560406
13134,38.51193342182752
13135,23.317012321853007
13136,-0.8381334672760659
13137,1.3553771065309057
13138,-0.7394990099580667
13139,-0.31097159431750754
13140,42.19684288092487
13141,49.32039310872975
13142,60.47838538072868
13143,56.94396861252883
13144,20.943223381539152
13145,52.93627891191066
13146,36.98556845288694
13147,23.967575616739445
13148,37.34316108157877
13149,23.90079732060937
13150,43.03017678540072
13151,-0.07841054948799808
13152,16.926448217687287
13153,27.335388565709454
13154,66.96498250639306
13155,16.572031207699723
13156,51.3408879216134
13157,1.314374018058242
13158,31.71200032845499
13159,24.563098853558515
13160,46.42012170195423
13161,48.97354171555993
13162,42.69652180438502
13163,11.893981511522082
13164,32.09172222406903
13165,7.117396984126504
13166,47.05033081278623
13167,54.533668922065914
13168,67.82906196489103
13169,51.2929745084887
13170,49.308525682333794
13171,22.493755275089484
13172,42.80675180906129
13173,1.7011662957126674
13174,35.61168501843962
13175,50.82076809164002
13176,31.6654390873817
13177,57.97573088928118
13178,28.689003683020903
13179,44.30473153636664
13180,33.60642356525278
13181,43.39666433472822
13182,56.066765448005505
13183,56.395584079842834
13184,16.044757903583605
13185,39.69879639867701
13186,25.276575439223848
13187,50.37481037366845
13188,0.014177746508806877
13189,71.71133220827346
13190,33.48116363219983
13191,59.55585380281717
13192,44.1108922634334
13193,3.2644363764420206
13194,68.81295149061384
13195,21.094043470092807
13196,0.5334337131828093
13197,24.067092240292773
13198,58.92441661374831
13199,9.881303494947336
13200,30.716946627587216
13201,28.305812237060167
13202,24.536017572902555
13203,33.41167552735296
13204,3.3177374197604728
13205,30.150906218447016
13206,2.0981323232828686
13207,28.516304272808295
13208,67.53219481635104
13209,70.14184619617885
13210,-0.5808452372966002
13211,39.61389203100337
13212,22.629946013912225
13213,22.93377472700812
13214,0.0831660904065572
13215,-0.08303339681705779
13216,17.32372829236384
13217,46.160563237736405
13218,46.534588305698904
13219,58.03528321464938
13220,18.688076554229795
13221,4.191906335524678
13222,21.40954682540758
13223,16.600758881629528
13224,1.1314793824754474
13225,21.64586829396711
13226,1.948088932565593
13227,19.597965604478595
13228,62.83751361574136
13229,30.69402875496752
13230,30.557794093270882
13231,39.00759014081606
13232,-1.6296912229725322
13233,39.10521760544563
13234,48.97726167908431
13235,53.06750057365185
13236,17.393318393997454
13237,14.7783830973728
13238,32.41654417260241
13239,0.13208096759276344
13240,48.97032546312232
13241,16.166179502839277
13242,47.14822395097066
13243,28.316558054243185
13244,47.57394289492484
13245,25.018219671129483
13246,0.12978187316596745
13247,31.50231909248475
13248,51.36705884831032
13249,1.5848708630860742
13250,25.632406364990246
13251,60.492138750003406
13252,-5.053239717025548
13253,43.70336165935075
13254,10.625275667250467
13255,62.20911191062672
13256,47.823499859528795
13257,14.318869200458089
13258,4.938260521049106
13259,42.50172258024722
13260,52.67336205391458
13261,-0.6539127786531367
13262,26.40927008339366
13263,41.877183046107135
13264,60.270683208288226
13265,54.32580035065223
13266,0.9978003381025289
13267,23.73380476278155
13268,11.297209357107157
13269,2.954233482312251
13270,12.274776943743646
13271,30.23911933547834
13272,-1.437885284053948
13273,13.534085310451609
13274,61.79224999395851
13275,4.850667562060657
13276,37.64998342205932
13277,53.72232343424757
13278,-0.3414559798447243
13279,43.59196341144244
13280,57.281503762648036
13281,35.900351431491025
13282,0.47972260146367773
13283,0.13718625467091528
13284,54.452532454852644
13285,20.749385494223375
13286,60.707156306641004
13287,18.20224678212857
13288,27.479537315930642
13289,49.76953069714555
13290,45.483018073363674
13291,2.525298494461687
13292,59.466126015752835
13293,67.75505677315105
13294,58.11247057118443
13295,41.62795311431897
13296,39.747427620641034
13297,45.015695869271624
13298,24.28979178037287
13299,25.197961625632985
13300,25.640119867128274
13301,50.30502305627128
13302,23.7537135846407
13303,31.539742846434212
13304,47.89817344063129
13305,44.86609942023102
13306,40.91380158769785
13307,47.20385354084105
13308,54.553962715183474
13309,0.19637676991570174
13310,41.05063849234334
13311,0.9204814020824159
13312,50.54044321686524
13313,46.24258793444587
13314,41.02496859292617
13315,33.661681754076426
13316,36.49241844377108
13317,0.1978968111645898
13318,50.57135621786967
13319,42.269628245385114
13320,36.60725506939823
13321,48.1994800394552
13322,-1.9025449206221126
13323,41.46731643324688
13324,0.536559866899168
13325,15.131315860347325
13326,28.561751045767902
13327,55.134137711229315
13328,5.224635793802165
13329,29.209943941624132
13330,2.0228055897289643
13331,46.16078745805916
13332,39.3846960375577
13333,30.296758462510684
13334,56.662525964122935
13335,24.82428715712201
13336,3.7570990533895277
13337,22.348449055666162
13338,-2.88032975165396
13339,1.0952868441446881
13340,59.72813245376304
13341,59.07645494551231
13342,13.952303403356723
13343,49.47316822708971
13344,34.53938461134715
13345,2.1148131567911577
13346,0.4632882773746232
13347,0.7698416210597614
13348,45.707932827165706
13349,21.338938864908418
13350,44.323361144418854
13351,57.211251531963256
13352,0.5288216384208226
13353,73.63352478929352
13354,43.84375367197083
13355,43.34700935493876
13356,34.43902946556027
13357,1.7947797542713921
13358,-2.55829930889859
13359,14.703146008964467
13360,41.0441165945307
13361,45.647244193786726
13362,48.442431360545555
13363,12.18213358846084
13364,4.97850711875985
13365,23.21632264688226
13366,56.73784160143501
13367,23.552638837541043
13368,51.732783434043
13369,18.336214635333462
13370,10.407987460840417
13371,1.2075383008285954
13372,66.05725531081237
13373,51.37227910097668
13374,59.81056888610834
13375,53.29371323627433
13376,60.32873657316886
13377,16.59368773504881
13378,0.22269310688635358
13379,59.21636925917871
13380,0.0683502644378251
13381,66.06024572638759
13382,47.34402183926085
13383,43.682476970795435
13384,30.82400565316263
13385,22.20150720712546
13386,31.66057148475413
13387,45.6840481483343
13388,36.0987141311926
13389,38.42020866955675
13390,43.42799059370525
13391,51.984912573891606
13392,40.78186361946366
13393,41.05630727720231
13394,24.979894343529345
13395,50.03963984770075
13396,36.648593455867946
13397,48.96062584228562
13398,54.72342016988172
13399,29.574966707183318
13400,43.29410054993872
13401,0.4212245440820297
13402,33.88821840373956
13403,-0.07367797307041002
13404,54.97569911445498
13405,30.626479315671972
13406,17.25050421619045
13407,21.103598278898698
13408,-0.22425495257507322
13409,28.245983611114948
13410,56.885287044167974
13411,5.476241851457335
13412,47.195723004450095
13413,67.28854938212709
13414,-0.6599889658680098
13415,1.439384146338977
13416,49.63054526447542
13417,29.417112441434526
13418,47.41027772309017
13419,50.042227950972105
13420,54.51299565100253
13421,0.4290116954831902
13422,61.32731770840855
13423,23.33782724582207
13424,9.6560753243808
13425,24.02497014436006
13426,0.11039251271682815
13427,51.821064146736475
13428,23.375268866929524
13429,36.33474456033118
13430,46.561784820694754
13431,37.60806498500995
13432,49.76327166510393
13433,66.48073022048924
13434,49.74723221008223
13435,38.41886149739609
13436,27.79656226560351
13437,39.409425568991246
13438,53.18198839466465
13439,53.41207804108427
13440,22.585535897996618
13441,14.25904449376847
13442,59.01188284908076
13443,22.242784485884435
13444,52.49413977517392
13445,43.80858360257886
13446,23.89263223969573
13447,37.78690821927509
13448,76.62322344012657
13449,41.427134500360125
13450,33.2140311729323
13451,57.00471025024946
13452,45.39630377981446
13453,42.13568308077574
13454,9.876822633017234
13455,30.79836932011566
13456,24.959292145421074
13457,46.17694742182719
13458,4.302545520462548
13459,3.4069000339437316
13460,-3.5757086717790685
13461,19.105435156173893
13462,18.316015689500112
13463,17.611020211530104
13464,73.56675561803229
13465,51.5743059836346
13466,32.030787745063535
13467,49.112000069327124
13468,0.7777840140964756
13469,30.855653728877286
13470,46.49631044335784
13471,22.03964093300651
13472,2.7566342928168197
13473,16.862163800985492
13474,59.835712262604396
13475,3.341509378428132
13476,3.258438226888167
13477,71.54654655945788
13478,27.99779586900325
13479,49.389385399691136
13480,49.68058683511363
13481,50.35146464900172
13482,19.7194170844483
13483,51.74007456449051
13484,41.77374431277247
13485,43.38801939128576
13486,51.41578662795364
13487,1.0928246564411594
13488,23.855510561274734
13489,28.765869800072828
13490,52.66058897745904
13491,56.42634182256592
13492,50.839092415624975
13493,17.212259154719206
13494,49.41151152782665
13495,35.210048704027315
13496,13.688086886734698
13497,26.202880839469934
13498,54.6669559755985
13499,58.899789311059955
13500,50.515729746964084
13501,15.59537927755644
13502,42.956440478853764
13503,33.42255312117801
13504,18.3851692242385
13505,68.64255351352631
13506,34.547958251492176
13507,1.1873238996173612
13508,12.137063239956252
13509,1.7370647115775775
13510,0.9516819259636478
13511,46.49305448525839
13512,52.900272911413936
13513,41.88488403436638
13514,37.83312617872221
13515,25.907051791195787
13516,47.903369106217966
13517,38.69641905877114
13518,46.37458941312571
13519,25.6137632671121
13520,42.12684277531725
13521,13.09834457136412
13522,40.94350541334089
13523,13.188486572392794
13524,57.69807683010657
13525,-3.5951584739681124
13526,20.98234622727897
13527,20.944809785012346
13528,41.87780335231292
13529,0.1888665591544907
13530,1.1791458756677997
13531,53.7121517557392
13532,49.8344567931282
13533,53.346903020265216
13534,0.5382186596054197
13535,40.870301861327576
13536,31.388599653601762
13537,41.37188058800152
13538,22.394757794444985
13539,21.648154333376084
13540,52.056192267557144
13541,50.33307637715846
13542,9.250954171652008
13543,26.651388071313065
13544,40.35039509905163
13545,18.139722224883954
13546,31.942505137567505
13547,2.053196156427731
13548,9.395723725000064
13549,51.03266885868609
13550,42.14390393038331
13551,21.580924627978643
13552,26.455468121426584
13553,3.9803909508254094
13554,45.610417602834644
13555,10.689721706081944
13556,49.559988807628
13557,63.521756948303505
13558,33.294862460679234
13559,13.504833003901187
13560,45.6041307925142
13561,34.15110834985724
13562,67.67625033328397
13563,60.577858714383154
13564,0.6450720846509626
13565,57.32276225751714
13566,20.90686371336998
13567,10.998636351125043
13568,1.5858991711441952
13569,45.037449789078224
13570,57.24215627342071
13571,42.82163674200437
13572,66.09180933135026
13573,43.55202170297608
13574,26.61572157474953
13575,-0.05956531637562534
13576,39.156828152922685
13577,21.43348716217273
13578,51.78774619618761
13579,65.03861942451624
13580,44.040806473027565
13581,26.04064041076543
13582,44.83083486617978
13583,23.28120616143477
13584,61.788388696417385
13585,52.352839756166674
13586,62.02394255444206
13587,25.86724516187182
13588,1.024151871986156
13589,39.59466619016518
13590,42.81241910376421
13591,21.21493336745317
13592,0.43940105288648823
13593,54.48114755655054
13594,41.48318077860144
13595,61.37492976896806
13596,-0.7843693670720313
13597,44.11762405627511
13598,19.47862941866028
13599,64.52655325943182
13600,31.09974095420165
13601,49.96858941129363
13602,24.591678065717872
13603,1.4979058874475832
13604,20.648895137115574
13605,41.935547459086095
13606,14.596909169585366
13607,48.321320990094115
13608,50.853073368159265
13609,59.1255996105936
13610,0.6539282752147315
13611,30.031481827480142
13612,47.1939792436932
13613,0.9181015060481883
13614,22.82768839402351
13615,1.965054696167119
13616,22.739134193170567
13617,52.31798486864713
13618,34.44788133414628
13619,50.21624887841061
13620,50.354484420586516
13621,27.13241140984203
13622,1.3900370108986024
13623,23.418157951400453
13624,37.3301706973555
13625,62.57863930062068
13626,1.6951253144469014
13627,29.422417586729086
13628,73.31973094763418
13629,41.16744990799215
13630,45.50417725062758
13631,5.7150791891093
13632,50.5212305736905
13633,45.43560644613056
13634,40.118597261479884
13635,26.308328469833693
13636,60.71618374203035
13637,45.31331988135662
13638,65.52622549330415
13639,1.8005421077543602
13640,29.045631629655105
13641,39.298264103855686
13642,27.435379460702617
13643,-0.6369067451974146
13644,25.206722681483395
13645,20.540468544743682
13646,54.57855526536923
13647,41.170329064250005
13648,26.973640917351112
13649,3.274658868685435
13650,-1.3441784464242446
13651,63.26510864961283
13652,44.713338842271924
13653,39.37553666506811
13654,22.13373871807686
13655,43.165546339294735
13656,55.93184907007216
13657,54.23258441302707
13658,44.58520196563869
13659,24.86284214948128
13660,8.564675837315843
13661,24.09571940371729
13662,-3.4877736028329096
13663,0.3440964554617807
13664,-0.11461600110388304
13665,54.42074062302644
13666,1.5441976750342583
13667,44.616490405659164
13668,42.928696827022975
13669,60.37871702429026
13670,-0.016290728760317563
13671,4.4507828911775995
13672,21.052420686194317
13673,1.3533986816054515
13674,1.6172099704562903
13675,52.82015924459503
13676,34.844285011417455
13677,23.367816330149903
13678,31.13492640649723
13679,52.53815311154818
13680,44.226103492927834
13681,58.30504283003564
13682,23.210155687220144
13683,0.6679308694384076
13684,2.718284510604022
13685,73.36823493765993
13686,17.20875050533591
13687,42.81892110350898
13688,42.606647763773836
13689,27.56903679602574
13690,40.76937662917388
13691,52.40751900337419
13692,2.8037985419013403
13693,1.5332070987305997
13694,46.10029270362273
13695,46.340754423684345
13696,20.205982012693497
13697,24.46453956263199
13698,46.5158871813951
13699,54.34884404037817
13700,1.6105110231148885
13701,60.486586431296075
13702,47.672088740517665
13703,24.606545519704426
13704,1.9587574040290363
13705,46.891276049623606
13706,53.27102031376882
13707,0.30847755898449947
13708,0.1624810166445556
13709,26.214396402831795
13710,55.57692712631281
13711,2.5762343670143153
13712,60.76220635866363
13713,34.90144550920508
13714,32.868720622731786
13715,21.7109629350021
13716,4.126167792561414
13717,1.3811093573496542
13718,39.57460328870409
13719,31.138527460509177
13720,18.971821458064372
13721,29.84486873607137
13722,1.7913806243576431
13723,47.898931193764824
13724,40.99410211806882
13725,0.8928773537424135
13726,44.413706884665615
13727,52.61339417452605
13728,1.048739229481427
13729,42.813869141094585
13730,43.64892078043369
13731,54.028252553129796
13732,12.03202839481649
13733,-2.3130128920929423
13734,14.351519219507349
13735,22.156408813874258
13736,36.23537582779558
13737,41.65317485003122
13738,56.733499085836016
13739,21.539874295859363
13740,44.941925457961865
13741,59.81375195155864
13742,21.366595915681238
13743,48.99276048341649
13744,0.024060108616204445
13745,1.4248309703734954
13746,49.60628026351019
13747,0.4794144711697399
13748,31.848816899976658
13749,9.733892939490474
13750,1.414541698575448
13751,40.54495917520581
13752,45.10454710958527
13753,42.750741882870145
13754,32.025953253012524
13755,28.59203734688859
13756,67.89841349884085
13757,42.08079804754799
13758,3.0493779472869704
13759,47.30672710641576
13760,10.704278420582586
13761,0.36897897568601934
13762,33.005410691785926
13763,1.7725989042255463
13764,4.887182074483068
13765,48.161224325577706
13766,42.93160860050166
13767,43.355056441151504
13768,34.31588370607856
13769,58.22133230587586
13770,48.774797279307045
13771,55.95331565757117
13772,50.373586549299745
13773,0.17318484455429228
13774,47.454957505551604
13775,21.45366203003677
13776,5.386481337392283
13777,16.251213072092003
13778,6.505769423670227
13779,56.39406474342364
13780,56.447618054103515
13781,5.9445106261282845
13782,46.32440922927782
13783,7.600195092385782
13784,1.8303230347462964
13785,69.270066067408
13786,33.64667425530975
13787,22.59359512907917
13788,48.18055442018945
13789,10.092530696423395
13790,16.530417871246254
13791,0.17418153210891063
13792,39.88928013347405
13793,54.29105357841644
13794,49.02063960684712
13795,67.91118441910523
13796,24.412892732381025
13797,31.32249807909787
13798,33.57761737829901
13799,17.059173829593384
13800,81.50479253041152
13801,0.39386637477558395
13802,1.1153231983020504
13803,59.78839699364528
13804,46.17259728548276
13805,43.77509289266764
13806,9.970331441420399
13807,50.36119398019764
13808,45.64376977733147
13809,49.175491631593665
13810,44.559584214864785
13811,28.350627388635754
13812,43.22110057676816
13813,46.53553956243448
13814,11.463229605960972
13815,0.7294711345106677
13816,12.63276693415241
13817,20.808106698657546
13818,20.336837205909163
13819,23.292814743324893
13820,21.78954736281956
13821,42.545189862337025
13822,34.69475930302606
13823,0.11668467367341151
13824,-0.22306411762181
13825,22.6662934413529
13826,51.58064309450059
13827,39.05411260947209
13828,57.67289639675388
13829,66.88314827198514
13830,59.63104349113743
13831,35.74127851224738
13832,48.12916956668579
13833,55.35506362414503
13834,-1.8467796368021538
13835,60.482260160997726
13836,50.85521605076949
13837,24.24452872184483
13838,50.70547367186833
13839,23.7360990880817
13840,1.3147584052828023
13841,19.50101389043018
13842,46.88496073212618
13843,54.40471640210151
13844,60.33278463396812
13845,15.562211420843184
13846,2.056550713393147
13847,45.15115913852932
13848,54.36037134948392
13849,25.336833730259244
13850,66.69123578907289
13851,44.63032873338709
13852,0.09602406950361342
13853,52.56035996923849
13854,44.23004583442869
13855,63.127566545218166
13856,25.16694184379479
13857,32.58664060214561
13858,3.500510618585846
13859,60.93827696424653
13860,29.44347429399883
13861,0.4293888677436186
13862,32.444612116066935
13863,50.106309940993576
13864,0.8366055840256834
13865,42.78198110622475
13866,5.991037434574963
13867,1.1125247671417569
13868,55.55639520065853
13869,-1.060184071117746
13870,25.080791095228147
13871,30.007692353708922
13872,31.64773917948835
13873,24.308592396097673
13874,3.5915627947033286
13875,22.376266958134426
13876,42.774142711297245
13877,4.623789199883337
13878,25.908482834275713
13879,0.03462369338978988
13880,58.60798279927182
13881,45.132757193961524
13882,74.776277994319
13883,63.216460882186155
13884,35.69582003125947
13885,0.2941961564768505
13886,66.50029788605475
13887,63.53922279974293
13888,34.135146316262684
13889,66.47909110569466
13890,52.82724253995573
13891,53.85636987208016
13892,22.78931800283439
13893,0.28266210300265016
13894,0.07513023007606279
13895,62.424008446946345
13896,15.958106206339426
13897,35.618166959760245
13898,52.45841041730088
13899,0.5261651243064449
13900,42.43208568944268
13901,51.35681105721203
13902,38.41707860111831
13903,45.78482283139003
13904,41.31745283007315
13905,8.418185226717558
13906,52.87747210868256
13907,45.254797401976575
13908,4.835539059237153
13909,3.3373381601059435
13910,43.45244422031779
13911,0.7188426903760785
13912,15.412132359307748
13913,48.17698433921988
13914,13.34203286118382
13915,31.8856082413862
13916,0.1066773571025621
13917,36.42752065021862
13918,34.55629918686822
13919,60.666756949935575
13920,0.5635161926650838
13921,51.492405956200884
13922,2.046752440886074
13923,43.66249478748414
13924,44.798784973359076
13925,65.57102328458726
13926,31.836238696101162
13927,48.72180237025397
13928,19.64539850287644
13929,20.79110564221225
13930,1.67244103574361
13931,18.07513875674637
13932,14.174066374355853
13933,41.32908182170494
13934,43.56317981701404
13935,47.40774984031073
13936,1.046390079131399
13937,54.889499667669234
13938,57.70605564256098
13939,56.74791594052845
13940,56.25048828796268
13941,41.919448790822
13942,37.620590216642725
13943,30.79342713307501
13944,11.411123024142583
13945,63.71715635303388
13946,27.071333736097184
13947,33.24253385816083
13948,48.59243041414082
13949,0.31786164957006946
13950,49.58493768771599
13951,2.306523444127297
13952,47.8112681454209
13953,19.918682966692188
13954,44.32566252422735
13955,27.909375446437274
13956,58.84793393789908
13957,73.59766254867436
13958,45.62666335302301
13959,21.749676664744165
13960,23.869774386655042
13961,48.26460018349222
13962,41.88892439613304
13963,41.19442853893807
13964,60.98971617986195
13965,43.05497483719804
13966,53.4145898596405
13967,3.395039577272758
13968,32.11497247710785
13969,40.88499816717651
13970,59.06982449651767
13971,1.8470638077559087
13972,19.401078680529615
13973,49.60693743948052
13974,11.127102676810914
13975,45.30723697171438
13976,42.39931074851342
13977,44.87056648201536
13978,31.395419553483524
13979,28.86842784187417
13980,26.08240226475705
13981,1.7465546667883842
13982,2.2093386278708316
13983,74.39627419869389
13984,50.24229176883979
13985,21.558527759715282
13986,2.7163449733585168
13987,36.843246488499844
13988,46.026507293914406
13989,0.6086692326613488
13990,47.97290815024242
13991,54.47685094915577
13992,46.404561360814235
13993,19.7508440385337
13994,25.24247188689195
13995,25.112864414335917
13996,49.59653292445665
13997,24.559082293344723
13998,36.08319269217478
13999,1.15274167903803
14000,51.27116903656794
14001,29.731187656761897
14002,61.96965880561905
14003,1.9627956988670547
14004,5.545366787286628
14005,0.1516617866579466
14006,1.354930883178465
14007,33.992080882063156
14008,45.848886099458525
14009,54.22048845770041
14010,47.10158171945746
14011,50.04581051571615
14012,48.64709237509783
14013,37.13276749125836
14014,48.6671468479956
14015,-0.09116372938926531
14016,61.26697488179976
14017,30.08821451990704
14018,1.177180395866941
14019,51.69232947012354
14020,19.852592729729416
14021,2.0655401982225996
14022,51.83521137456804
14023,0.300719614330724
14024,24.649593724804134
14025,16.264702925124457
14026,51.80980852475474
14027,20.64408045587837
14028,44.07177735881708
14029,0.4007663692786281
14030,-0.0632861276060126
14031,46.51562724359316
14032,33.0349880028263
14033,50.74490018772909
14034,25.918142353358647
14035,35.76851309476537
14036,50.65627619975048
14037,15.757268065995635
14038,63.0813818891664
14039,30.839109604676096
14040,49.35765315683376
14041,21.16093521496675
14042,55.61705972722923
14043,48.094680990469435
14044,23.302347858116136
14045,52.135007762328804
14046,32.86778139798033
14047,41.990813734371976
14048,41.664028425415715
14049,1.0330328979137278
14050,25.800309235523397
14051,0.27169419965535724
14052,47.07134097086518
14053,57.48377294632618
14054,33.70574179333801
14055,13.494159497446965
14056,55.18467454690857
14057,23.658868116334194
14058,0.45987144019659354
14059,46.5785818114868
14060,26.3612120585478
14061,27.509063897515638
14062,53.76585394226822
14063,-0.47667549120673414
14064,68.3744310336283
14065,54.47441551530247
14066,28.97444940138514
14067,41.482901201522985
14068,44.17597500637499
14069,51.394649437604855
14070,2.212990106065366
14071,43.25165236081954
14072,50.21277437518296
14073,16.055039641456464
14074,31.977627850882456
14075,50.87031553054794
14076,12.368021929957639
14077,41.3684583831647
14078,41.97704583405233
14079,31.57093864894193
14080,17.178039616059362
14081,15.015398308964013
14082,60.95580868529885
14083,41.35602307903174
14084,57.43101062988542
14085,48.70594355652422
14086,31.81102946463936
14087,31.84409519263593
14088,26.288201027737795
14089,1.9674533680887265
14090,0.6866595544432244
14091,0.8552610435595867
14092,0.650505000258967
14093,51.90735795710759
14094,48.610828636655754
14095,50.05903591350935
14096,22.09971126514919
14097,4.929406868359326
14098,0.5568964798122096
14099,58.89053444736648
14100,25.322602677456704
14101,26.894338025856186
14102,24.65234307939911
14103,2.8825795913039585
14104,37.980689383479664
14105,30.82523597980458
14106,1.3834089272051209
14107,23.573068650786574
14108,14.414457332658063
14109,52.232950988393355
14110,0.16187683052439183
14111,1.2848034220376157
14112,19.699989147426805
14113,39.14457534772821
14114,54.63687966956566
14115,2.130463575744546
14116,60.86589154043452
14117,31.441835889728015
14118,50.633878992178055
14119,25.90858788442473
14120,26.635817369891218
14121,47.84018226576866
14122,-1.216900843201195
14123,42.77421809759058
14124,13.170030744004471
14125,35.26776579867839
14126,79.03832475363558
14127,47.418448719614545
14128,51.02564347049075
14129,57.5386939572612
14130,52.353385345672265
14131,51.30778933431523
14132,58.81074443597106
14133,32.734397685870846
14134,14.277973801364649
14135,0.4399122718311119
14136,0.22118381230181683
14137,8.380848315107393
14138,24.129752546687044
14139,47.74609430139035
14140,-1.786138862064199
14141,20.139367520879816
14142,-0.034625443567961156
14143,0.04642898839247067
14144,46.4393066298474
14145,42.11184606595838
14146,12.370259898968822
14147,16.18501797811279
14148,20.299954576500205
14149,2.9599628597593473
14150,16.637391795725236
14151,32.67666405349783
14152,2.403968756782504
14153,4.409686877454831
14154,1.404094106831657
14155,53.00900713376416
14156,29.38796843851364
14157,0.7069735691552594
14158,59.21594049205691
14159,47.13938717285283
14160,60.48739625344476
14161,24.92350675494057
14162,59.03986280680554
14163,47.09828244434811
14164,45.286814686411404
14165,1.8422264540483404
14166,1.7812235498115712
14167,39.9696493818699
14168,53.87649712264924
14169,22.386433565212663
14170,21.682118628330677
14171,52.709077157033754
14172,52.82541706960522
14173,-0.6470077974042567
14174,0.3577237431673481
14175,45.922610617257554
14176,34.1676436159935
14177,52.55928959250248
14178,59.63965969142998
14179,37.28124842419841
14180,49.719182102282815
14181,51.61190600317424
14182,52.851863430474324
14183,1.9058373139658293
14184,48.85908285842562
14185,49.044173033886686
14186,17.41789217275192
14187,1.0035209354689556
14188,45.953951663843156
14189,58.15511554463164
14190,-0.916002794841873
14191,15.503165609906485
14192,18.225700826701573
14193,53.28095048636928
14194,25.399725245951966
14195,55.05991457036613
14196,51.32212874052264
14197,50.545116829404094
14198,22.86063679900554
14199,44.66525786170868
14200,31.725169747093606
14201,1.288009278581061
14202,33.4703731719291
14203,36.48261336797344
14204,-3.5972598848878334
14205,0.6549615469333361
14206,29.00685513876044
14207,21.335325531811797
14208,8.626467708312742
14209,37.93164323426949
14210,25.399908259361595
14211,48.32127599288272
14212,40.06947329496464
14213,51.57281364500847
14214,31.685128590753052
14215,9.826744270494878
14216,52.808758612939044
14217,11.296566570111391
14218,51.90529940801416
14219,53.27187458446433
14220,19.304594286099007
14221,25.255709488529384
14222,52.66824995799128
14223,22.929114164489263
14224,51.54214618756068
14225,18.717467047363066
14226,1.2796168117519677
14227,-0.38004705870014277
14228,51.69790085522956
14229,53.89557375267779
14230,73.87292446209135
14231,0.7347769542520695
14232,22.965148109558356
14233,-0.0019644304149153413
14234,-0.9317759381598876
14235,26.673467749460404
14236,50.13214041171743
14237,47.46682120917165
14238,44.62739148921961
14239,51.51788136387985
14240,16.5881439495563
14241,26.869484059856482
14242,24.13241082515259
14243,47.126465834073414
14244,2.7715148858148417
14245,52.90537744422841
14246,66.6779033962232
14247,32.218737773324555
14248,10.59985659906549
14249,46.54828182228337
14250,2.1163992003173213
14251,49.88100833569874
14252,1.9577151449905479
14253,25.678998691255735
14254,39.17437934825908
14255,57.69265748436168
14256,41.67530422322919
14257,32.99474309836542
14258,3.579758258942803
14259,25.85746069696968
14260,35.14592658984627
14261,18.7923295004436
14262,34.76420900875638
14263,54.29822720503875
14264,13.246318509070914
14265,35.24477699206849
14266,41.00792702440286
14267,49.23864027551532
14268,52.485022517048414
14269,17.69714912751371
14270,32.53510322859393
14271,19.836631651865257
14272,41.81460198301596
14273,45.76386908220577
14274,45.590125093924264
14275,19.618880844319214
14276,53.39291226804059
14277,50.03796955860447
14278,27.133737139375658
14279,65.26101366589029
14280,63.21010749941389
14281,1.7010718104693652
14282,50.05558596237894
14283,21.237678633213392
14284,27.329941065045
14285,42.086007581153716
14286,8.042763199036038
14287,48.76499431277531
14288,1.7413321869145868
14289,63.189852795669
14290,41.89958037110198
14291,5.998363273016672
14292,17.25265947861114
14293,4.2272324415781775
14294,45.724105062936474
14295,25.86459222266072
14296,14.209593162554192
14297,11.472013829617179
14298,16.850330630145894
14299,5.148645904608255
14300,61.128717196208534
14301,59.09644500561761
14302,24.05495854208801
14303,52.46635888006502
14304,39.151439961419165
14305,21.983692255641834
14306,0.7907548221628176
14307,41.33700832336177
14308,1.6937683491216724
14309,16.457932415320485
14310,20.37612169747075
14311,1.100792366838533
14312,7.399629937785736
14313,57.707109934545755
14314,40.73112057260821
14315,39.17355960611332
14316,20.60851556363132
14317,60.50986030182582
14318,24.47151158402003
14319,58.016420970738636
14320,21.30939616990193
14321,19.564291895262357
14322,51.301628323006994
14323,22.49073962291503
14324,24.43446535529843
14325,43.75196115726959
14326,13.547074177394283
14327,0.5366689736839589
14328,7.245678740710879
14329,0.8985162712908945
14330,60.554820221137064
14331,4.840834377108003
14332,1.275887494688373
14333,-3.270034403182457
14334,68.49478410121408
14335,40.107716862564146
14336,58.73249796299369
14337,62.58146162498048
14338,-0.7357428201050382
14339,54.13202824792932
14340,44.32858680614345
14341,41.058245185685344
14342,47.69985939439322
14343,50.21975035785338
14344,37.01058673568957
14345,-1.5420501801643383
14346,42.818098277724324
14347,19.814847502403328
14348,28.47302008350884
14349,41.50247205562332
14350,52.65656456054925
14351,0.31593675918662
14352,31.876638986613205
14353,43.309496593755846
14354,57.39387131340648
14355,2.6512857984761347
14356,23.65645320471937
14357,25.73997613287542
14358,54.649192523061515
14359,0.6900407505512121
14360,23.222387494109267
14361,7.133598175619763
14362,52.42776183928906
14363,18.45588929773198
14364,22.723619111443377
14365,49.24669798808681
14366,23.530734530536037
14367,58.218520949876634
14368,52.879487728367295
14369,0.26925591901449053
14370,39.63149716484679
14371,56.48950697420704
14372,20.852092289165327
14373,64.09874177785852
14374,2.4124675059098273
14375,27.38320332123326
14376,50.29137358817438
14377,23.412830760639615
14378,23.25468460100616
14379,14.567754895903839
14380,36.411054266474814
14381,39.46420228772587
14382,43.70485969030647
14383,45.81906574317644
14384,39.77296517851998
14385,0.004433231464481935
14386,39.85310743842312
14387,54.466424118793725
14388,21.310561956119948
14389,50.39004471153278
14390,44.58869695914364
14391,55.59957071327018
14392,65.91402539121114
14393,22.86578602059809
14394,30.172669689206668
14395,9.406113883160113
14396,51.077802874841936
14397,14.710197902008193
14398,23.918713595055163
14399,18.00531640788507
14400,-0.9430280498029617
14401,39.70576181508223
14402,17.460061565707782
14403,-1.3873353450137742
14404,55.12718535683802
14405,62.82932535423664
14406,59.29279133150774
14407,42.06182986497819
14408,29.112331220077042
14409,0.9335151744108217
14410,0.697594663535007
14411,43.25276517112812
14412,49.2963661672933
14413,26.613750571129795
14414,59.97867812840258
14415,0.09112346105474955
14416,47.76045668218404
14417,53.0023330635916
14418,24.646558848457744
14419,49.332725630595206
14420,48.43515561804175
14421,66.18447766216875
14422,1.2275505565204838
14423,40.44842581902192
14424,49.4713135304427
14425,60.26792698637149
14426,66.68414268158594
14427,46.91676584599034
14428,38.361658744031615
14429,23.38227867040601
14430,28.71069124116883
14431,-1.064582889347001
14432,52.525313647902145
14433,15.844432380690694
14434,41.90383843523243
14435,45.21078411354616
14436,39.07797753273123
14437,64.60191199742906
14438,44.89527035878629
14439,68.55957662762444
14440,-1.427981749506003
14441,12.340136052266349
14442,45.636799920083426
14443,0.9630706219685194
14444,22.289213833336845
14445,29.34303928365634
14446,38.07110034748133
14447,29.48143172465992
14448,0.39319231653196596
14449,1.9453403946375118
14450,-0.26066467179618513
14451,1.862652380552369
14452,21.00459902559968
14453,53.78253914150882
14454,23.293317449276188
14455,60.772279288967354
14456,51.232511104189726
14457,17.04103333720007
14458,48.299837943166025
14459,47.09530853300808
14460,30.456450893963396
14461,22.436436452268858
14462,37.91442983645316
14463,48.24194337934989
14464,0.6588047216421771
14465,36.31967991994276
14466,35.222935461020995
14467,41.98401778952206
14468,33.460388001973456
14469,30.462454474554992
14470,26.186438362135767
14471,43.23354322999575
14472,3.675654234781838
14473,6.695780340863461
14474,47.84227270031206
14475,50.1894951189633
14476,41.87022507729417
14477,30.438722864022687
14478,35.10394212357308
14479,44.64743902343551
14480,1.4388520146870043
14481,47.09766905938248
14482,24.52182863695468
14483,47.42607804811544
14484,66.74459107734602
14485,19.916103583921828
14486,1.3207723150466784
14487,42.529477411790474
14488,39.85272760811241
14489,22.065292308686708
14490,9.831382027067054
14491,68.28308516694446
14492,29.189330213764528
14493,-1.0335454376518243
14494,15.727476516565524
14495,39.68038958964878
14496,0.31262591245257454
14497,38.7978830250573
14498,1.0952868441446881
14499,33.78986240138016
14500,3.2288893731397295
14501,30.623485466578487
14502,24.487697262699783
14503,42.11054425047245
14504,45.425899870100494
14505,52.30159671796163
14506,40.3475093090954
14507,21.92722146078769
14508,65.72531539004753
14509,41.06544779597278
14510,61.321610246747106
14511,0.5336647445083003
14512,0.8570867131638167
14513,46.03034633132265
14514,31.989888577513316
14515,50.72216653706833
14516,52.18583136501487
14517,22.349439656880914
14518,52.65037880279991
14519,18.856767161432657
14520,53.856264163099695
14521,27.911004662242345
14522,26.8987851567668
14523,25.02110086742851
14524,42.126892336766616
14525,32.547037763476624
14526,45.25908440448305
14527,70.20065831597145
14528,47.20560576067908
14529,56.99216147285722
14530,21.1151948232481
14531,36.07295032267298
14532,25.485055662801514
14533,22.752723989868315
14534,51.01041084636901
14535,42.30986838621287
14536,65.50700923798476
14537,43.47788169733918
14538,63.35247154396484
14539,33.051899515725665
14540,2.197856674883372
14541,0.4361187782914655
14542,49.257790046662855
14543,36.05677569815402
14544,42.07175379201438
14545,23.519264841863997
14546,15.889217992024395
14547,44.28576848317245
14548,28.426203584626922
14549,45.71688274349257
14550,58.45006343239011
14551,64.06977845152645
14552,32.16826455424699
14553,33.13995435901228
14554,11.122544511022149
14555,67.70550627534485
14556,49.214661049251944
14557,0.0372270673618047
14558,53.57611083156878
14559,11.813768189862738
14560,44.46547762996664
14561,2.128106846749173
14562,0.7923280878366796
14563,45.208679262054616
14564,50.11801737258429
14565,39.9502464165644
14566,24.76171132290153
14567,48.12951522390436
14568,17.301317925604504
14569,-4.602161241899587
14570,-0.4939407117576309
14571,48.28604508712377
14572,0.753526892321581
14573,3.0424036981891014
14574,1.7708909686751682
14575,11.156764333578163
14576,25.749606194718233
14577,6.55213997882219
14578,53.69801525681382
14579,41.44216379906397
14580,48.82426685848569
14581,31.230710235748166
14582,12.669631025582827
14583,49.652143681103816
14584,27.23616535252785
14585,53.19397424588988
14586,6.162545956308424
14587,47.23696941274527
14588,71.23363656755654
14589,58.537769646613576
14590,61.9143806410251
14591,25.50279057738088
14592,13.155265120448004
14593,58.98961951202322
14594,72.77603654662705
14595,67.7789767226587
14596,42.17823562411398
14597,38.30026143459987
14598,18.48761998258182
14599,-0.5178841337177147
14600,47.698533989783904
14601,45.87369471132417
14602,32.24123943424543
14603,-0.8100359971061835
14604,40.98416429658472
14605,5.704700295642077
14606,26.71609622228323
14607,48.375237470456625
14608,71.41623886801463
14609,41.93288352977666
14610,19.995125674609096
14611,77.17336112442985
14612,62.704369022184366
14613,52.37535159964693
14614,43.68960955563008
14615,16.56877184749722
14616,25.373685476091104
14617,43.250971246562784
14618,52.505191250614615
14619,46.070808922812176
14620,39.79759832918357
14621,54.8544071870393
14622,43.05361225310966
14623,47.697590436255005
14624,20.24343859824358
14625,47.57848144447247
14626,6.224452733031018
14627,35.25082011431279
14628,1.1882361446037706
14629,51.160134199000495
14630,37.99842866671112
14631,27.368838434819338
14632,24.194961386057415
14633,39.69779829961148
14634,31.034075535711033
14635,29.444414804589545
14636,-0.4415569657566394
14637,64.70255682133917
14638,25.759488921109895
14639,18.20191108633138
14640,28.391005535992182
14641,67.64349988661056
14642,33.332775051459876
14643,54.209942277681876
14644,2.8321967976341256
14645,18.86910805414968
14646,19.82316442149901
14647,41.747766617163066
14648,67.91887694519664
14649,47.340206566677274
14650,14.95084582586341
14651,56.62784918489474
14652,27.855042645893977
14653,26.525192573716204
14654,45.34937338127928
14655,-1.0044143058333503
14656,49.62585411461796
14657,38.21218833750652
14658,47.08165156376031
14659,45.980818307190304
14660,48.35447236068159
14661,23.421230900203746
14662,74.81171017936141
14663,55.082610536121805
14664,32.8447676236723
14665,46.54492558453294
14666,48.07741360824411
14667,0.6783425350575314
14668,19.30277268404989
14669,-0.450061788221376
14670,42.73609912700074
14671,44.47217669783285
14672,49.34073259432043
14673,12.65034922781599
14674,41.768498609679845
14675,1.0282553635928977
14676,42.156560240732475
14677,54.12175338980566
14678,37.33605521890142
14679,65.03783295220208
14680,51.140455601336754
14681,1.6650549171623155
14682,62.055094916898405
14683,57.60553515898585
14684,-6.625716721217607
14685,25.445611484189396
14686,22.964282936616883
14687,0.4355311571634459
14688,26.632200621283314
14689,44.78959796456715
14690,1.0074584173497954
14691,54.25368527638968
14692,53.25558786784532
14693,51.99568684099212
14694,24.190244323747763
14695,25.18570822156296
14696,58.28806940557344
14697,48.50762308474356
14698,38.869301028726014
14699,45.10054752334794
14700,61.07758240197303
14701,45.891791954260725
14702,-2.449979597347564
14703,49.62970369297973
14704,17.012311641226905
14705,38.72129456184431
14706,65.51613133785702
14707,24.707656344945804
14708,38.727175574684956
14709,-0.13187015410875347
14710,20.769509717257556
14711,50.78025968718015
14712,73.75280655909332
14713,45.55598575586286
14714,32.512652499566535
14715,23.378253228229116
14716,22.14880316676904
14717,24.35514364127399
14718,38.74279934862879
14719,19.47037852615994
14720,24.351675237140434
14721,41.285107070078396
14722,26.114822394261047
14723,70.05398359577644
14724,24.067686398915985
14725,57.564970604331876
14726,40.753650982467654
14727,2.8919461349936135
14728,51.797496758991684
14729,31.194435185835545
14730,21.852509800344137
14731,6.183641148085911
14732,41.394271693966836
14733,65.38443081807227
14734,0.5376384439368209
14735,14.711199140818511
14736,1.2987958816995686
14737,19.655565789538585
14738,67.11065761321497
14739,23.978938650645013
14740,11.794954603070451
14741,-0.25923651318646534
14742,45.97384093690057
14743,49.585156213043106
14744,60.87576500246806
14745,46.668369704379906
14746,14.259323215543844
14747,36.324228619291326
14748,35.14897579673584
14749,55.08444817588412
14750,57.1757022431387
14751,25.712118701599014
14752,42.43789070931646
14753,55.62708721334995
14754,25.770134502442037
14755,50.30741777162958
14756,3.1210012791603283
14757,2.1399702726000456
14758,28.333987250901803
14759,44.1369029233571
14760,68.21930997269237
14761,3.469617547615158
14762,42.6068496184743
14763,39.950071908486976
14764,1.1702068881483498
14765,19.89412155399518
14766,49.54632339355715
14767,47.01916580583101
14768,47.785226356795484
14769,24.31124553338794
14770,42.03010962268376
14771,38.94829553938678
14772,23.274740846316725
14773,2.657267946176276
14774,26.033156184941003
14775,45.552793782443146
14776,52.992736228496476
14777,0.14375427936600715
14778,31.526346726987317
14779,6.149308640613459
14780,50.768239794069125
14781,21.11956310181344
14782,43.10188006270378
14783,41.053961090964336
14784,29.097935002564668
14785,43.82774030698951
14786,51.745927569434656
14787,2.277118088576316
14788,34.24476583571534
14789,29.25533203881141
14790,47.312055440893396
14791,-0.897839047865844
14792,48.24354544946244
14793,46.73920688336036
14794,22.88353188328673
14795,34.9879957213732
14796,57.0928188351851
14797,-0.8414954255835241
14798,28.47310872607284
14799,13.443374194000164
14800,17.05146604802006
14801,27.081649843090233
14802,21.035632062769437
14803,68.74032504858071
14804,7.564388432351894
14805,47.14666835536613
14806,35.772429207917476
14807,50.59236080686665
14808,57.97378883880144
14809,57.67370046927923
14810,27.824877262802204
14811,50.16946481649201
14812,66.75398691648681
14813,28.95062654960268
14814,18.74235589298747
14815,4.219821532245454
14816,13.050456521561184
14817,21.32623297352272
14818,63.82977454569061
14819,44.5410800302031
14820,28.960570277284788
14821,43.45429022678773
14822,57.96115925648462
14823,56.77504921290819
14824,0.5606533157308604
14825,58.299082904271266
14826,44.92317043788988
14827,65.98024120295078
14828,54.179367366190135
14829,47.207545943218406
14830,25.07751658452237
14831,30.2905522630545
14832,37.56690177247441
14833,25.258996316369668
14834,57.263028314715356
14835,34.57134496961001
14836,0.6846495575694505
14837,17.1736071823012
14838,1.6821637004730476
14839,26.55966375588853
14840,24.694797126367224
14841,24.490450691061223
14842,0.10066553118476662
14843,60.34686286020524
14844,12.802219823696912
14845,48.50917835889163
14846,0.04185866446528763
14847,3.6982371682952646
14848,40.903847584468025
14849,49.06202656424705
14850,71.83864340417509
14851,46.81724265801151
14852,19.66334103975686
14853,14.586282655080481
14854,46.88199638091549
14855,23.54710960564254
14856,18.596361942883505
14857,0.29591001356763513
14858,51.59203549108834
14859,14.298389186675923
14860,45.0500313059947
14861,45.99483493601633
14862,45.82494183122152
14863,46.333178417021784
14864,-0.45684959145605575
14865,55.77360314718304
14866,2.841917755169625
14867,30.166284238716777
14868,36.88403639695661
14869,44.88133504481304
14870,-5.5453265184287375
14871,52.589141083597085
14872,0.9903699403728154
14873,51.6933743114814
14874,53.68970640243108
14875,21.072227907484915
14876,44.12800829363923
14877,24.01596748695612
14878,37.26702022490371
14879,54.41379211605019
14880,26.570350156246406
14881,49.77051482955204
14882,65.09546601798358
14883,12.026080971222942
14884,22.875318616528588
14885,20.894807466785956
14886,-2.2728718773613394
14887,53.67899645630692
14888,68.01395325912105
14889,45.14530866504658
14890,42.18266137616152
14891,33.98395144935331
14892,38.791369460031476
14893,24.284907602009937
14894,14.57462798482264
14895,16.99407947241295
14896,20.93645957580363
14897,53.43439808770801
14898,46.75852487573066
14899,50.54038746523767
14900,39.86991390306541
14901,2.000833131515396
14902,17.139084629837726
14903,43.59123010049359
14904,-1.1407090181649124
14905,23.819274326973343
14906,35.895567168728356
14907,46.01478164575123
14908,51.886305569714125
14909,61.62724233970684
14910,55.066264702728716
14911,0.4604838310928656
14912,30.015253195446743
14913,44.99468170708637
14914,52.49731258702544
14915,35.49088291316799
14916,49.08665325331953
14917,42.34376777226977
14918,-0.014370640201398999
14919,39.070698942700474
14920,35.35893115081039
14921,40.222492896137304
14922,43.32707663937735
14923,54.64461740581915
14924,47.54365013784991
14925,55.927797990508935
14926,47.3640493304081
14927,35.63286912895292
14928,20.433118619676964
14929,-0.21946921560086707
14930,2.416050693004056
14931,29.609719531127492
14932,45.92115236374587
14933,42.29240227007225
14934,53.4951423394337
14935,54.37039274073612
14936,45.87222565721763
14937,23.864269708127843
14938,1.502061977773117
14939,1.56757274512578
14940,39.12071620346018
14941,43.954740837544456
14942,54.24754366959512
14943,54.999200352138814
14944,0.7433386658170065
14945,66.39437080712234
14946,2.450323568928951
14947,29.951324606085908
14948,50.12153501832833
14949,51.95291508612988
14950,40.15530333209513
14951,25.490181426384673
14952,54.70105955473239
14953,28.762087811663083
14954,58.028767493119375
14955,13.479512772278948
14956,2.13280725867104
14957,43.87657639298255
14958,54.15069698687476
14959,32.79355067022302
14960,60.219275295474866
14961,29.355597987195235
14962,8.464450614525948
14963,3.65566231877132
14964,4.039897875529391
14965,41.615394886014215
14966,58.39986149736656
14967,31.586750296280172
14968,40.481363234762426
14969,0.6205519111007547
14970,0.7766098688695067
14971,41.720594813136415
14972,24.53840395559236
14973,27.797703564546485
14974,23.86847313240657
14975,0.4089475141222749
14976,0.7035140875179451
14977,43.40535500267389
14978,32.759678584719516
14979,70.39336606772414
14980,46.364793511964315
14981,-0.9129980461057485
14982,1.013566017317487
14983,0.8615311138312549
14984,47.31653475756643
14985,41.605975108797345
14986,31.648376315550674
14987,25.736545217176925
14988,24.619859683058028
14989,52.83897128997447
14990,0.6854024227928548
14991,45.788415958521966
14992,26.058933354301818
14993,51.88905334226273
14994,17.867985532060143
14995,25.73151056799116
14996,39.758823029521636
14997,34.99392270084066
14998,55.72836415360372
14999,25.045853249536506
15000,40.907663766749934
15001,20.92447345993849
15002,-0.8090401743158608
15003,0.9211971535881744
15004,32.92259025314732
15005,25.871712933888638
15006,47.75721492988241
15007,16.09328129631654
15008,40.71801868733158
15009,0.6701601872189897
15010,44.24210443499023
15011,34.8867010033694
15012,46.82713301522901
15013,58.93266436671013
15014,28.648525939746936
15015,44.57719187979791
15016,50.53149099785058
15017,55.04388977326815
15018,55.01442378754329
15019,4.831692191925093
15020,50.96225893731488
15021,36.51906244272615
15022,24.742901024782128
15023,42.56129737464998
15024,14.00574179753863
15025,18.34108139305608
15026,38.583762244149355
15027,44.62034909616032
15028,0.30717875509201065
15029,56.468881359608446
15030,23.757780481145936
15031,41.549912928596626
15032,36.791024014328045
15033,1.5404181137060888
15034,34.32331781463095
15035,41.28773530636812
15036,29.2773649448892
15037,38.54712174226406
15038,25.060869099027954
15039,32.290419572602616
15040,1.1694107151800424
15041,72.66641420857499
15042,41.16786401929953
15043,42.08750963221442
15044,66.14397998239296
15045,42.573717388024846
15046,36.624010560806056
15047,39.95585920857687
15048,37.377110503976496
15049,53.075581803107696
15050,24.466041778218642
15051,23.23537331046615
15052,38.143556671056814
15053,59.38056892117709
15054,58.00538081917922
15055,53.68661508581053
15056,4.115255493292022
15057,57.3237387955072
15058,10.452044344571576
15059,37.799818525792084
15060,22.78116960140598
15061,1.678797435066155
15062,70.920541386028
15063,20.120181528845404
15064,39.04161382046233
15065,52.314968764742815
15066,63.11233314483468
15067,-0.43855461732803036
15068,22.594946618308622
15069,-0.22418438874050395
15070,40.6706782581387
15071,29.1087592646891
15072,48.054938740262244
15073,23.156162614785828
15074,44.90233322610511
15075,-6.4538003452626995
15076,1.3682493867992918
15077,50.776934067033196
15078,46.685007150892716
15079,1.004421771582038
15080,44.048279362121306
15081,51.52511380218809
15082,-0.940508156413685
15083,-0.09799691372526809
15084,23.7664694072257
15085,22.278243757249
15086,22.05951590062874
15087,37.13815555501219
15088,4.853966871097246
15089,56.06597036503315
15090,7.520417511752559
15091,49.370642589712666
15092,9.115013257804023
15093,40.67464295835854
15094,38.22976618555426
15095,18.285145541209467
15096,44.539903622827175
15097,35.2726109550118
15098,0.02779458819563274
15099,5.87609939779432
15100,56.3186056064242
15101,42.99957144846462
15102,36.1148070897202
15103,49.765312624620165
15104,35.2094986419189
15105,44.326722366982985
15106,37.82032621901583
15107,28.02404302518107
15108,-0.936797210740643
15109,22.86866074127129
15110,55.9992500746429
15111,37.46752704303248
15112,63.49304519447797
15113,20.30996079084485
15114,44.55950556611445
15115,27.948670026434367
15116,3.0326999946465705
15117,47.17818863262563
15118,48.790093686979425
15119,25.746445296368442
15120,-3.3009576497568105
15121,26.148529159845527
15122,36.06586340102685
15123,35.89617507437921
15124,58.301738905644655
15125,57.90577100879469
15126,9.245892840447421
15127,18.720414686535957
15128,14.284808637399333
15129,0.8944478531601021
15130,64.46476841857108
15131,69.26534253480236
15132,2.8993922675386017
15133,59.762507443414265
15134,25.218808630485558
15135,60.32073531961191
15136,22.824527506776597
15137,13.572401946597434
15138,26.5300054270627
15139,21.560254844891947
15140,31.170534117606156
15141,18.870723048904377
15142,26.13960804294296
15143,50.730849397735426
15144,2.1392670934885203
15145,22.039109452051584
15146,-0.17238138184121254
15147,18.325658971710006
15148,70.70704017425021
15149,25.17683198527905
15150,52.51076004346703
15151,43.23149428382472
15152,22.683130258942064
15153,57.894257445597006
15154,11.518859035381894
15155,19.798001314471215
15156,46.098583007448745
15157,22.4200407602047
15158,26.430370840158755
15159,0.5956101257101309
15160,40.089334268539204
15161,54.45632312412266
15162,19.34365593192966
15163,22.912841831301456
15164,33.967084501100274
15165,15.932339304548005
15166,24.902959188860713
15167,59.40912873337974
15168,17.312827158744124
15169,57.52716737311812
15170,61.99764847258757
15171,1.1639419759592968
15172,37.83541239419593
15173,12.71724092363586
15174,23.756954105408596
15175,3.1062407471130236
15176,11.048991998921675
15177,26.976987047778657
15178,46.791127314333664
15179,23.14970564935831
15180,14.656457192756715
15181,21.62985006783329
15182,57.31990763649127
15183,52.82313087273165
15184,21.883750962449795
15185,52.09058875870035
15186,29.408923395419553
15187,49.46975815729169
15188,1.6806012633342746
15189,51.68956201296624
15190,11.15472767984049
15191,55.26679441378557
15192,46.0501155947683
15193,36.290044295173054
15194,-2.0645086569579547
15195,39.378154233496105
15196,10.307240002474337
15197,2.239411541300637
15198,48.835059228515235
15199,52.74608426154585
15200,-0.4492638989159019
15201,49.47266160024728
15202,48.29562622863468
15203,14.80461151248516
15204,29.252867146493962
15205,40.11783399865425
15206,40.87977599411864
15207,46.530486726744044
15208,39.79995646946694
15209,0.2728552851089745
15210,47.197461646892414
15211,59.820170805298034
15212,65.4513935872383
15213,38.30755592513372
15214,2.9573243582814435
15215,64.00351397682095
15216,0.2522333370471799
15217,46.45484101598659
15218,50.87484222642135
15219,32.59849614497808
15220,32.73647145625556
15221,25.586666604237816
15222,20.41235176416395
15223,13.915188829956282
15224,17.351315819318025
15225,66.39740050297637
15226,67.48933525953521
15227,37.92571333776362
15228,46.845043537033554
15229,-0.055881613183245804
15230,33.75218934676228
15231,17.397065131008617
15232,38.881112061862936
15233,42.49544627667974
15234,30.600424263112263
15235,55.70275869645927
15236,2.2332980618785747
15237,49.52281306295852
15238,2.610943663682587
15239,41.898428203600226
15240,46.956446169539525
15241,48.80803385279398
15242,0.7088073179572589
15243,22.0336870506833
15244,56.35294286508189
15245,44.766665351324754
15246,50.29792582190778
15247,46.64765124014967
15248,7.344204235021763
15249,34.71842228051635
15250,0.9472038040420401
15251,47.974983080551546
15252,28.67138438165682
15253,0.3640149427511048
15254,41.69126078142656
15255,46.59898601159908
15256,0.2549172197016958
15257,1.656186488653276
15258,34.64951558845823
15259,3.670067657912316
15260,-0.11350495645191927
15261,0.00990392714646049
15262,20.675019356657227
15263,19.979585382362636
15264,26.28950875953319
15265,1.267282988772159
15266,51.870263210044584
15267,3.827375281410358
15268,18.595078107724518
15269,-0.0024617660649255413
15270,2.1550734970786003
15271,45.39502446294884
15272,0.7107470664626163
15273,21.975162266337513
15274,69.27467582228309
15275,55.45551508900972
15276,44.28206718112729
15277,40.52603289564567
15278,15.890553926837434
15279,23.228351065603235
15280,12.568763543868751
15281,45.1788878111727
15282,0.06563071587644487
15283,62.97889497378196
15284,45.76480670356586
15285,50.17572043670343
15286,25.143116216066154
15287,31.811961403894948
15288,4.063329085813059
15289,31.707145801430904
15290,0.5072924701994523
15291,40.86686490658008
15292,52.044342446777165
15293,21.867558618135448
15294,24.768472046882756
15295,41.7852142685445
15296,49.91993044808747
15297,50.54774749786055
15298,24.7794848435774
15299,46.93779895899317
15300,44.821464147668415
15301,37.322981191644516
15302,30.778272112888686
15303,-0.12481367924529962
15304,32.72451507028402
15305,2.548583569606123
15306,50.88139068273509
15307,47.81265793359106
15308,16.218500580321123
15309,42.9393479489195
15310,18.05891829529542
15311,31.30216561307637
15312,0.7075625627864994
15313,51.44883409450772
15314,-0.7386083303009698
15315,39.07565673720745
15316,31.067699755562334
15317,26.484480663489833
15318,12.787637089026518
15319,17.214139515613162
15320,48.808188452199815
15321,54.39260978785012
15322,0.9341917276569589
15323,55.586743787422336
15324,9.206664160714677
15325,61.20674527303362
15326,48.460397808536776
15327,30.844401122507957
15328,43.489737402511906
15329,33.06192294416974
15330,56.33255164898864
15331,19.921659122097694
15332,21.58266107840282
15333,45.3307360706062
15334,48.01933359137446
15335,46.03655358976302
15336,54.43989893958006
15337,41.1263983989514
15338,34.618153445448364
15339,23.62840991623137
15340,1.6629234122166068
15341,60.263085303145886
15342,54.287671736376794
15343,60.289261005177494
15344,9.503613375536275
15345,22.687896342558467
15346,34.62080344366501
15347,-0.5945821159227975
15348,39.51030920635706
15349,2.2749448742627614
15350,43.18970586317216
15351,44.59658866243202
15352,20.02243752086039
15353,22.524731516354493
15354,41.29451046729548
15355,20.838370619726177
15356,13.565701138689462
15357,39.63711907906872
15358,56.81029326166755
15359,1.0619203922415892
15360,45.380954464960965
15361,45.03139748063099
15362,46.66330335249092
15363,26.97512237443447
15364,21.569385305831002
15365,9.547130082742257
15366,12.825584129419376
15367,57.98076875102274
15368,26.62054582717304
15369,35.85704117456995
15370,0.0948107691169966
15371,61.75608410512697
15372,69.15032675848273
15373,50.35048410058381
15374,39.35551894275559
15375,44.239742631549895
15376,37.69370853211792
15377,29.34144501223458
15378,1.3115478450327487
15379,33.41056832150504
15380,24.186485837933475
15381,20.83116209710058
15382,25.332658140247787
15383,25.03129500841849
15384,46.758704100106044
15385,30.264939124756026
15386,37.75529786450316
15387,1.6524374865581244
15388,1.5898549313733916
15389,-0.17531654475238412
15390,43.258414562928294
15391,24.655840930025285
15392,0.25474375657581305
15393,49.94522000391788
15394,47.88712938834667
15395,63.14224997148425
15396,49.046801186778794
15397,41.82630284732493
15398,54.29064268203582
15399,22.169486333923018
15400,24.555283920170883
15401,20.78130131244641
15402,32.23645002236883
15403,21.224576110135576
15404,28.42458878481444
15405,58.45853395228792
15406,13.014887560566745
15407,31.79083061908703
15408,45.196678940480005
15409,45.42180244870234
15410,36.74665955211896
15411,27.539258268379566
15412,13.944833861029657
15413,10.281685825986457
15414,42.27392554709894
15415,14.799375533567268
15416,43.871252528033686
15417,-0.7651503413525944
15418,23.460145868132507
15419,46.194901931541935
15420,31.28585490504944
15421,46.847904931467156
15422,13.915328038004354
15423,0.1878188534041101
15424,38.10610408065993
15425,18.22573644068362
15426,24.36244722483145
15427,47.57166721901701
15428,43.07567635184052
15429,51.97133511326345
15430,18.35549407528507
15431,14.859164265713286
15432,51.056366793659166
15433,53.06780714251013
15434,48.04897034979359
15435,46.96561659338464
15436,71.55459750830929
15437,23.86109231960436
15438,49.524582574759776
15439,1.6586561115187664
15440,62.96458514718371
15441,9.654331437586183
15442,46.96221051660845
15443,50.846226582223956
15444,48.4125857090996
15445,3.6884539809490704
15446,7.916954945369113
15447,54.05334935853313
15448,42.58638859436689
15449,70.35635977429098
15450,-1.694871260541774
15451,44.793557122143945
15452,66.47342091914743
15453,16.095693446982665
15454,40.68578333128036
15455,45.896284651660146
15456,46.40421642820161
15457,21.021404355481714
15458,51.675318685313414
15459,45.3094225176441
15460,2.0459031197065904
15461,-0.0028579712139915614
15462,46.01779843516164
15463,33.16291896684531
15464,51.14785259940342
15465,22.123875016576157
15466,20.812517042577056
15467,0.3150258291515371
15468,48.21679235070113
15469,22.05742843571936
15470,12.81892056816189
15471,63.586119033112666
15472,13.507495158974045
15473,19.152369214726548
15474,53.319688165849904
15475,31.77141006209412
15476,-1.0550406192577455
15477,47.34790262716658
15478,0.5264060713774512
15479,29.286647649621454
15480,25.620929069589973
15481,48.05777892298585
15482,39.395359293900995
15483,57.29394618622645
15484,55.86529911659983
15485,28.70644047557215
15486,1.2222604598621203
15487,48.94244794179693
15488,1.1023641896036338
15489,0.376840050452266
15490,27.703137084242233
15491,45.90414829964772
15492,44.23875058110994
15493,35.53963609855815
15494,10.334253659532909
15495,2.823482902684251
15496,43.02340954409471
15497,30.873286592342655
15498,15.331692980950052
15499,69.89303592861151
15500,5.9117063692968514
15501,32.420304623495774
15502,22.09848788058634
15503,-1.0257701166618602
15504,39.782136192327556
15505,0.3367704098877553
15506,62.52631734753712
15507,45.18717095864216
15508,47.11542651300301
15509,21.72558355141132
15510,24.6018318995329
15511,50.51532657626065
15512,9.254231262398736
15513,50.51850145654362
15514,4.0463053693874755
15515,51.67793772899151
15516,-0.4791400222300126
15517,61.943973856608864
15518,66.67407707421619
15519,60.33203248925007
15520,14.464706678480962
15521,16.36365875429292
15522,70.10964260850338
15523,42.448061475686515
15524,30.342092159658815
15525,46.97261445381056
15526,34.9623723871509
15527,63.960412411230806
15528,25.596274986229318
15529,44.201551441686355
15530,3.2588626119205806
15531,49.05123083976602
15532,26.4037290244775
15533,22.47579622021246
15534,23.1142813930592
15535,1.1904023544604598
15536,32.73285527359924
15537,50.72752969591839
15538,30.464149190184138
15539,13.929996843669045
15540,14.346229625833452
15541,43.64569058794262
15542,2.4103880684149246
15543,48.18499721732031
15544,48.06890899499076
15545,2.2742534962925447
15546,38.06511798429058
15547,33.76653256351207
15548,2.9013475995160185
15549,51.79560211700986
15550,49.10606898024135
15551,-0.0711734452875703
15552,46.45857639502189
15553,50.48273695482088
15554,-0.4177400772440265
15555,40.268420857274435
15556,17.66435286765836
15557,49.61296493419863
15558,56.822478526937985
15559,47.845960821460665
15560,14.110644293998547
15561,52.565087813890756
15562,56.960258942029704
15563,22.285066889587565
15564,3.909813695752618
15565,51.72090246939291
15566,33.55206898692673
15567,47.37630215831355
15568,63.133902868042256
15569,21.080600444433045
15570,43.83652334030406
15571,48.01496182825235
15572,28.485276709161006
15573,54.43908285449837
15574,42.305350705357455
15575,0.9925544833068685
15576,42.54638134379856
15577,2.548253632123174
15578,73.25336703793892
15579,15.018389352973774
15580,48.98722768195282
15581,26.546734486971104
15582,21.21602495467431
15583,17.71151100420572
15584,40.82899085969927
15585,31.618464642036884
15586,39.88572278545325
15587,23.362086158464656
15588,27.513958870266176
15589,8.342436008027015
15590,1.1265832427272997
15591,8.531964890519635
15592,45.335152827161714
15593,32.98149167805422
15594,0.04619571963803537
15595,59.330881073464326
15596,36.28010036889253
15597,44.33331519956451
15598,1.9476238966338073
15599,62.4913543812386
15600,48.939437091234836
15601,41.8720080828356
15602,41.82229538736866
15603,31.363323309515778
15604,-2.027981373652217
15605,2.754876902116596
15606,46.59777370317254
15607,25.010523607625153
15608,47.767217656071516
15609,-3.1536683489473987
15610,66.4812106369771
15611,46.079334991365315
15612,8.223735098438862
15613,46.73258036403777
15614,36.977272278712704
15615,46.64695232661643
15616,1.2756352696775295
15617,57.00936702880135
15618,31.080403487641284
15619,39.62014079439938
15620,42.80559962257088
15621,0.2941961564768505
15622,48.17736065267354
15623,62.992472021773885
15624,27.53539530630253
15625,15.720447206658253
15626,56.1012301371885
15627,11.220896615738909
15628,52.3244974949883
15629,24.824946894992692
15630,38.41097299433913
15631,23.287050572346796
15632,49.85071764313819
15633,54.46147892264213
15634,45.4848393721104
15635,15.70211619592822
15636,49.406568092921034
15637,63.58077855791283
15638,17.87734579476842
15639,1.3829371467028508
15640,45.59296454754628
15641,34.224159977508776
15642,65.90543941654359
15643,23.0285415489924
15644,-1.1143484523419858
15645,54.89181709971371
15646,55.45119906512168
15647,45.09730817862465
15648,38.23733350548712
15649,45.304689766133954
15650,47.4102879161467
15651,0.6292971996111731
15652,48.26909129288236
15653,1.393598491291712
15654,14.841462878843906
15655,26.510258773489713
15656,9.7818191321233
15657,62.18191798187202
15658,0.6094204391845537
15659,0.9211971535881744
15660,1.1268432310141065
15661,37.7408467875439
15662,42.58872859498122
15663,27.28338167722459
15664,51.231384404728914
15665,52.69520873288113
15666,51.679722981739516
15667,39.79331907678336
15668,38.5587340426853
15669,23.13797747111103
15670,16.960469792568436
15671,22.6314450203486
15672,29.0832627558858
15673,43.43167346281064
15674,55.30161174311478
15675,58.649421324450756
15676,28.270613798637697
15677,26.554135226141803
15678,34.736026981238375
15679,36.742745352681446
15680,48.99967631213606
15681,38.00828475872948
15682,37.37793029364103
15683,64.645385312017
15684,31.003802456954876
15685,50.22534001521292
15686,23.3421649876151
15687,0.10362891404514585
15688,18.607326887695727
15689,2.1582055231262274
15690,46.320999013076104
15691,82.0199091076017
15692,2.259701453045089
15693,44.885537819020584
15694,55.976499269037376
15695,4.610473349895059
15696,30.49997505943714
15697,56.09536210787267
15698,42.143255717176295
15699,50.65160535979783
15700,41.55128815680822
15701,42.92132730865875
15702,53.06047348162939
15703,33.60047775249456
15704,16.259143498876647
15705,51.79053775748021
15706,78.21663548881958
15707,52.250727104468154
15708,43.9667810203741
15709,52.41150360104176
15710,16.45066661173174
15711,-1.0434378470650003
15712,52.78047142684267
15713,47.12865742209054
15714,53.88062325637317
15715,41.76102324839205
15716,2.759908885500959
15717,55.788716062684344
15718,-1.519593795859997
15719,50.87933310175929
15720,26.149301153616012
15721,18.752070324796684
15722,23.276254165771952
15723,50.36778892826548
15724,19.60556032311124
15725,41.357327201058
15726,55.4642841601802
15727,42.11853613000366
15728,53.422821187585576
15729,12.44365151562036
15730,42.96116786862778
15731,0.8991116303227003
15732,1.0591187566832616
15733,45.11693155576498
15734,60.22518262522068
15735,20.00048659277189
15736,15.987652781664483
15737,-0.12617389086978648
15738,23.490781212089637
15739,48.60884290764098
15740,39.80524098195298
15741,33.25703053132827
15742,11.779371671403421
15743,32.39525655577993
15744,29.868623663295452
15745,-0.35976948151429156
15746,2.1285303598472076
15747,54.31984124934142
15748,55.79643498549192
15749,2.6632274395198543
15750,40.231089272109244
15751,42.99725110238514
15752,57.77215507563935
15753,37.03898593952198
15754,58.983559926214
15755,42.75536850238685
15756,20.95051802565188
15757,25.772324827963207
15758,28.54234364533788
15759,46.24397422907044
15760,17.443086413694832
15761,24.3674271925932
15762,23.25759208572349
15763,41.74243151641484
15764,23.669230956778392
15765,28.23395032917935
15766,20.96416495298482
15767,38.112266361189484
15768,57.00208389908315
15769,-0.8406751275703428
15770,12.879961487566103
15771,56.01523877114963
15772,45.79315834209135
15773,16.5040778245179
15774,23.0846803941175
15775,20.131803628179693
15776,53.50574874033562
15777,28.828568021821667
15778,23.733427890393614
15779,27.50803712854325
15780,1.3683207953138101
15781,54.95985957929332
15782,14.39946653773881
15783,12.441522599028765
15784,29.31855819725777
15785,31.935643853067326
15786,38.37401712582893
15787,25.815668877074504
15788,1.6363811152519396
15789,1.4074420675777901
15790,52.27059334098176
15791,60.40829122594519
15792,48.673073384879444
15793,28.566732025929305
15794,2.333059353889581
15795,44.3345213335552
15796,21.833378319341172
15797,3.265008178420633
15798,48.12036330033909
15799,26.025095534157288
15800,25.502829949775677
15801,18.835143244965828
15802,13.408118123971558
15803,0.31230603200494045
15804,49.148194335572086
15805,49.27430859386324
15806,17.849298464658666
15807,45.758005374825686
15808,0.2470498649212658
15809,9.815459386753687
15810,19.040606203774516
15811,44.15457245396555
15812,51.9440002913552
15813,64.79659472861837
15814,29.19145664488742
15815,3.276243605640751
15816,1.2848034220376157
15817,40.17252601102493
15818,39.29989233099159
15819,13.545932835769882
15820,2.073745841795045
15821,58.65247613160474
15822,49.845028932275724
15823,39.484851665992586
15824,50.88573999141679
15825,24.160801606671434
15826,14.278598475225674
15827,1.67012419905301
15828,1.2354206877695262
15829,25.352708827726428
15830,2.9256099550880315
15831,13.644306023261663
15832,40.76112690918029
15833,42.11041816340847
15834,26.764159877609757
15835,58.64700724151177
15836,72.84100246683322
15837,42.987751558076155
15838,28.290199580524998
15839,20.701109565863753
15840,17.81048005901076
15841,48.646594557691245
15842,50.18339273154163
15843,54.337430609089196
15844,53.25264648516301
15845,55.57480322411135
15846,0.8496558917233443
15847,-3.522379946498255
15848,1.760039729701127
15849,22.38365675331293
15850,22.56506198586707
15851,0.004416454368190159
15852,50.837114903222286
15853,4.905925364632132
15854,33.804795629319216
15855,0.27520583471400784
15856,31.14105123728818
15857,35.13210729911268
15858,0.37852471489728856
15859,0.8916154433688703
15860,21.873732031535162
15861,-2.0386385537324685
15862,52.95419855584466
15863,8.246734681023305
15864,1.0243965922439102
15865,19.52195209355921
15866,53.39323604352229
15867,28.076166216723358
15868,0.2696290031707278
15869,52.01733157128142
15870,-0.33443620815779695
15871,66.62377464177669
15872,48.95392776699407
15873,46.625887063210016
15874,57.36489459952348
15875,35.042025320195556
15876,18.40291861368579
15877,18.094590970978032
15878,24.418256024116495
15879,46.64577773874102
15880,78.80549600774218
15881,61.07225231692486
15882,28.512802971932764
15883,58.11755362486446
15884,34.19686424820972
15885,28.665841433422532
15886,6.032663459330237
15887,-0.7218098677520217
15888,4.204197579608884
15889,49.21105736156281
15890,48.74248032369108
15891,55.411909638809256
15892,48.43216077166058
15893,28.71330429667804
15894,49.199769744145875
15895,-0.31865893001298673
15896,53.507870550453724
15897,48.27248433168276
15898,48.98270305342338
15899,35.82451802111593
15900,48.276149629252814
15901,42.27189025342354
15902,28.806454572542943
15903,23.762913589979078
15904,44.6396753240647
15905,21.61423766106509
15906,18.481314917115583
15907,0.9193738753203036
15908,54.372252387850295
15909,47.6842946138584
15910,25.17611445259297
15911,47.3012718925998
15912,12.687543368620677
15913,59.40755598763285
15914,14.25125177593452
15915,51.909975156458756
15916,39.13571778411984
15917,30.436791836279166
15918,59.15482947230677
15919,66.00553784396176
15920,15.125349550784115
15921,4.2390475150419284
15922,53.249305362947545
15923,4.572972826843657
15924,55.56654366177206
15925,46.10978704301814
15926,51.680009369121166
15927,35.51626546470412
15928,2.41886185451909
15929,17.941295523502014
15930,54.185282112526174
15931,-1.1970715419428117
15932,3.7405817673564705
15933,-0.5237265374831566
15934,0.2934617925794285
15935,53.51352507342982
15936,59.27386191399834
15937,38.27228732460066
15938,27.499446037972042
15939,36.86474890512211
15940,72.78613230350265
15941,46.85738227456274
15942,29.06507014724896
15943,56.61230222135177
15944,53.66663684433428
15945,54.40030906565907
15946,60.13329849881747
15947,20.475003481693392
15948,61.66727683779603
15949,45.94967518063474
15950,13.638104676496013
15951,49.586551973594524
15952,24.88878153070151
15953,55.903368031860566
15954,4.742553105428147
15955,67.59180592651651
15956,29.718331983596496
15957,50.347326837217935
15958,41.579005964947754
15959,57.14726115582724
15960,23.990694397761928
15961,26.386130468926247
15962,-0.36981163262584005
15963,29.21458782672402
15964,37.206424341015364
15965,0.6657673387321523
15966,55.45632230377072
15967,69.60141867889621
15968,50.06238646739129
15969,29.61821347335095
15970,0.40426934131808423
15971,12.906533754984633
15972,18.244528365275187
15973,0.9598905207946871
15974,49.50266508509224
15975,60.74454080627213
15976,12.003687172133905
15977,52.219938477365794
15978,58.413611037215674
15979,50.73169043003492
15980,31.4986281840737
15981,33.48645576942004
15982,67.07649754055717
15983,55.70560305432904
15984,28.583348458489677
15985,51.80355086560847
15986,50.4935527387273
15987,40.879826006495115
15988,46.55043722970828
15989,46.47059404271266
15990,47.00517111442754
15991,47.15981384031156
15992,1.29499435168945
15993,17.706420241395087
15994,1.2457035711716955
15995,0.3598624221514868
15996,15.118004892487306
15997,52.761312332164536
15998,44.13075288868806
15999,46.83201930444519
16000,31.906735218909567
16001,13.616371435655456
16002,46.55945774700454
16003,66.19060218712966
16004,63.71120048343862
16005,32.01488128071339
16006,4.842815092863862
16007,10.563918053526244
16008,28.59412348481067
16009,47.158236259715316
16010,40.20683094077855
16011,-1.7659913350929841
16012,-0.588202128354979
16013,58.39562101027248
16014,48.36444873591795
16015,42.55205092711306
16016,15.498315427554882
16017,48.79248743443935
16018,30.970041945874517
16019,62.630038608368324
16020,53.51391966038793
16021,22.424976930292413
16022,31.615552205389918
16023,43.39337216714827
16024,62.90028055096228
16025,52.717138555071735
16026,0.7745999868474058
16027,39.1208313156382
16028,29.675851763282427
16029,4.514534366046927
16030,56.706229463084426
16031,30.73695345064172
16032,13.114614370410141
16033,49.084925221563495
16034,52.20575847317885
16035,43.42754454831313
16036,22.817392876116383
16037,1.35860171285168
16038,16.112485484656947
16039,34.144612821158745
16040,39.76974093612439
16041,32.057891089062096
16042,55.9695394163878
16043,45.96799424856256
16044,24.171738991609402
16045,47.53820582329322
16046,22.869395328207556
16047,39.11022679527848
16048,57.04606805566391
16049,22.91229032188685
16050,16.912095882000994
16051,27.846911211628743
16052,0.0691349771284635
16053,0.8760223366909514
16054,13.687284933403536
16055,3.362157238516801
16056,1.4405041981169155
16057,58.62223732775202
16058,42.50004033420796
16059,2.9512854470861036
16060,42.2128420367387
16061,38.65921264290598
16062,19.952297775814
16063,23.22203165097053
16064,48.26520010774712
16065,39.90223123084123
16066,1.2372359324306643
16067,48.57164949983762
16068,55.576339423668
16069,45.77743639988168
16070,34.11197388981913
16071,47.7780987088468
16072,2.4649439854914696
16073,19.262320772718827
16074,37.01688999239725
16075,48.08341375990309
16076,20.9835022361761
16077,0.3137656154920734
16078,13.18409831927568
16079,-0.07697479073068081
16080,37.60396699830476
16081,29.518082875227872
16082,51.36910666280466
16083,54.691613606583964
16084,21.334418018933427
16085,47.30580211116319
16086,22.784817425012644
16087,63.23989358929374
16088,32.49413543347855
16089,0.015486583413576227
16090,45.46229950143407
16091,20.92120288600211
16092,52.19518453394454
16093,0.5826279881812866
16094,4.735766293142916
16095,47.340566022833634
16096,3.3688764736940904
16097,42.30799057293688
16098,52.07537322246538
16099,40.980514348270006
16100,-1.022143372829838
16101,46.890502098229206
16102,25.800817596203473
16103,57.23006481629339
16104,48.254993047549625
16105,9.527472407508139
16106,33.81625250624055
16107,67.44505130917537
16108,18.106593807599914
16109,59.02928276390567
16110,32.94077477627438
16111,41.64696201460667
16112,-1.05533848648097
16113,46.457194872262505
16114,22.7803096811694
16115,26.116625810415513
16116,48.01886218676675
16117,5.220428037419467
16118,1.053986785559566
16119,10.47130848611388
16120,57.047707046514525
16121,41.5716715963429
16122,1.0148842261373119
16123,18.198954980175188
16124,53.278110963398994
16125,52.23211396418105
16126,1.3555277450060288
16127,67.33630110124969
16128,45.008753394732494
16129,41.70302213934211
16130,22.838703638300224
16131,38.79760453514627
16132,54.04199837878422
16133,28.9113093310675
16134,22.601028633484695
16135,46.27760836451574
16136,45.515757904097356
16137,38.820074239054506
16138,40.850258770190806
16139,37.43028309331601
16140,26.453175995782797
16141,27.60271263166873
16142,50.05855379895297
16143,21.825629534869563
16144,13.031738961445853
16145,38.727175574684956
16146,40.605021480701865
16147,50.74505504570941
16148,18.68755978599868
16149,47.87122652435296
16150,48.93843116274831
16151,33.0564422706792
16152,21.26959418944726
16153,0.25198121767406434
16154,37.980645734852054
16155,12.36903342912347
16156,58.38451903691558
16157,25.79579506021141
16158,22.350815085601873
16159,42.76712152013791
16160,49.72651567049728
16161,38.06363260683497
16162,25.376337423019514
16163,53.283061467022506
16164,46.02157897305009
16165,47.87718594868162
16166,43.867689320434685
16167,53.09442172273026
16168,51.17411752368224
16169,53.429905336930005
16170,61.54623674745697
16171,10.010701512733178
16172,50.15522445720383
16173,69.1657857768661
16174,52.862188862714746
16175,27.76675049043425
16176,43.94849654013884
16177,58.11629868125112
16178,81.17556379478947
16179,36.472336038783695
16180,30.839676072488352
16181,22.72755746073649
16182,44.53994594162197
16183,22.168932422853047
16184,42.127653960676774
16185,41.376378631471795
16186,1.7349991904650182
16187,52.79072682166197
16188,45.15257731339659
16189,37.31801169113475
16190,55.11331217056254
16191,47.05151779543845
16192,7.690247298723278
16193,57.340518333206084
16194,46.6794588825423
16195,21.344076193061433
16196,-0.2835412313009016
16197,12.448900660755012
16198,54.31860581780583
16199,25.44913734359489
16200,41.46841459933269
16201,55.227934736832374
16202,58.1374067479267
16203,25.615849455350812
16204,34.027243052965005
16205,-0.008215557758063596
16206,28.984902820145408
16207,56.39552358090343
16208,66.80718471857128
16209,0.8786350734890434
16210,23.568022589443785
16211,1.6275957137438795
16212,20.695413323298624
16213,37.62416470674107
16214,43.22683995222022
16215,2.0692501943877453
16216,0.011948253189167701
16217,0.7758985905253368
16218,3.522562422557254
16219,0.4028824291555466
16220,42.96706166746395
16221,33.266965863605314
16222,52.95613434991074
16223,46.64521655143097
16224,37.94668347086818
16225,21.40383656398464
16226,54.14744137890938
16227,48.45782758175527
16228,51.10696037895082
16229,52.049387236651825
16230,50.827545804942
16231,49.43119786223732
16232,17.87661880755973
16233,0.3490687887890829
16234,56.60322277088909
16235,56.948267509300834
16236,53.844687099983766
16237,61.61585340401082
16238,26.72341026908193
16239,56.67957116578589
16240,21.655078564511946
16241,34.210062966045314
16242,44.192182023947375
16243,43.46581282269289
16244,48.288165062534176
16245,23.748433387115277
16246,44.757523674506245
16247,27.124039178674682
16248,69.80955982277632
16249,42.838675631539765
16250,49.43776809623108
16251,31.15985268521562
16252,37.05700506675363
16253,28.840817729250258
16254,44.79826912484333
16255,56.24611814934057
16256,11.597358632071604
16257,36.17317646429113
16258,20.879381945691897
16259,-0.23044900244614297
16260,51.72451672216621
16261,23.10052052170164
16262,49.03781017601713
16263,17.958633502677458
16264,48.095378692306355
16265,36.81719747230031
16266,22.61242534943677
16267,34.855772597585286
16268,44.69054336692585
16269,33.40959489432301
16270,11.776662879715019
16271,2.4646719261150096
16272,60.799022938567575
16273,28.354635289860727
16274,1.5423368740527508
16275,10.950555944192239
16276,25.23235025599044
16277,31.0410645363401
16278,49.05982095143476
16279,44.828540720248114
16280,75.76902043515159
16281,45.743634408629084
16282,14.872448056726643
16283,55.399188395008174
16284,41.77199920972156
16285,16.682059332247764
16286,49.44735670052872
16287,17.035462480431708
16288,1.4536133527980546
16289,41.27690328806004
16290,46.56052114462282
16291,28.514076769260843
16292,55.33262089858559
16293,45.81529186399851
16294,15.260618051299616
16295,52.18154842882569
16296,3.3472348718776637
16297,1.018959729090703
16298,24.766789915691966
16299,46.37476700205079
16300,33.82329005207571
16301,29.88853300423645
16302,49.82943081805919
16303,43.860158791189455
16304,51.015351843734436
16305,5.552893570733328
16306,47.05120705831418
16307,15.905550114543075
16308,0.8484618602186202
16309,24.863720608175214
16310,0.4215763808484283
16311,37.58121962190462
16312,35.12574224532142
16313,46.42612955282465
16314,19.023206017050406
16315,42.05828555159318
16316,21.44073759177165
16317,57.80342725628419
16318,11.75039073017507
16319,61.87058373351992
16320,65.9380409382658
16321,22.244745240144862
16322,21.414707538973126
16323,20.07061724049703
16324,23.037520068270993
16325,15.933343223115426
16326,49.862077656987466
16327,71.23097378930764
16328,25.99325208396062
16329,54.760306306084374
16330,53.71003042335066
16331,47.316525845831976
16332,71.4321052270491
16333,26.413387751025503
16334,29.053869389052323
16335,33.90143836144233
16336,12.80503943980229
16337,40.78064313157174
16338,53.67712348548433
16339,0.203043847470326
16340,-0.39050115947330966
16341,41.891783487396815
16342,24.933764400978195
16343,41.896723610231206
16344,19.55109204276961
16345,-1.4780426071723838
16346,53.393906296003784
16347,25.724472256555174
16348,24.3016837242088
16349,51.69711074661318
16350,1.8896530736327826
16351,45.79193435530923
16352,0.14676912821461485
16353,45.99643158271147
16354,1.0981994057872484
16355,-0.6081382603117689
16356,31.760257438737764
16357,40.655404779282556
16358,46.15181356623627
16359,46.37047155186055
16360,45.51021969123414
16361,32.47869555857098
16362,32.98383404197175
16363,58.09330814466158
16364,50.80993287481947
16365,1.6596208399282943
16366,27.539847731087455
16367,27.775063325298625
16368,20.4457593726046
16369,20.201371642001778
16370,4.716079944121368
16371,42.359921190200126
16372,31.793601314826905
16373,36.18221499870224
16374,13.594366002078221
16375,46.50843176327125
16376,26.448902819519226
16377,54.972009579881245
16378,54.686993343582586
16379,47.72401116913054
16380,26.468807606061194
16381,0.7287964705960235
16382,0.42180808994368846
16383,52.070918559731
16384,27.987988485123747
16385,41.1114728328358
16386,49.993766086564236
16387,21.306396287211747
16388,8.007930140234787
16389,0.133238328763305
16390,43.233771780246656
16391,-0.6076311891178392
16392,32.9935701313518
16393,13.037953675344966
16394,20.396304061953987
16395,51.39322745444008
16396,58.561753909677265
16397,49.081398748376344
16398,1.0662319257889408
16399,49.98377112684995
16400,45.02256376599407
16401,12.460726621315384
16402,42.124074556942745
16403,2.814787931608521
16404,21.178803421800453
16405,43.42226737947276
16406,42.14336996261864
16407,48.670809304868435
16408,27.916917138867323
16409,5.390436036516668
16410,22.100452557822564
16411,48.50945046539198
16412,51.67741453040438
16413,17.538120717250965
16414,2.6319279405373344
16415,38.966942770377734
16416,17.1275310736874
16417,23.966161446193404
16418,51.36929043201439
16419,24.921719664984757
16420,13.977954463111764
16421,48.7264657263628
16422,75.13134603395262
16423,50.50529555771151
16424,26.112209926992684
16425,21.713766599914845
16426,15.41216798155979
16427,18.754125942063204
16428,21.074960016516997
16429,33.025598858052156
16430,36.01122140625239
16431,57.63560971055848
16432,6.126050186114227
16433,51.561119234547675
16434,2.860440777928723
16435,2.8050753023168618
16436,51.591739680181355
16437,22.336937688741614
16438,54.003565703157136
16439,68.75986472209966
16440,32.0313798340052
16441,40.294009302152716
16442,57.208515710311445
16443,29.012821060022226
16444,52.478420080843755
16445,5.73126381185666
16446,37.491997695651996
16447,56.8167814722923
16448,29.292051599936052
16449,49.66318945254832
16450,0.5691934610048932
16451,53.96668036370109
16452,54.24664994944962
16453,1.324721540394254
16454,48.88732209747302
16455,38.13302618281963
16456,18.97606674755179
16457,44.21956412246191
16458,11.926098611653515
16459,43.56983764589289
16460,41.90304214594703
16461,19.03616895768039
16462,9.05416028271042
16463,44.703092642551404
16464,18.02884311520768
16465,27.851728203015202
16466,36.40815553330707
16467,48.86731621328329
16468,41.64992931552864
16469,46.069875871633585
16470,21.571736069928598
16471,50.39402204696832
16472,0.3044310306212168
16473,-0.20332915124791384
16474,38.28015154080723
16475,53.30833807898415
16476,48.412215626148424
16477,42.86806243196139
16478,41.192478402406216
16479,50.75462558060737
16480,14.062721406216756
16481,59.37534417358057
16482,57.23093289439031
16483,47.13203472974373
16484,14.114895015591053
16485,53.39306888715397
16486,41.48504262672926
16487,59.947351796027036
16488,36.808218500811435
16489,22.116629656761596
16490,1.5933851843397235
16491,52.71887394543879
16492,43.44564531064614
16493,44.55235365454553
16494,32.26096268153791
16495,35.91016340966627
16496,58.21689408932093
16497,63.78353344777502
16498,46.78541684648385
16499,17.16548895826393
16500,34.95716507380781
16501,51.036583700180145
16502,69.82346935310566
16503,53.54441953160176
16504,39.17141670577774
16505,-0.299463230096606
16506,56.9310850028224
16507,50.262302195125244
16508,19.427998433934437
16509,42.028633749800804
16510,0.6432405608295895
16511,22.830174541670576
16512,44.13386858816419
16513,46.562745061817715
16514,2.4660594932391007
16515,2.536404719572797
16516,41.3531291784583
16517,8.02282565254929
16518,51.18170111655165
16519,32.788524196493654
16520,13.479163618390288
16521,41.818332357111615
16522,39.16605689387876
16523,56.84265294588845
16524,23.336454301886256
16525,54.14390310028516
16526,14.89344877342435
16527,15.491804106912682
16528,23.20971574585596
16529,62.90260200424723
16530,46.08124781507804
16531,37.83659834116076
16532,46.42313029244745
16533,7.764957425093858
16534,44.82378967243611
16535,42.30812024658842
16536,45.61420840399296
16537,51.6988636348927
16538,26.325640567117322
16539,2.046215213396202
16540,51.81562458575548
16541,38.91122359230802
16542,-1.6930746112155788
16543,7.435667528889539
16544,14.129924519945888
16545,27.206440344622507
16546,32.990977453468886
16547,55.04889573400289
16548,47.07631303645883
16549,39.960557184922315
16550,56.836305322322325
16551,17.884518797014756
16552,55.77333625312214
16553,32.67050594203168
16554,63.702842931409606
16555,47.00560005835385
16556,49.03919004068228
16557,23.12168473704947
16558,21.15310654751012
16559,1.0552345984411957
16560,64.5081959912072
16561,45.8796347108491
16562,2.0081245920331625
16563,18.997207585201174
16564,46.279701341269416
16565,54.53856697712469
16566,24.15986714863978
16567,36.25104454980095
16568,0.19091880254985227
16569,33.46397714160351
16570,45.93014650074792
16571,58.16785648875078
16572,53.50129956933927
16573,45.72453475515524
16574,1.5584837577133044
16575,27.00544127434518
16576,20.506843319594402
16577,39.83352042831557
16578,53.38106434847842
16579,27.956367525302074
16580,46.09281430076358
16581,15.717123498353093
16582,28.100629149668215
16583,33.69856441543487
16584,56.80852257926556
16585,16.007313933332682
16586,48.92709354077315
16587,63.39319431391194
16588,22.400494786859124
16589,6.45990152151996
16590,39.08292106640777
16591,49.959696054586104
16592,0.44242650509947623
16593,0.7532817484493535
16594,46.26382016180919
16595,17.134231334945582
16596,55.27545626306642
16597,51.33039121110422
16598,-0.3405269288167858
16599,56.80391063472197
16600,64.62807723011305
16601,56.43886518611511
16602,51.23492317664626
16603,45.564954158861596
16604,-0.8257014248167778
16605,32.87662368558908
16606,45.63512203176441
16607,22.634803660892146
16608,25.356391490442213
16609,17.703049782928986
16610,70.65068693215453
16611,45.61213879785831
16612,52.314431448899214
16613,38.424126539105
16614,38.51150337319364
16615,43.53963540474093
16616,12.843632519506244
16617,43.32450546885872
16618,-0.27668595307385857
16619,24.075495430303857
16620,6.094581125122566
16621,23.202458581035092
16622,47.61833774414766
16623,26.086328574955562
16624,41.51312071159797
16625,0.688055225712894
16626,29.589481015688666
16627,27.52374973684111
16628,5.5678938983965445
16629,20.90647092368668
16630,-1.4558373571541878
16631,23.98389606305671
16632,56.059936016105496
16633,21.906894984659004
16634,0.9030497161477342
16635,36.35920949438112
16636,-0.5199066012910123
16637,65.94246849777574
16638,19.371456272666293
16639,13.535617609889329
16640,65.15277729926825
16641,1.372330269999086
16642,40.566083619319926
16643,44.91903773886417
16644,20.761449505112303
16645,2.0778266119741673
16646,-0.16587464178802946
16647,19.40586771769596
16648,58.15866108191652
16649,-0.00326831385895332
16650,45.72579216329551
16651,27.95689273984527
16652,-0.5532568075670596
16653,-0.01798401851806375
16654,52.21338638748469
16655,45.58292776128168
16656,48.489214201732366
16657,44.990470118866746
16658,52.48697657318709
16659,62.31048429219966
16660,26.178532396207295
16661,27.369576973447018
16662,45.38544277927042
16663,26.71100864644764
16664,42.519793460578796
16665,1.4651895390169436
16666,25.842472200786617
16667,13.899496272708124
16668,-0.0824341430592952
16669,54.985894001107575
16670,51.008403182942544
16671,20.378654552400445
16672,20.475121116414336
16673,17.340282695457965
16674,15.484452167157414
16675,39.03632605812025
16676,31.88720160418083
16677,41.60913970417704
16678,53.62217154584729
16679,43.96437954155053
16680,1.3834089272051209
16681,24.920143059536464
16682,43.207322125144984
16683,56.50276420809648
16684,53.42175443248502
16685,55.48222647201012
16686,47.81723634883997
16687,32.67916168614699
16688,10.092083760782813
16689,62.57692491447095
16690,2.033072333315328
16691,21.140591742299357
16692,0.9094053789574588
16693,17.833864987789926
16694,42.78727085308289
16695,44.44654168921835
16696,20.428857882251606
16697,45.46157461345535
16698,45.046080656097
16699,13.784251235733375
16700,44.95080863023263
16701,0.0038005554200708502
16702,44.08694641639201
16703,32.604953801712384
16704,14.941076294251818
16705,52.54757593469708
16706,46.90399095549323
16707,63.01372785751455
16708,31.787714232359434
16709,40.87207305769228
16710,0.876948762523611
16711,48.8401351378977
16712,11.885250053768758
16713,35.35358438190083
16714,47.136316326849396
16715,49.06679761504808
16716,16.83961399330753
16717,24.145967913530846
16718,54.37430168903764
16719,65.0890409189775
16720,58.42180141562079
16721,29.006604037162113
16722,19.04233951331584
16723,24.54112931567483
16724,51.504501140257084
16725,46.292243750723024
16726,7.695246620486845
16727,29.068931570179355
16728,62.566517688754885
16729,7.173196095497232
16730,46.982098713451975
16731,34.76470819353992
16732,42.68272809294699
16733,26.854731902982145
16734,1.7434385293024803
16735,47.192733296911975
16736,57.943905805861434
16737,0.6514104577435234
16738,4.491332090478391
16739,52.57500381720986
16740,22.071533301469778
16741,51.3824494595478
16742,23.7960525742092
16743,0.20597801461661902
16744,57.74854024688933
16745,25.972243964805642
16746,40.837908428272314
16747,42.06466734751503
16748,24.368700224030107
16749,22.567992215349918
16750,0.5348090909857177
16751,4.219386375545046
16752,26.010857478402237
16753,59.35145359157001
16754,46.03531748852036
16755,45.53390555854644
16756,23.686127715404904
16757,51.80793939853338
16758,39.81085863283005
16759,4.831692191925093
16760,49.49855071827866
16761,28.973581704950053
16762,25.265267412515406
16763,52.173076666477854
16764,-1.0790984589283212
16765,2.074367146775341
16766,25.174395630856676
16767,56.91298603623042
16768,9.204186966056035
16769,44.438398236405874
16770,40.582393935098516
16771,26.341272097630657
16772,45.39646372656413
16773,40.17477023612659
16774,44.128898608135835
16775,33.68376620083059
16776,-1.2593559719263396
16777,27.39780717567475
16778,10.26565837364404
16779,24.105474829755632
16780,0.8921009803854929
16781,56.94998453429948
16782,47.980416342310654
16783,-0.000556853310612837
16784,19.163017607382145
16785,53.07017790918405
16786,28.453914137982636
16787,23.289800673208504
16788,4.346042750212877
16789,16.39007672935199
16790,71.9248361145108
16791,4.651985473803737
16792,60.3491446317413
16793,17.830095157525353
16794,43.14260405291097
16795,34.08724122884446
16796,28.149505688141037
16797,41.097353184614235
16798,8.743763985526783
16799,24.63985673803964
16800,24.539503821474234
16801,36.554007046562596
16802,30.903557846908413
16803,10.54395745625849
16804,29.276816878164865
16805,18.548795218585443
16806,0.010983194526033913
16807,41.74809049442291
16808,25.799662699675515
16809,55.64285144718242
16810,26.50569141548185
16811,52.64393511569051
16812,65.70835065393385
16813,45.311933819295106
16814,3.874112038363684
16815,26.085744401991438
16816,31.310822565125996
16817,0.10066553118476662
16818,30.26264332386382
16819,31.21023981041644
16820,3.647388437931614
16821,30.014729249368273
16822,53.68770497355233
16823,70.12863417426132
16824,13.614165598783561
16825,1.0630898403684341
16826,23.479694321699395
16827,47.94457323055613
16828,42.55753138099519
16829,25.794981321259193
16830,51.972354048979724
16831,42.90670722201235
16832,52.61641298796313
16833,-0.20345704563990097
16834,22.141032307736616
16835,35.776536248923485
16836,-0.49299804123544533
16837,47.71667938246566
16838,20.09817059118742
16839,-0.89202357331461
16840,15.503213599152748
16841,68.72380540111541
16842,38.01617092316801
16843,23.788517865280543
16844,22.226438310581965
16845,52.080554802624235
16846,57.59917188711904
16847,53.063266760412844
16848,47.2351692871129
16849,42.18743421214229
16850,1.9961952643965262
16851,0.9503387064115287
16852,44.12840912074674
16853,55.20175253468041
16854,39.63291492871175
16855,62.50157254451673
16856,8.09062582913593
16857,43.01958176488627
16858,1.0963087967735916
16859,51.538189170677796
16860,18.689640092247622
16861,50.150421480624516
16862,40.738446910631154
16863,41.98849395789729
16864,1.2354178893282963
16865,58.13574478927247
16866,19.66906370312073
16867,40.655164824526985
16868,47.7527359131504
16869,53.600624928920894
16870,38.89647900500032
16871,58.297750742007025
16872,46.22052263601995
16873,41.85329012279083
16874,39.22281206342386
16875,26.225806254758805
16876,52.12811222943901
16877,36.12095398497058
16878,1.4476748598076625
16879,10.20230767683488
16880,38.964530309364676
16881,56.71677678317289
16882,69.73564339209307
16883,72.12810047383982
16884,32.098867541034366
16885,50.03236461303753
16886,44.55934912570895
16887,24.22503465124016
16888,44.631147725454696
16889,6.602128707629671
16890,40.31728208686983
16891,40.9247447700226
16892,63.650773592912344
16893,39.28279122185348
16894,60.493517699568045
16895,0.26274079550274365
16896,3.815115520677704
16897,21.690166461026635
16898,31.12120872072185
16899,26.57198051634178
16900,65.0526514580659
16901,41.61200058839719
16902,33.295174301034244
16903,38.27165928132774
16904,41.63172624203355
16905,32.760259366236234
16906,28.58274489952414
16907,57.46459872911434
16908,44.51024221236949
16909,3.7842877545484903
16910,2.8704647841800472
16911,0.7424005685552402
16912,24.862482732636508
16913,23.10763967549136
16914,1.3371223570523512
16915,-0.1253639926135861
16916,47.55452186542496
16917,49.20604582090235
16918,34.627085318308545
16919,21.85455623578277
16920,24.56594575883395
16921,56.35081753073542
16922,-0.31557189148460196
16923,67.12601946306975
16924,58.20451701170796
16925,34.020716592879054
16926,66.64409190176988
16927,47.232552990713245
16928,41.89573313742379
16929,51.13304816818108
16930,24.801546167758342
16931,2.9044172451196353
16932,58.09270960993288
16933,9.319305002420151
16934,59.442003878101644
16935,43.373558760869045
16936,51.12244885202184
16937,12.279885149294262
16938,48.236718049646996
16939,20.053896630849643
16940,52.91188399816332
16941,0.9424458729097154
16942,0.4487339014841538
16943,2.2490221531181653
16944,26.361659264689344
16945,37.2572910747897
16946,45.54847109743074
16947,67.26775133197822
16948,65.64865541252584
16949,43.814355924649405
16950,13.750080227832274
16951,18.82927968481827
16952,15.157691625290244
16953,65.19706050827051
16954,43.493473644886734
16955,31.618612232523716
16956,60.071245400750314
16957,58.517280008090864
16958,31.25209612589815
16959,51.8654367102048
16960,48.894529464168485
16961,0.43866189374031705
16962,0.394773895192408
16963,53.28152552122839
16964,-0.23712297254097336
16965,45.39954718093641
16966,24.92111378668652
16967,9.59782619891038
16968,34.523652639461794
16969,32.03334645151132
16970,22.434889743972477
16971,59.21339544415876
16972,0.3832497492711724
16973,25.762801803385564
16974,40.50660750011678
16975,39.35579843519276
16976,10.182903074656402
16977,51.13502605363318
16978,48.13823868415705
16979,28.536154915876317
16980,52.02585054192173
16981,19.18888773414522
16982,30.42649743610249
16983,29.715681151906413
16984,48.78385420714915
16985,16.559963263060745
16986,17.873552432090193
16987,38.21971382823316
16988,1.1971373438923365
16989,53.49712099932357
16990,56.20711702358622
16991,12.52703944828663
16992,-0.24733337857269078
16993,22.77194595075541
16994,81.29043793161134
16995,51.962232890527815
16996,21.591063373083102
16997,44.09030358704311
16998,25.595770231146037
16999,-4.076000664865958
17000,63.80153308287174
17001,34.9726895861816
17002,72.6237959877569
17003,29.641913915739327
17004,56.324683009000935
17005,52.64112178809016
17006,-0.22306411762181
17007,49.11453712599665
17008,71.96347937182583
17009,43.75482358566279
17010,16.566254830438453
17011,39.90944731715608
17012,49.05701822907645
17013,12.199863760936488
17014,-0.23500795074027536
17015,51.340404721635245
17016,32.97851393177619
17017,52.71499264085918
17018,1.1441375244400689
17019,56.515720913389586
17020,20.479095411507338
17021,1.6991296360103902
17022,32.3702589151553
17023,47.40680606781136
17024,-1.8788340015893752
17025,51.99299662831711
17026,58.88554373644632
17027,1.010268633319555
17028,35.81802017070619
17029,26.258647978965854
17030,44.24343349084107
17031,13.31105338425024
17032,46.544438470321374
17033,32.664906950493055
17034,37.74442205204414
17035,7.776164306369136
17036,0.4702435612679281
17037,20.290788659273886
17038,47.28389776899283
17039,43.14100711543649
17040,43.83060485377409
17041,32.71446079017902
17042,0.5622770954697742
17043,34.195935543618894
17044,29.64464110324174
17045,33.344788169404104
17046,67.4760856825308
17047,2.198754557058006
17048,54.22013740300426
17049,58.23893799571451
17050,28.07043554280287
17051,-0.38239128890499785
17052,43.57588224913567
17053,17.027380536608916
17054,30.436931835149995
17055,40.46232714722994
17056,35.84442836112527
17057,20.5523511245794
17058,30.322544466712912
17059,15.691666649150413
17060,48.57086878248184
17061,55.84241954304725
17062,48.19156626826533
17063,45.49461275907572
17064,23.98206287530926
17065,0.805962072346027
17066,0.7959975801599555
17067,19.26283382132338
17068,48.699522889504486
17069,56.595156234738056
17070,53.210744970738126
17071,17.65321573039868
17072,37.2064018892904
17073,53.22956671004181
17074,56.97034988108945
17075,59.6576812466748
17076,26.97294414805305
17077,8.425739438345296
17078,56.83078599850346
17079,54.51824627563005
17080,30.50984270120052
17081,0.0338043647323687
17082,-3.7370756411641395
17083,55.67879927890093
17084,57.7168528537387
17085,56.75837830066703
17086,25.425046907168937
17087,6.004118492008239
17088,22.968646589222175
17089,3.3614687142612105
17090,62.428582353580666
17091,50.78010750578281
17092,44.848872405654205
17093,32.26839455544745
17094,-0.9381343225615097
17095,34.96069764921023
17096,56.719084012229274
17097,-0.6239192799178639
17098,44.40052299354611
17099,12.645218133383196
17100,57.92434174791107
17101,1.1864741894426558
17102,24.247310098965418
17103,44.53094472376145
17104,53.96929466331207
17105,3.4549978524776215
17106,25.635453971051884
17107,0.8814093324592633
17108,39.40604670789808
17109,5.399609732347791
17110,21.27654813759035
17111,65.35345761870995
17112,16.49357157995711
17113,0.13308901757438463
17114,46.11962542658157
17115,54.65480046831121
17116,44.69338768589347
17117,2.823836466065078
17118,12.669343872327499
17119,18.26727632375061
17120,47.2443385061214
17121,41.147730679935826
17122,0.36838256121027513
17123,1.2160255716836517
17124,42.66327505028532
17125,3.5054126176265505
17126,44.343731803524236
17127,30.716655833440065
17128,-0.6979742263495297
17129,1.672747038180674
17130,51.15444977319744
17131,43.63274538429965
17132,45.801334717705274
17133,46.75755650221011
17134,24.710342582973478
17135,48.1104196465577
17136,27.12451812122381
17137,1.9923976310932119
17138,37.64829689563069
17139,-1.007680187838453
17140,43.274141593616164
17141,49.53423147943303
17142,37.502528599355344
17143,44.75943141750933
17144,17.195928031220703
17145,45.98247347491393
17146,52.78991632956888
17147,25.57211270688429
17148,33.35634180096465
17149,22.658494963837946
17150,51.91796774990715
17151,54.69498734276934
17152,53.798023446626786
17153,40.56581985924576
17154,57.86977622890369
17155,1.3829367593507946
17156,11.965494425060768
17157,42.46313307961361
17158,45.728226322517436
17159,10.657750542820782
17160,51.89972550567683
17161,67.50624050184204
17162,15.325090965864515
17163,33.228965854756886
17164,26.289151872357905
17165,29.70659822471334
17166,27.280413255494395
17167,49.05967914914996
17168,58.315821186373725
17169,56.349540848421
17170,46.28951795099145
17171,50.40025437468066
17172,20.677126510028614
17173,58.143182877886005
17174,58.955452339283354
17175,65.94622384688698
17176,18.712472398014945
17177,50.221491103589926
17178,44.297272887128685
17179,-1.2818075661803974
17180,24.622386764490223
17181,38.02850824383912
17182,60.03561086042215
17183,29.903534525414173
17184,66.44788783233057
17185,23.516992980759277
17186,25.90535507011854
17187,1.186258690267202
17188,39.02779307343826
17189,27.17937259340344
17190,12.559709196966082
17191,0.9729332619373494
17192,22.50573920383534
17193,10.975813453130527
17194,10.514520945120168
17195,49.42889784750225
17196,41.65475689816233
17197,44.17051956033076
17198,16.37733861643802
17199,-0.29812717995724825
17200,55.192341024787
17201,24.231407980070138
17202,22.956757445502575
17203,43.17945576873598
17204,43.52771736702176
17205,2.261155302257958
17206,38.10206649720714
17207,4.906706912524498
17208,1.186342543433625
17209,4.665826192281134
17210,71.0052118055401
17211,45.278428489131095
17212,35.451398868338615
17213,52.450262353108094
17214,45.850307403040034
17215,43.58313411205924
17216,44.41319855837956
17217,30.985647466761193
17218,47.648924445461816
17219,32.78485649842785
17220,-1.1019118549195142
17221,65.8500313117778
17222,48.12940806503331
17223,54.22053329639927
17224,2.229822341838968
17225,25.204065443444087
17226,41.87653555091603
17227,82.00611773011445
17228,20.964115915213817
17229,0.00023348943103229658
17230,43.477390338853105
17231,38.95145475584437
17232,3.4634365027865712
17233,5.314600345394865
17234,-0.8096605567292272
17235,21.270089987299443
17236,28.1063221250063
17237,53.734030994317564
17238,28.710342310189752
17239,15.965249648424667
17240,26.685457531873507
17241,1.0408092934190378
17242,43.784321206679074
17243,41.95114919209317
17244,29.36803749987637
17245,46.28539438208651
17246,51.23285094725558
17247,42.34607024022588
17248,0.3981789218193015
17249,40.12960074481274
17250,32.12846806879204
17251,29.486925608758746
17252,53.31467549900704
17253,30.66859137791356
17254,54.32207055602467
17255,0.2985272679274189
17256,44.13306876108161
17257,61.18972602007365
17258,50.95463335069691
17259,21.798682017621793
17260,19.86155486771191
17261,1.3959801210811236
17262,66.52461882476581
17263,51.86286566170603
17264,-0.8376766006745271
17265,31.973405860317815
17266,52.75041984322337
17267,10.15065039239887
17268,23.78910187587925
17269,39.34023401616578
17270,21.531731638998256
17271,23.670863082249802
17272,17.83686836551372
17273,-0.3837422868387108
17274,2.1911249501765866
17275,84.33372006883866
17276,50.414086968819845
17277,5.012929966416472
17278,21.12675304279502
17279,44.390396528561084
17280,52.96836298223527
17281,24.670939497288416
17282,73.47923767180811
17283,26.44887305828323
17284,38.3962292815396
17285,17.64200377006108
17286,41.22647355056823
17287,51.689547739614895
17288,25.514818498060738
17289,44.50573994444501
17290,33.126452176624504
17291,52.34390314247115
17292,38.74308056376055
17293,39.89651297668591
17294,2.003856137090697
17295,21.517406381701555
17296,33.55301486004336
17297,3.318905102527882
17298,50.342863965963794
17299,15.895116419434078
17300,17.791975557529888
17301,26.500956418096635
17302,45.693585206464405
17303,43.51101033409719
17304,52.64046329935249
17305,0.3476744310634956
17306,42.15146192633537
17307,11.837293866012505
17308,42.32025560402398
17309,38.71246865787721
17310,5.21555130365341
17311,47.08342976687485
17312,41.558033942504224
17313,1.7391190516012003
17314,49.88529751217351
17315,46.552906483648215
17316,27.465435594526703
17317,42.721758118790646
17318,67.52500760751253
17319,32.12937526960332
17320,31.476345687498696
17321,65.54078061275943
17322,6.32331091418731
17323,21.972930533610374
17324,45.58637754772481
17325,21.899337469900956
17326,55.290602128614225
17327,65.42032871675045
17328,57.40882856859523
17329,49.25157697174068
17330,37.080445089353454
17331,40.35202348379172
17332,59.28177112055486
17333,39.614630878846846
17334,-0.23208452001607327
17335,15.467374014550252
17336,57.209653770706254
17337,30.925696266345284
17338,20.863086709827463
17339,25.224261356207627
17340,14.554813774425924
17341,9.72122960200625
17342,54.13648256650889
17343,20.684024278008046
17344,-1.8413827124150544
17345,17.719474862680038
17346,44.778390147348816
17347,39.114143007258065
17348,23.451147540594466
17349,17.404275538892463
17350,23.603212556463166
17351,5.941391446333565
17352,32.41511533859582
17353,27.634348736937348
17354,23.68796847268706
17355,45.25181577935861
17356,33.33780197593855
17357,41.917170208675024
17358,-1.3147886859801332
17359,42.83515470049554
17360,47.92839705782603
17361,-3.1930510440828073
17362,36.43605293523914
17363,-1.9997236664814722
17364,62.79257605951365
17365,13.428064574570694
17366,39.63098601765528
17367,44.29929772382816
17368,29.210957529701894
17369,6.768155392658166
17370,18.0704090439905
17371,50.755857478821426
17372,42.083068120440274
17373,43.24782243568737
17374,0.396956440761123
17375,42.582887206804074
17376,52.94028440638371
17377,22.848766227675405
17378,15.156233982604952
17379,-0.9237040113872226
17380,52.98946087617898
17381,30.410123185254374
17382,21.98996922296329
17383,61.60121978112804
17384,3.1335524798704917
17385,9.23703971105407
17386,-1.4717159072899335
17387,46.15411774113976
17388,48.25796053264379
17389,11.331221089797111
17390,28.56616597358405
17391,49.589827877842794
17392,0.4704203040490924
17393,9.075351354074929
17394,22.967398647294615
17395,49.1142046504559
17396,51.99147795478153
17397,56.74824556580392
17398,1.7067855183401193
17399,30.46658960414689
17400,24.938741253455774
17401,3.6290863221235803
17402,55.29646217237493
17403,19.96443579152509
17404,19.97509380861615
17405,71.75839357385985
17406,31.77857461254948
17407,22.619481403005736
17408,51.30395795981481
17409,-1.5639801242018478
17410,32.78879875620591
17411,53.49989648629014
17412,0.18515662770229113
17413,50.59835270848175
17414,-0.8320896608627564
17415,46.74132505941316
17416,1.0130009335777999
17417,51.100770333889415
17418,55.7492850428075
17419,26.85841763487561
17420,43.84363331123163
17421,40.42383465879117
17422,41.16294365033484
17423,46.26747076659149
17424,50.558084446112204
17425,46.066469776299776
17426,11.106238175992196
17427,17.656261298809348
17428,38.647840142745885
17429,-1.5765047992668428
17430,0.4466655240459829
17431,40.56811285728689
17432,36.37153501900362
17433,1.212702894372164
17434,25.65039941040884
17435,48.251667276941234
17436,50.135785924489824
17437,36.31524270281739
17438,52.81106485611938
17439,50.7752119743893
17440,-0.031614750803363734
17441,47.29462711616212
17442,41.46831171529905
17443,-1.026744882009453
17444,42.5392662386022
17445,26.87334228478148
17446,23.697475576230943
17447,2.947023408749615
17448,15.143876869038628
17449,44.14626409811546
17450,48.77676736110087
17451,50.88892559097394
17452,47.48863380613746
17453,1.9636970026374776
17454,48.78752207238574
17455,30.482562012884987
17456,23.309682075298134
17457,40.97012965563497
17458,47.674798101209596
17459,42.96267838477408
17460,25.59568232299208
17461,59.11265332307725
17462,56.61937668179962
17463,50.78289033980619
17464,11.775581341406529
17465,-0.6918233772875624
17466,46.49746954969234
17467,42.95810321603779
17468,66.50703599271759
17469,50.42531646220614
17470,32.39716585842872
17471,32.560866639155506
17472,-1.0248618458873011
17473,54.54448240635717
17474,16.463694978960714
17475,22.51784690092886
17476,44.49725318168488
17477,49.58348646519287
17478,55.8725411302537
17479,51.01583941221903
17480,23.389244870596336
17481,7.299119993141911
17482,26.026048585455726
17483,1.544968465484228
17484,39.47489541312329
17485,0.365130529267482
17486,33.213479577306984
17487,14.920263054612555
17488,33.58671118228639
17489,56.33425426173122
17490,39.53658556736092
17491,45.678473992852496
17492,18.147714772226557
17493,47.23801251104862
17494,42.224152548381014
17495,38.64570343650572
17496,48.93439560578709
17497,16.321112850973204
17498,34.6877783694783
17499,59.08477985132082
17500,36.68396896865635
17501,37.693916249127845
17502,1.147758585913671
17503,53.865175487946445
17504,43.20302379362959
17505,28.644282284307426
17506,43.31642669543267
17507,24.11760609345391
17508,29.638840061361087
17509,44.72880849821529
17510,38.14250758080651
17511,1.684110914772873
17512,41.84681020932534
17513,22.293989280631884
17514,21.233599641092354
17515,48.62469686353543
17516,59.07812776216517
17517,55.85010756510229
17518,47.20185026041751
17519,52.04489826629643
17520,43.74014658425275
17521,23.571062517043643
17522,50.24866638003865
17523,12.378278484559779
17524,1.1833991497386407
17525,25.046291093493537
17526,9.603807709135147
17527,27.371644601009038
17528,0.9240620225202676
17529,46.410937072193704
17530,19.969238779987627
17531,52.59703052066236
17532,28.634019154604363
17533,42.575766604934046
17534,46.87883665235634
17535,-0.589174763631263
17536,49.11414990058119
17537,32.040158477063514
17538,49.61295296206185
17539,4.66133231958905
17540,46.551372097906615
17541,33.83458945784598
17542,43.364264996580445
17543,40.35293180042034
17544,24.375440858230245
17545,43.27357040231524
17546,2.0260820245397824
17547,0.35417900419873405
17548,50.58146050716147
17549,37.442788100628114
17550,23.353539867986008
17551,1.2673433310357964
17552,55.41227099478192
17553,50.66375283741023
17554,14.069182546091522
17555,32.57171272426536
17556,45.41474055953148
17557,7.216972819929467
17558,30.479744313937612
17559,0.7688270574753915
17560,8.543304462055005
17561,46.96271912871835
17562,51.98733249637615
17563,47.259093244551394
17564,21.73672549856815
17565,24.74366285836552
17566,4.6075074251876345
17567,51.60818436657409
17568,23.92260329010776
17569,49.43800205307938
17570,2.427721154059526
17571,51.074793320824206
17572,54.423876396302184
17573,45.45038690708703
17574,-1.473119736637173
17575,57.23858324761308
17576,15.350504700056984
17577,53.530172516372104
17578,50.49552230357375
17579,24.457627927773867
17580,57.082856833953194
17581,67.85171985359075
17582,36.19765056710063
17583,48.26190299463694
17584,30.380170032587483
17585,39.75556617237178
17586,54.313315900977216
17587,44.54701085209203
17588,60.77701962378319
17589,1.2638355186977677
17590,46.35775898307193
17591,49.30762666297004
17592,42.3545988227978
17593,45.92675787731494
17594,21.633239960056855
17595,-0.46541697860769204
17596,47.591675292406926
17597,0.5564898450547702
17598,0.6978640276902297
17599,-0.6015803983502508
17600,39.122974218148904
17601,41.84588666834949
17602,51.72449121487616
17603,12.760570053433245
17604,51.83363908743562
17605,17.95346394011861
17606,52.816289582395434
17607,17.897877679087564
17608,75.17520286689381
17609,22.989569286363725
17610,55.81701398821296
17611,34.749060614935864
17612,15.405058627732874
17613,18.162273066157212
17614,64.96071605466233
17615,3.000716190415968
17616,20.165844509886874
17617,17.91896074853448
17618,67.86806647626298
17619,1.7451184017598038
17620,54.873294956623305
17621,28.20165794353239
17622,47.176567013684455
17623,56.915703088895995
17624,57.2619281677644
17625,43.63739263417453
17626,29.483088769822047
17627,-0.5138898924931965
17628,51.52527515667981
17629,26.92560520586229
17630,59.35322587778066
17631,16.636917433070238
17632,19.96785649916412
17633,18.426335956500456
17634,49.9183036869727
17635,1.2335925825011245
17636,63.06958340733571
17637,39.21600579054177
17638,38.71889363197069
17639,16.054288986314866
17640,49.5187586950553
17641,41.59508492855515
17642,1.5770568918780974
17643,56.5257719587259
17644,11.682301967669428
17645,5.935208376959061
17646,34.5431549825852
17647,0.7333945138929963
17648,46.01982222051758
17649,37.26987706136123
17650,52.851334895466536
17651,43.03419986615033
17652,56.40472673308258
17653,24.364028575435917
17654,20.63125484865848
17655,42.49127964580573
17656,52.90739199177314
17657,63.774975864157796
17658,46.87533806192759
17659,55.50536252450579
17660,54.81338825869713
17661,56.98777675201026
17662,42.96962665197128
17663,60.578377243510104
17664,38.91710894853711
17665,66.69334663288888
17666,40.48905663990904
17667,1.3364092985598397
17668,44.38320558435163
17669,34.563390847282264
17670,48.9967319597146
17671,34.63901698157656
17672,63.44463335780456
17673,54.78007732528749
17674,56.039647371318075
17675,29.52142722002832
17676,27.711489805324934
17677,27.155708757062584
17678,52.467256359577476
17679,0.663906399296252
17680,4.578340184066761
17681,40.14417627747992
17682,42.621062005172774
17683,46.64169316557951
17684,34.67504317753543
17685,19.002122620228675
17686,0.8821963557764008
17687,26.773754975211837
17688,45.16600414796343
17689,63.07751243409986
17690,0.19418582808310703
17691,-2.9680033390772564
17692,31.17799344284468
17693,12.90867281365059
17694,52.352684614687284
17695,57.72413148135904
17696,2.325884369185811
17697,28.472697384933277
17698,41.42648103809214
17699,42.00132872000321
17700,21.10436641745221
17701,24.43696693514309
17702,24.98376907340191
17703,37.85090797068808
17704,2.1011588920064597
17705,58.2674830339291
17706,4.976741581136903
17707,48.205011541905016
17708,1.9401264333641848
17709,52.96835083391154
17710,51.963816601559586
17711,57.969861583596916
17712,0.6629359360243114
17713,-0.8613707854170514
17714,41.070519625581575
17715,27.080701144443488
17716,24.782285160480242
17717,24.866069415957
17718,52.404371429496315
17719,38.116738201149865
17720,22.605415810787093
17721,48.10660758473601
17722,40.90918165618054
17723,14.332251009353474
17724,22.803786583117315
17725,43.100309872449344
17726,58.47111922744651
17727,48.181729168098656
17728,3.5740996460487438
17729,63.056166947576514
17730,44.62732846013711
17731,23.374805407696684
17732,20.868741740075393
17733,29.31727900529767
17734,11.224170139407455
17735,24.136984597127352
17736,19.864239996756822
17737,47.86825665429972
17738,23.36674761130662
17739,42.39146184334568
17740,22.436039782792403
17741,24.37081065277581
17742,56.488307010783416
17743,1.554843842861608
17744,17.530819063451734
17745,0.15202288220152838
17746,0.14367165395581338
17747,48.275977533737105
17748,58.489591518010634
17749,50.78113451138027
17750,16.2415746699429
17751,0.8003047263590233
17752,39.22945120009595
17753,3.905452608100859
17754,15.245576496107244
17755,38.074076835713775
17756,61.165147753298086
17757,51.931794268785794
17758,0.43070042155493127
17759,55.77521953296396
17760,1.635014949592506
17761,0.06985531808675205
17762,24.21088714423741
17763,55.51128524714264
17764,0.18757341019746576
17765,21.688771645176256
17766,53.24326713090894
17767,54.99763639970355
17768,-0.03104029622343063
17769,47.15853933102653
17770,3.4112541543576924
17771,66.2211425243696
17772,23.02159481269289
17773,-8.586364270809135
17774,0.28974168427853186
17775,47.47017396953254
17776,-1.7728464079968447
17777,23.136936822502136
17778,49.893305955208675
17779,34.09899335455901
17780,23.598197253543436
17781,59.02492563693845
17782,-0.42712187822414194
17783,58.069524950703986
17784,20.881500564014566
17785,63.51692369981546
17786,26.156627320648187
17787,25.969747142777425
17788,19.358277325538438
17789,19.37204310455744
17790,22.616499986126698
17791,42.54800189905733
17792,46.30641139316752
17793,3.0346674274300263
17794,56.98654211230068
17795,41.07144092679334
17796,24.503685413304577
17797,31.110542223574605
17798,3.4196720536071297
17799,-3.7902790224965486
17800,55.1072956577798
17801,45.79280388476529
17802,2.161657914352851
17803,49.33350152369734
17804,57.48408977141734
17805,54.51346395098595
17806,43.1247612640746
17807,37.85685642014749
17808,21.579972009609257
17809,41.340090151906985
17810,39.999520866842325
17811,46.26107972815247
17812,23.69388534423628
17813,60.26620813455034
17814,20.061765505448093
17815,16.115115688062374
17816,12.47394227487942
17817,19.079191997230524
17818,2.2007991008410173
17819,56.005465419140165
17820,10.17073207251963
17821,44.82666846301858
17822,69.48865793297804
17823,52.78753258509956
17824,31.02936995500013
17825,18.57225385654492
17826,58.97057468365442
17827,31.037987135219545
17828,42.456818834111395
17829,1.2595981087103851
17830,23.10946506639021
17831,48.58896891383748
17832,13.334386508139367
17833,28.113782351828803
17834,-0.002455885150070003
17835,34.06889152251888
17836,69.77896384710456
17837,52.75653268710046
17838,44.48618330789797
17839,13.724575190537788
17840,46.80521935992867
17841,50.616924686110174
17842,17.913877505196865
17843,35.31725952007427
17844,6.15833235799434
17845,72.87539819314875
17846,57.986219444698385
17847,1.6939013591032754
17848,56.67482802272974
17849,18.111662272632437
17850,60.121118960904
17851,1.1386470227031253
17852,58.064365787342396
17853,48.8356648071215
17854,25.27299661057424
17855,52.2248315317774
17856,46.13997868924489
17857,0.07153327349052319
17858,28.513354175609607
17859,5.734787399104736
17860,46.94920242991762
17861,19.442801888184558
17862,50.466239488397264
17863,6.8678898214253365
17864,45.72694474743257
17865,22.658056185185647
17866,55.7279212530501
17867,22.20437282962656
17868,56.941445617131095
17869,39.21187134069066
17870,17.233666857755036
17871,21.493057405863645
17872,53.62418696088974
17873,40.47339590707389
17874,37.791708412990964
17875,22.639422039850494
17876,62.473418104605614
17877,38.77063745099329
17878,41.46610777889474
17879,42.57559796863073
17880,-3.4169037894473675
17881,29.610863670479947
17882,13.471826576503599
17883,56.369116698982964
17884,52.62619543583254
17885,42.71731974775304
17886,0.42666412918899965
17887,61.338848019191154
17888,53.4262960379061
17889,53.740471930409925
17890,19.619335758093406
17891,38.17130732145196
17892,44.96868944675034
17893,25.703371991159706
17894,0.39594125541604797
17895,20.051861972632235
17896,1.4105480539945674
17897,37.49096152802538
17898,1.3803457915274855
17899,26.479680587482356
17900,57.006730556185325
17901,50.39795441910583
17902,47.55708788506377
17903,57.184348433952714
17904,49.26680544168866
17905,32.15288311301511
17906,48.699681920980396
17907,66.93920691972639
17908,56.491201676852434
17909,34.1469148298705
17910,49.620743764275645
17911,-0.3124962546514496
17912,50.576601176210865
17913,60.47518945949751
17914,24.276115703670946
17915,31.517302406522337
17916,42.72548521656154
17917,13.779983448173066
17918,2.302689454569766
17919,25.888951443313342
17920,-0.1556962396492736
17921,0.9647403438424078
17922,7.872761639889156
17923,50.103458616442964
17924,1.2937885906595668
17925,2.1000083308171504
17926,19.67794335852945
17927,39.35723717567607
17928,24.243355574776487
17929,31.289722015162486
17930,50.73674579170178
17931,1.3026429667375403
17932,20.83726874968917
17933,46.32102940665664
17934,50.74225277317436
17935,34.48197886939081
17936,42.01450517741498
17937,54.48847854730711
17938,49.73057446055718
17939,51.14449775136941
17940,51.229584377378025
17941,45.262254066274146
17942,38.09440034743486
17943,66.74358874589987
17944,80.50563472808841
17945,-2.2528846873356585
17946,41.769363547014656
17947,-2.831932352773741
17948,23.020373944182808
17949,36.46342450012108
17950,30.90698046754239
17951,27.825576429438506
17952,43.92956637307789
17953,42.509690296959604
17954,41.675348353906614
17955,32.57398874145674
17956,54.73396431720571
17957,50.005229434828124
17958,20.86855845177522
17959,41.61562665663071
17960,38.965035619837344
17961,54.812448621351976
17962,21.30618864920514
17963,25.451020044065956
17964,41.253926834489384
17965,37.467413498449204
17966,50.78779022790195
17967,52.22364982411993
17968,29.41639356045554
17969,8.681421044869392
17970,54.920732716696435
17971,59.575401972457634
17972,58.29397360805093
17973,54.965553306861295
17974,69.90460012645582
17975,16.835969531533724
17976,23.476529926736823
17977,4.885847078826625
17978,44.016576851462304
17979,23.08968691447783
17980,59.0684595760675
17981,1.3526662160425467
17982,49.89116623446081
17983,3.898796428459459
17984,45.86616678989954
17985,1.6866181714479929
17986,50.030169123760814
17987,70.37073107732533
17988,50.58020859719191
17989,60.82383188743991
17990,71.64189757234969
17991,42.352004741513525
17992,42.59046567631565
17993,40.899913988479256
17994,32.63127495168019
17995,43.42193858112573
17996,60.97050590075414
17997,0.6735797023879755
17998,-0.19313966068317256
17999,55.885528337832284
18000,16.5349441675539
18001,-0.7713046637910352
18002,52.47262581880308
18003,45.31878198320071
18004,36.05036507795252
18005,46.33120421195964
18006,53.430300218819866
18007,41.78003509393815
18008,49.594790477795385
18009,22.95333804547979
18010,42.855487635914756
18011,44.35604618215658
18012,21.635454225657817
18013,11.497874841489946
18014,75.43730603760949
18015,0.4468096297602244
18016,43.30069151251956
18017,45.229018757734494
18018,1.0778905802765806
18019,19.446857836556138
18020,68.34521377262308
18021,42.90923838360605
18022,45.35152838628209
18023,21.124432980296973
18024,42.657920004290325
18025,38.520887746202874
18026,35.89676889849738
18027,26.238145246583144
18028,2.9416397751192065
18029,23.232944833860433
18030,24.535570958158022
18031,37.368329912472184
18032,-0.4999802683092369
18033,57.9788283329553
18034,0.5945105312763701
18035,46.804285828763334
18036,76.06594149017525
18037,50.144080247024945
18038,40.79256313645234
18039,2.073646317863375
18040,39.795139996934694
18041,45.534753049881715
18042,0.9849898124493564
18043,4.52581559396938
18044,29.054189141443885
18045,21.97097769212279
18046,7.074923602352001
18047,22.17419411055718
18048,25.99109618311689
18049,41.60691414223974
18050,34.47480806993861
18051,9.894487048048546
18052,32.702185955492354
18053,52.91098414102548
18054,38.13096953674997
18055,43.21819386321259
18056,33.786992249068135
18057,14.274388313468183
18058,0.7094181318555215
18059,69.99079049231861
18060,0.045396372965925025
18061,42.00113695636492
18062,24.718488468579256
18063,45.682930807514815
18064,55.61679681513342
18065,38.10563841511976
18066,15.162882382896012
18067,0.9475283840006128
18068,31.450110168223297
18069,35.28809729866855
18070,41.259642369981144
18071,-0.4942775283038259
18072,26.537904393531576
18073,23.092622950560823
18074,19.81580657155535
18075,31.510269418576026
18076,4.381852594345585
18077,47.534569168202154
18078,27.897442880570807
18079,61.234555975952006
18080,33.14849445864079
18081,20.86816468187451
18082,53.27156562470063
18083,0.4932843465989052
18084,38.294304798143195
18085,15.088995539027938
18086,49.10066054913736
18087,50.87453564998766
18088,35.4651219670049
18089,34.736318792507866
18090,43.121339003037804
18091,53.02303720409358
18092,48.870051887307625
18093,29.14867483303015
18094,50.532815098457945
18095,30.903924025392318
18096,52.16915267843989
18097,41.05153667253566
18098,35.6033598284515
18099,3.7639894194859522
18100,45.841092836702835
18101,0.379281654008615
18102,52.16919495181457
18103,15.985433103461304
18104,20.643087809208836
18105,21.807949913675294
18106,58.4814677532215
18107,15.2787330751537
18108,-1.098262262288678
18109,25.680734491782857
18110,57.169538652327205
18111,58.76562774695837
18112,68.00915181827877
18113,59.905770054497594
18114,54.57090176891645
18115,-0.03258347736306888
18116,25.218197729718305
18117,44.725829111164
18118,58.60081626863857
18119,52.47132232626534
18120,52.146203070190836
18121,68.58865525585195
18122,0.27624273877690797
18123,39.24415283379304
18124,59.64197276015084
18125,16.008027616012466
18126,0.24103702335936816
18127,54.89368543674496
18128,-1.1152027357951155
18129,46.1913608993102
18130,45.376205862426374
18131,5.230261602704189
18132,0.17040094809189554
18133,0.8962231369622273
18134,10.378883319653063
18135,48.53671961986319
18136,42.669220603555246
18137,14.757100701952258
18138,50.18635496372568
18139,48.99026408498349
18140,51.99250158840957
18141,2.272256130043573
18142,49.540122198270815
18143,30.27521730850175
18144,3.919623849196082
18145,53.205461321606464
18146,50.423553615664915
18147,47.475852693943956
18148,42.29271284935899
18149,10.31540746326618
18150,54.103732143852575
18151,22.379439068274557
18152,60.248957254881304
18153,30.163565916313665
18154,52.994138309591186
18155,43.50308042578279
18156,26.969448628160507
18157,73.20822890035876
18158,21.911844995309
18159,20.081462428831905
18160,23.59929188542116
18161,52.55300026788262
18162,45.972959053306376
18163,67.54473590899232
18164,45.34021328940965
18165,56.79572605854567
18166,51.92980032919448
18167,32.35455494157646
18168,1.9681467292569472
18169,-0.9951123385239171
18170,20.992016518984386
18171,43.45961863434688
18172,58.119828539590415
18173,0.9979362309220647
18174,49.652662708522854
18175,20.71331811419737
18176,3.020608564421977
18177,3.384099894157888
18178,52.97553439742646
18179,44.18051551075461
18180,32.608702096433255
18181,20.257481584453934
18182,58.21661304248249
18183,24.589772657673926
18184,49.700562957695894
18185,40.39835991115549
18186,66.77465702935672
18187,46.64494424869402
18188,72.89790442213058
18189,45.01771661392702
18190,56.39841421485144
18191,14.209948317966543
18192,39.63920366279949
18193,40.71584411130675
18194,51.93875164644728
18195,41.100250128115334
18196,49.480700225069015
18197,43.32565375430607
18198,50.75590583779173
18199,54.2688359513115
18200,8.155990772261482
18201,56.759271604470534
18202,24.357109228921992
18203,45.85558400438321
18204,62.08473223270833
18205,24.25525592760387
18206,2.5988395233961725
18207,48.10076143265469
18208,47.73444861299539
18209,30.20938830270284
18210,35.950507469338504
18211,2.8325889556005137
18212,15.582326687965857
18213,37.09875446424245
18214,46.09080787043654
18215,44.8667359520562
18216,54.337244741703216
18217,36.44744848273098
18218,40.71094762416017
18219,51.553859546375925
18220,46.29769835157485
18221,35.47682597084574
18222,0.29017122960603814
18223,60.09309311987511
18224,21.0432650281899
18225,27.399962568385718
18226,59.895866731430736
18227,40.116667247820494
18228,12.599884103168883
18229,59.222588454084125
18230,28.251155455901316
18231,52.166575579662755
18232,23.778284998221643
18233,54.88783896099172
18234,50.19606594749874
18235,2.073024845876592
18236,21.274073910851
18237,41.72260484182882
18238,-0.4111988942970015
18239,50.72095962030778
18240,0.23111519213279053
18241,25.504965641784363
18242,46.01632656806412
18243,60.04052497495939
18244,29.15907747432449
18245,17.804700271007484
18246,57.24215627342071
18247,48.433674400507485
18248,61.124566225995125
18249,50.24716133963859
18250,1.958821761607517
18251,21.8613610753268
18252,47.12503219765181
18253,56.99244921986636
18254,0.7383595519942432
18255,41.553888626643996
18256,59.124391572831954
18257,3.9237561430446206
18258,23.25830029048489
18259,41.555956006855965
18260,37.493399909313354
18261,43.46366732379541
18262,76.61693650704599
18263,31.603453735227813
18264,22.765401360089935
18265,62.814003549450405
18266,22.231743721922882
18267,1.6375276534253658
18268,1.0265046329091376
18269,0.18325190167473693
18270,17.51981542889235
18271,15.892003426031671
18272,23.29463686654148
18273,53.78591669761512
18274,0.473473479111405
18275,44.813816128401925
18276,18.682593137255132
18277,43.28083151266172
18278,58.52384517492368
18279,31.228427421422996
18280,23.49575327083894
18281,23.036759050236387
18282,22.36775032449554
18283,51.81731600305608
18284,41.156812937655154
18285,48.89592502959605
18286,16.66315964682307
18287,57.55206979082374
18288,42.40435564750571
18289,41.20639308607966
18290,43.06598444470004
18291,0.55239450020823
18292,4.278404801668948
18293,48.904940856989484
18294,51.087131202394346
18295,0.518702876900214
18296,0.29305284001926424
18297,28.68124907892166
18298,45.359102758751206
18299,46.5160428010116
18300,49.897078315259265
18301,67.82579448002522
18302,2.595262145985643
18303,0.5599912234688631
18304,21.894784883687322
18305,30.678016361657743
18306,25.050390022728585
18307,51.79425387154593
18308,1.4246057393332379
18309,55.18169231720428
18310,40.110259586927235
18311,47.377863836155335
18312,3.1055218131423565
18313,12.665048598623503
18314,38.258406327626886
18315,26.11884402470193
18316,1.4283213891770785
18317,50.67479538362386
18318,20.26882995110011
18319,21.494141073993227
18320,1.2346376936106935
18321,1.239169042309939
18322,33.67098115179925
18323,21.052275990032534
18324,42.59133399759884
18325,3.202298239274775
18326,24.774885498900943
18327,26.52184308246037
18328,1.645159967767789
18329,56.39085815763965
18330,25.14780429848375
18331,1.5502852587552027
18332,26.041312819091683
18333,0.4625673704723141
18334,48.73179541245438
18335,0.1386113467610457
18336,1.1725114429931622
18337,38.94160217307443
18338,43.36155461795863
18339,44.21145717336445
18340,-0.3222103188396801
18341,60.89411670041869
18342,-0.2706435710587485
18343,35.018559336021085
18344,46.903262342796474
18345,5.747828608454281
18346,51.22681764708874
18347,5.010776833370059
18348,45.35244962680741
18349,53.65074898165843
18350,52.36886462224569
18351,29.043505509317313
18352,48.30256040969567
18353,3.4185144418805145
18354,43.205880977179
18355,3.226459787608249
18356,15.149370883828897
18357,43.34692363194449
18358,63.28955536956525
18359,58.59240021308829
18360,35.778292669211325
18361,48.61489317892931
18362,45.43314352004712
18363,58.97713519836865
18364,21.2640835538741
18365,56.27141246213992
18366,0.5384221000043823
18367,0.11496248786244934
18368,44.186282003658405
18369,34.62941663196835
18370,13.252306477270732
18371,24.58819054731245
18372,41.76154332934634
18373,22.55412786730158
18374,45.694827969694884
18375,34.53093299463427
18376,44.96465730132733
18377,50.354356755238726
18378,55.676506921761614
18379,50.10742981000634
18380,53.4283251231942
18381,10.968128070922187
18382,16.978169694975072
18383,30.216333330186202
18384,3.0487739450646956
18385,32.21121817860738
18386,54.35960980809767
18387,51.805976468738336
18388,0.8383982945605908
18389,13.94889242244668
18390,47.01240506542064
18391,1.7970577928175793
18392,52.387387495799864
18393,25.920911778718345
18394,35.088804425695066
18395,47.10618708822188
18396,43.63977018395764
18397,50.43252052857173
18398,50.092283227033796
18399,51.96384140701177
18400,33.76943396294909
18401,41.849302040415296
18402,52.10501720653263
18403,26.074375601045887
18404,48.450007183058474
18405,78.91842002176551
18406,44.81845052042002
18407,55.5225945608584
18408,57.251239068788266
18409,34.19209991050267
18410,55.08686023130312
18411,48.336279410026684
18412,31.284883690174627
18413,49.52074282610417
18414,42.57412377481932
18415,53.632766207566185
18416,66.81339243643248
18417,47.73678498762331
18418,55.54110503297461
18419,52.652821362669314
18420,31.17077215737263
18421,57.645638665768544
18422,45.05657421114096
18423,48.059183378330545
18424,31.501110941472962
18425,0.05443813272374598
18426,20.49814455046693
18427,44.35331128055849
18428,18.84033940444052
18429,-0.003167773707694721
18430,6.984444945869807
18431,0.8987807133588674
18432,63.219168629872456
18433,52.145191211002185
18434,57.358274733131694
18435,35.08227988323796
18436,49.031447264571995
18437,19.228008567121204
18438,47.00218011418497
18439,9.734434386189736
18440,35.311107020202854
18441,0.1485385463854385
18442,51.48684005775801
18443,41.37224630291508
18444,20.84175969264477
18445,41.07342901369341
18446,46.05682350538111
18447,0.15383575216132783
18448,27.261895996556582
18449,29.0870682622457
18450,2.7506450399960123
18451,27.59790289254674
18452,10.091211221489466
18453,29.487137918463105
18454,41.56518761960809
18455,8.173947738312513
18456,38.57614008561767
18457,38.188568983498755
18458,-2.027981373652217
18459,22.099651827782715
18460,44.96915920664736
18461,0.573775559280655
18462,1.731866058059925
18463,30.994339182079436
18464,1.3358041649587982
18465,49.26486850713539
18466,46.30587039784875
18467,58.12276962710673
18468,27.87040657720539
18469,54.812178689706286
18470,63.55684033266472
18471,3.089866815345424
18472,1.9177844945869857
18473,-0.012274348084332587
18474,27.001458923364815
18475,46.70083629366458
18476,48.46093674529092
18477,1.9088494738179023
18478,49.46920298119697
18479,40.730118237290895
18480,41.76840525742939
18481,45.670126161461184
18482,65.29849262856989
18483,25.725247967229063
18484,1.371942128524406
18485,35.04264392741172
18486,58.41051740610803
18487,58.31841748674579
18488,26.938617785298845
18489,47.849577871978795
18490,45.131694894983724
18491,51.39118716664288
18492,42.818779773982776
18493,48.8761004243859
18494,46.977662717011825
18495,52.146246617404
18496,21.253854371211517
18497,25.704382009963226
18498,1.3809368291795607
18499,29.459922078832214
18500,42.02149834069515
18501,0.07408904241352587
18502,57.61302085047792
18503,38.56740929525118
18504,42.13558906247564
18505,30.00489390515577
18506,52.31230050449866
18507,73.18390050591738
18508,18.652890806367452
18509,0.29348132062633425
18510,41.82399240943264
18511,14.211950279331134
18512,45.97795008285655
18513,28.768226305458754
18514,45.96696335759974
18515,37.736561449483034
18516,51.294266330902005
18517,49.67198681377066
18518,59.63376636153928
18519,10.726015142021051
18520,35.54443950947471
18521,29.40242057257219
18522,65.95206749939595
18523,42.02791588389618
18524,26.037476091018814
18525,0.16173531458434098
18526,21.29156496858858
18527,27.218373543642336
18528,28.565330939977365
18529,24.653144676203105
18530,21.989319748572832
18531,74.34905050803869
18532,51.718943875404676
18533,24.62299467940831
18534,8.022275526659506
18535,43.39217848001985
18536,19.91763002821472
18537,7.513551734558725
18538,7.678768578337177
18539,26.92093765612123
18540,53.67922702359654
18541,25.706670386695183
18542,22.78795722700945
18543,52.20025207881305
18544,14.62161696221927
18545,2.0939216808534233
18546,24.476822848481675
18547,49.912200456519045
18548,22.142245866797513
18549,23.694975632612945
18550,8.808923575712065
18551,55.11382251416165
18552,46.084227152783484
18553,48.963762573859555
18554,31.54220514796897
18555,28.391279442813957
18556,32.97244442104609
18557,20.7045181277306
18558,39.12375893335055
18559,14.676881335190394
18560,-0.7166441044964884
18561,55.67793361421073
18562,28.495487851225874
18563,52.54147184337446
18564,24.00620824878494
18565,50.62787336176428
18566,63.48004136276792
18567,45.888328878482355
18568,40.998144233726705
18569,50.53747653910662
18570,18.768505358694405
18571,41.48967318938375
18572,60.21852897720274
18573,-0.12195885760158376
18574,41.691805203889224
18575,22.153253281142547
18576,52.219499446548426
18577,47.13423218923617
18578,29.168150623923857
18579,44.677200976060064
18580,41.26447589648906
18581,27.112381710206908
18582,51.40182238653723
18583,13.502777771774714
18584,40.79692368013373
18585,27.33472387339774
18586,41.52524314683752
18587,56.07526520558818
18588,27.01016786528809
18589,39.65601478471376
18590,50.07061919872959
18591,58.3480009839287
18592,0.8206720172813249
18593,20.53154525742997
18594,44.42165623216783
18595,57.99686768762143
18596,41.69920184216229
18597,69.91450586630448
18598,46.8199718338812
18599,41.627056885578945
18600,30.89732919848014
18601,19.30829753050237
18602,47.31316398110868
18603,54.46511287596135
18604,53.17742086141216
18605,39.366714276957815
18606,49.36504741262517
18607,-0.7867152552297298
18608,2.0694658813214666
18609,48.35127217633156
18610,18.80003069755623
18611,63.3824156162208
18612,35.647119915706604
18613,39.81850910543
18614,1.550418780111137
18615,42.44195550135275
18616,50.59806422619184
18617,13.23793106955005
18618,45.03098186084997
18619,47.24772071791984
18620,26.159844540844684
18621,5.885648014121795
18622,56.28927707625422
18623,26.991908869389103
18624,51.55690598278591
18625,49.578331481569904
18626,30.61338836656363
18627,42.20743655782958
18628,28.600698809759262
18629,-2.4204446071576555
18630,76.43996143772517
18631,4.058506430211157
18632,64.65987080885373
18633,26.19017337723166
18634,46.856283119563436
18635,22.658849556100773
18636,59.97594934488836
18637,16.593502124225626
18638,19.553076434588654
18639,50.31883746407858
18640,54.312034815191325
18641,-1.0295542285394248
18642,14.635363167309666
18643,0.42112213514356256
18644,24.26629826851385
18645,14.768782949280343
18646,26.17893541900872
18647,45.485093821372104
18648,54.799832118276136
18649,13.333532548409543
18650,60.178136747220705
18651,57.098659515529036
18652,10.975502048101326
18653,-1.0736632391543282
18654,0.6856883907614417
18655,55.00923353055913
18656,47.5132565127697
18657,0.5829641311125044
18658,43.310422353927564
18659,21.790184036029455
18660,46.43740042974679
18661,76.78885646006802
18662,53.25998232067349
18663,22.650274505664964
18664,52.69965026193054
18665,46.92330823832403
18666,0.5941070251456253
18667,49.59356728997477
18668,32.86455170531898
18669,32.65110231368095
18670,23.57695950221896
18671,49.64205414402793
18672,2.095578537170173
18673,12.064070815896866
18674,23.15430292814503
18675,38.576409907020675
18676,53.23979642196974
18677,51.47287105636184
18678,14.829396818391707
18679,37.38328805823761
18680,43.29496454234366
18681,58.7366876754365
18682,83.88144046565135
18683,17.155097715447138
18684,41.759805698831975
18685,-1.8420042947209225
18686,55.01602979457404
18687,18.062159707675306
18688,46.18355196124567
18689,38.767131405440935
18690,42.63598109473887
18691,16.46354543546858
18692,0.03832778178860963
18693,2.0800484961943653
18694,42.75672023457623
18695,7.910583449160054
18696,35.74494154035195
18697,22.00405387899542
18698,-0.30708018983686713
18699,45.46541589643562
18700,21.028095429885262
18701,0.6338214199969983
18702,2.9292481151442615
18703,54.54873285661289
18704,36.72445877118537
18705,74.69590174245761
18706,37.6900605998741
18707,-1.0942632122194738
18708,28.090206082066505
18709,24.146723654094714
18710,27.82399285373657
18711,49.50763077409397
18712,18.317636804358596
18713,23.775090992023046
18714,40.24210018819677
18715,40.250077976167425
18716,1.7067776785438475
18717,36.11508003947351
18718,28.963783475613777
18719,26.165574128954134
18720,0.019458319481969966
18721,44.07893043275096
18722,40.45722690401491
18723,-1.1297872675047174
18724,0.4012303697241464
18725,29.399701395662145
18726,46.12460526181789
18727,27.99581478784574
18728,0.21595602404308067
18729,18.867794704287743
18730,9.534799686175411
18731,24.6657364684228
18732,1.7846515446106501
18733,45.756212571337905
18734,26.680650447592825
18735,24.696812927958923
18736,17.229127627592767
18737,17.23686818239556
18738,18.510649139122872
18739,44.17280470787978
18740,48.9127937343267
18741,43.47426001556833
18742,42.11611839922676
18743,51.727179963706014
18744,40.18506186533653
18745,52.59794657609254
18746,40.028516716547905
18747,66.52265479051024
18748,17.39637467080826
18749,20.685424339999813
18750,40.00488864727096
18751,49.28090762192154
18752,13.209579438577759
18753,56.68870259577441
18754,28.41990317707917
18755,1.4401530475899413
18756,12.34287146194752
18757,35.37078692681574
18758,32.75937427401163
18759,45.122091139149745
18760,8.274248744964883
18761,48.357957114617435
18762,61.30193403136604
18763,52.4705242207623
18764,62.67243943334299
18765,44.23115880658739
18766,45.97178651574661
18767,24.141488659397897
18768,25.0166907250722
18769,28.0800198285224
18770,45.697248618596255
18771,30.77998471024909
18772,46.822637885090685
18773,19.968067622259902
18774,38.7267694428948
18775,43.52829684247564
18776,21.152514355265957
18777,46.516579570557184
18778,61.77781797284794
18779,46.519586156870325
18780,16.126767392408635
18781,18.87460564723427
18782,34.868718753451155
18783,10.515571507305971
18784,42.45807650761972
18785,45.27084336314511
18786,34.54374182584412
18787,55.76013039045624
18788,42.903723559175916
18789,53.18518451074743
18790,28.242791800030272
18791,0.7032442809837463
18792,54.291239790938164
18793,0.6490725555251018
18794,42.747661920547294
18795,21.61961681849565
18796,-0.36037685326486724
18797,25.788500187521404
18798,27.549541003121455
18799,20.93085946835876
18800,23.379370545357165
18801,43.29340284621803
18802,25.358677270068796
18803,41.984692850566596
18804,13.643345362674534
18805,30.159013891581107
18806,30.551974441287918
18807,42.73405867620704
18808,32.984200267733506
18809,0.3788756496327039
18810,32.75925499124715
18811,16.298499794336422
18812,4.291856288261265
18813,-0.7610808885584035
18814,23.1948142552776
18815,46.416321924517796
18816,37.978792452764246
18817,47.61527626742235
18818,49.65130712052187
18819,48.464906792719475
18820,3.889131079443626
18821,0.7875610881011426
18822,72.75304772335771
18823,53.44019254014831
18824,45.062415741628094
18825,3.2065435350111464
18826,2.167857180185223
18827,50.545414970529635
18828,63.385598479713465
18829,43.37756909878604
18830,31.58049191559597
18831,44.1708473472457
18832,26.444304509665294
18833,19.087018634802455
18834,6.3390385156791496
18835,44.06866127221215
18836,58.16661300790901
18837,34.46596657882744
18838,44.45756274049254
18839,25.36842278578264
18840,53.32335186831597
18841,18.45422886946931
18842,50.393975134949194
18843,26.580834480254833
18844,14.758225510597175
18845,18.453756130596354
18846,46.198718969248596
18847,43.78091201057566
18848,60.539763034558234
18849,29.480614152734294
18850,38.12535653859653
18851,12.332925578195574
18852,40.237727452203195
18853,41.554530799488624
18854,4.463277531019081
18855,48.577515843479716
18856,42.822105884296306
18857,62.89274297169953
18858,6.995008220521225
18859,49.44106487595239
18860,43.399598638240036
18861,1.680338278665488
18862,51.78453346219031
18863,29.020474972682766
18864,64.50836049316035
18865,36.2303673010718
18866,17.291336649185006
18867,34.8530871759243
18868,1.9129637476664811
18869,29.793211322618443
18870,59.60222917782242
18871,24.868733797979708
18872,45.02024887797154
18873,66.19028438403436
18874,61.95748586326513
18875,31.09548618811398
18876,16.31731534609225
18877,50.290196156843066
18878,40.91069959532046
18879,59.146129621262595
18880,31.039397699884386
18881,42.700524016008046
18882,44.93257831960318
18883,4.772618700865603
18884,52.290235495074604
18885,28.33051154961376
18886,43.37313935911054
18887,21.329811832658123
18888,60.43833724615354
18889,47.4971590772218
18890,43.70247797871848
18891,24.23195294055973
18892,27.50501931186418
18893,44.81338203399926
18894,91.69253468650797
18895,19.518271437915473
18896,39.85334864209439
18897,40.79468190713857
18898,48.90632075057821
18899,0.9801164337754784
18900,23.778847272081002
18901,40.50488300342588
18902,68.28276461885902
18903,-0.26724876263638464
18904,54.06420270261735
18905,50.91361434530397
18906,37.07482990862151
18907,46.07763253780983
18908,-0.34084928912002255
18909,22.436608692172364
18910,58.044783872181796
18911,22.088612293739523
18912,18.18651555308263
18913,25.810062930761585
18914,25.840504545345407
18915,53.651774141262315
18916,22.77890499928342
18917,12.822363194238779
18918,19.729405311928442
18919,48.4368140785619
18920,41.28428034621999
18921,53.37727692311229
18922,29.499178549215852
18923,42.98425436933669
18924,5.529197251412423
18925,45.80410019348862
18926,2.724765494412612
18927,79.60080586262535
18928,28.09148503220776
18929,46.52540333321286
18930,19.935460743159858
18931,54.47825377817025
18932,43.78983014014477
18933,19.227958796059397
18934,40.470387497918125
18935,48.719316755116814
18936,46.63560645917711
18937,48.327051170858454
18938,61.91315717777171
18939,22.84661728939888
18940,42.87622778686823
18941,56.32012517334154
18942,11.788613631859004
18943,34.19929265810727
18944,47.67427229980735
18945,22.55171482133581
18946,29.389838129257047
18947,47.734799458269116
18948,48.86714908490088
18949,8.3992140869878
18950,13.0732961952274
18951,25.896523723124538
18952,2.034521144428549
18953,40.528672875082215
18954,58.86088742505514
18955,49.45289686380356
18956,-0.0966748019863104
18957,48.55866152733312
18958,33.90725636679609
18959,42.71393073232355
18960,55.87279186241312
18961,62.035117083512915
18962,19.458380090073987
18963,41.41059651043666
18964,51.14541895092054
18965,-0.192641294191084
18966,48.10148830405997
18967,50.526271508647355
18968,1.0892147872136704
18969,1.512756680802891
18970,52.485479378890574
18971,22.711265537042344
18972,8.626947224091467
18973,33.45950708817374
18974,20.397196573893712
18975,1.4829665819771876
18976,57.44620557838334
18977,23.693685409144354
18978,45.870381216555046
18979,43.498864591483795
18980,-1.9910471459130221
18981,48.978846319987184
18982,20.613367296592486
18983,49.64637466455319
18984,23.95709529681096
18985,2.0195862387234484
18986,25.507359411675015
18987,39.79258825808547
18988,40.59885140910268
18989,-0.3660184144747163
18990,20.732911086110615
18991,35.45547790624886
18992,26.480164701277133
18993,27.182124227614977
18994,54.865643971396736
18995,1.7751740336074313
18996,-0.10740170241162161
18997,25.93058346606085
18998,13.86239063237866
18999,43.78670960183391
19000,56.42154185154902
19001,27.471322891575145
19002,22.151281124424262
19003,11.670909234487109
19004,30.862835044235382
19005,-0.4453019352461993
19006,23.75027248688137
19007,13.634828232311367
19008,30.262745307875385
19009,2.8569528965936968
19010,23.598216481550864
19011,18.458146866716092
19012,61.63896786199456
19013,34.072908869246326
19014,53.498313499796424
19015,25.26759042635113
19016,73.11825712148183
19017,44.576534457674256
19018,-0.4803927454036625
19019,41.19486922027756
19020,26.556312013387437
19021,1.058745149011962
19022,46.10487726321109
19023,58.8820292389247
19024,27.233490175381846
19025,1.8555121118330895
19026,20.315501136834463
19027,53.46687555024991
19028,46.13306290295972
19029,44.16026605595585
19030,47.0896111389606
19031,49.79943126573781
19032,29.411663793403175
19033,48.46291138112851
19034,50.53790019172422
19035,64.74007857953012
19036,47.88261832991678
19037,17.89106537309321
19038,0.5266065814200616
19039,18.54341216354726
19040,45.18604264263353
19041,27.609816933805902
19042,36.43103790696299
19043,3.378456288777784
19044,43.90737338654553
19045,21.95504772814935
19046,65.816941730357
19047,43.34878930690513
19048,41.904989995173835
19049,21.855873354764775
19050,1.476676735501659
19051,43.89889327701927
19052,55.3466043700812
19053,8.2052567026968
19054,1.749477936256369
19055,46.51382200292186
19056,49.21999140797706
19057,46.13120513880774
19058,67.14317723429153
19059,44.56557383712399
19060,23.849127697934286
19061,61.29893468104842
19062,38.92530878674087
19063,62.53389288193777
19064,0.3734832455768853
19065,-0.5111584202940307
19066,26.805071630091806
19067,10.605941549286534
19068,50.628116216351145
19069,26.90090940148294
19070,47.15737896631527
19071,61.76206190764154
19072,58.376780835551685
19073,49.434160049087524
19074,45.926313295615145
19075,22.826554249637265
19076,46.023752509708075
19077,44.75895341945832
19078,9.041732672671593
19079,49.80665859325884
19080,44.32219383916179
19081,11.768977616401514
19082,59.672902226987304
19083,49.25492710551525
19084,48.339961822677324
19085,23.749953222270904
19086,42.896887744853764
19087,59.075758371840735
19088,1.4138865986118638
19089,20.179317876764003
19090,49.33889987883655
19091,40.06024893835885
19092,46.41592704656487
19093,49.77295346492916
19094,46.57718788214616
19095,46.298762745518346
19096,49.63309494674478
19097,45.01312259580129
19098,45.8644569570995
19099,49.60404600878148
19100,40.015784018004325
19101,-0.416037868663075
19102,42.65267119425485
19103,23.281435668833566
19104,33.534090130195864
19105,13.065824036944417
19106,46.34976615371894
19107,41.444734858780606
19108,23.561662504430252
19109,44.61232784899539
19110,41.72693380327868
19111,48.141753339327096
19112,60.17191212622644
19113,61.97006734423639
19114,42.790291771948596
19115,57.36329775137743
19116,45.048025025781754
19117,57.27116194785035
19118,21.771445296407126
19119,1.4064292469637358
19120,23.253910350739027
19121,57.30405565277693
19122,20.05816575999264
19123,47.45179472396393
19124,23.148879617215613
19125,9.454901131522885
19126,28.735122192819556
19127,32.12704519288122
19128,31.084310526230936
19129,46.44878019091796
19130,16.918276623686715
19131,29.46484498289639
19132,52.53490607366321
19133,17.574342802180936
19134,43.17081531702309
19135,55.85502624145364
19136,26.197991364854147
19137,0.4099328803681317
19138,8.872073961769775
19139,22.527136366265232
19140,0.02843588168056499
19141,16.361307314321635
19142,30.12839998364546
19143,60.499323541299724
19144,58.24261646430851
19145,56.516130042830866
19146,49.03851913595775
19147,53.33727251181689
19148,42.91498005726595
19149,55.550119403905185
19150,60.465578448861464
19151,24.852504271516832
19152,45.97850828274614
19153,62.004092636873985
19154,53.62938836349387
19155,29.02512950378857
19156,29.612452992960552
19157,64.5747341074804
19158,30.739271315307697
19159,37.29323992363549
19160,65.97242088166584
19161,48.4734146661014
19162,50.355716557783815
19163,56.63589881280473
19164,66.38261826444764
19165,22.31049073087864
19166,48.83591495941506
19167,54.730303576507566
19168,39.992831921854595
19169,0.6928512636389357
19170,39.66053793795367
19171,32.136447919332255
19172,44.20747642344617
19173,53.00753931392853
19174,50.01919816453793
19175,59.822572534025454
19176,57.3889491381064
19177,42.46745615134008
19178,49.28468066963863
19179,38.60539128512685
19180,40.394121606071764
19181,49.19378549827365
19182,26.239620560173677
19183,-0.8771546200992901
19184,40.733505544534836
19185,22.29815899467176
19186,32.23974076750153
19187,63.195912452438066
19188,50.334505880844155
19189,11.487284157967071
19190,51.2288885979772
19191,30.090027110460014
19192,11.528832467057306
19193,33.12518321724942
19194,12.242107282455052
19195,51.908530459000104
19196,49.64475035568569
19197,46.777436109987875
19198,21.667113299987882
19199,58.75748072154857
19200,62.673383826721405
19201,3.42907845111705
19202,0.9986869276829893
19203,20.58187969750834
19204,45.50683568006011
19205,27.53890621954153
19206,-1.3530104572073398
19207,-0.8600775899896149
19208,50.35381475891646
19209,27.244183258532097
19210,14.158932796906448
19211,50.22495912879816
19212,42.97413761058638
19213,46.328853620401546
19214,23.12028585028807
19215,0.18324122639661056
19216,23.84379426689763
19217,45.59069763201187
19218,0.06528463526023387
19219,55.96242070653376
19220,0.8683153509803958
19221,2.104109530649307
19222,45.14142460053083
19223,30.087112840082867
19224,47.753390715295765
19225,24.037958209533016
19226,14.778010147177234
19227,5.449262688913997
19228,57.543587208014955
19229,1.47760838354516
19230,34.47558666656275
19231,45.087385324004984
19232,54.40914853540574
19233,41.6274339005031
19234,76.04846410117216
19235,23.3755381234321
19236,35.680324613860776
19237,50.35310380461196
19238,37.10750256737372
19239,25.208400597625072
19240,20.653052377071848
19241,28.44485503356848
19242,53.37941031321279
19243,49.31251958474914
19244,52.45119636128916
19245,42.19950541895254
19246,25.993244168390675
19247,18.229650373601636
19248,49.35457731167761
19249,1.7045721097241184
19250,24.661430931217772
19251,43.41611808714755
19252,41.007162933896865
19253,39.33282423011545
19254,-0.39372162014044676
19255,-0.04869355758146554
19256,19.71942225517338
19257,2.81246097319546
19258,45.20563637681427
19259,2.40576389664027
19260,53.96956402292611
19261,50.287134043384896
19262,52.76623969370595
19263,11.813808227914123
19264,43.148143457877595
19265,24.61831526055
19266,29.878853662349055
19267,24.723751016989898
19268,56.69853580504372
19269,0.5371120161063772
19270,42.35477388626743
19271,44.56979732972321
19272,32.62872801340213
19273,68.00796501015672
19274,30.02837263356958
19275,28.490389346360615
19276,38.83501627206623
19277,23.99625897916397
19278,41.99358312137362
19279,27.61770237345676
19280,7.766759831651658
19281,44.97483875410397
19282,-1.3521609914322852
19283,62.32326794186994
19284,1.0639848162391772
19285,16.499801823993895
19286,19.89521231439941
19287,22.702290854689235
19288,55.09219733710346
19289,57.83487155666035
19290,4.619316884753033
19291,15.279377960953354
19292,-0.1080212252265369
19293,23.278680533303927
19294,44.212220515868225
19295,45.036217225687366
19296,55.54679415137243
19297,-0.7463499699353875
19298,23.653183019415568
19299,19.739973364781203
19300,30.879639146232105
19301,40.920860919577414
19302,48.54880056977233
19303,27.322676560377467
19304,5.1266706787044924
19305,57.73444102038988
19306,1.5287552924142922
19307,-0.10338318436208027
19308,52.13063396438021
19309,43.495132666201926
19310,27.847025250311113
19311,21.562671568114435
19312,22.75962773464213
19313,25.736801859321815
19314,22.110261230928078
19315,30.376229915381547
19316,49.7822025522241
19317,58.39779396685403
19318,55.89994962737673
19319,23.654059875630214
19320,5.706328623538237
19321,48.826744978375075
19322,40.1423420690264
19323,2.435902991561953
19324,42.35727304371227
19325,24.094383007638008
19326,48.78395375243128
19327,66.49545157758114
19328,60.99347907837479
19329,33.50418060356121
19330,24.767180061679596
19331,22.492527515910822
19332,57.29948606664072
19333,48.841082130420055
19334,41.18865564940304
19335,-0.006713504101476531
19336,1.4142976215591503
19337,3.690806754638814
19338,27.405185605977007
19339,68.67918672408601
19340,56.79157997234357
19341,27.312580463100126
19342,22.791980057885404
19343,19.061685994710494
19344,25.710644446612193
19345,22.67373869183617
19346,5.485836842044872
19347,22.992440991267195
19348,-1.02837506070599
19349,65.145944298909
19350,23.000319263516907
19351,0.3059384060420598
19352,57.138202948864006
19353,4.39337788573631
19354,0.9176542271470325
19355,57.01513141453265
19356,43.37973734084731
19357,28.237837507802304
19358,59.3230962854979
19359,10.944625915471786
19360,35.77278083557343
19361,49.1819022155009
19362,30.74761806537832
19363,0.7868725768741953
19364,29.670200913733208
19365,50.04522628509106
19366,24.61987522244043
19367,15.325269263641342
19368,30.280693048148805
19369,65.42482746640647
19370,42.403147043222
19371,20.95080741285161
19372,42.04713518134148
19373,21.866907532777024
19374,0.2651002278704482
19375,24.86966088414789
19376,56.017670838749794
19377,44.40441199111786
19378,15.529659205771011
19379,34.2447544855469
19380,59.68194951965453
19381,-0.9084699380825896
19382,23.47133543543255
19383,1.5386843016929
19384,16.026196911386084
19385,42.95727530820643
19386,60.995456214452965
19387,13.846235052577072
19388,29.002449094552652
19389,53.64398788712241
19390,15.807041620583774
19391,29.265780646353544
19392,25.36454191714189
19393,2.1564576754516764
19394,59.651497616881066
19395,43.33803732631419
19396,-0.035482181118851486
19397,52.68155648463862
19398,14.13738094147341
19399,19.25146648870793
19400,-0.045014385229812603
19401,19.30330010974464
19402,45.824423591191014
19403,0.7756750893586144
19404,52.32109497784721
19405,31.761400126929043
19406,57.28227292459852
19407,49.948923022258924
19408,36.78332931166978
19409,28.657131777614858
19410,2.041004525695861
19411,54.757286438050755
19412,13.284482219716935
19413,22.08194762049122
19414,16.33481826599764
19415,1.738717210175249
19416,54.77993918475839
19417,27.702031775880428
19418,50.132319185961556
19419,38.566707328295486
19420,25.06894028117348
19421,27.70090681207462
19422,23.197947069235937
19423,54.062028387975204
19424,26.96887092743642
19425,61.693515552332954
19426,21.643357511301055
19427,-1.0023777606786766
19428,-1.9638586766784627
19429,0.2280652870173796
19430,20.414801725119034
19431,27.377854102646843
19432,59.68174663687597
19433,1.259910761085159
19434,44.54967619880114
19435,50.55488662824812
19436,-0.9259632767718529
19437,1.5771324515966896
19438,53.010316129584155
19439,-0.5236508346046591
19440,-0.3028195548895667
19441,30.855326388665354
19442,47.933485907920236
19443,33.19402507501702
19444,48.908620094684416
19445,62.80702468861779
19446,37.497354716031005
19447,-1.2931782976083994
19448,15.540006614297802
19449,7.366237932753847
19450,51.90448597656763
19451,16.205852708587347
19452,29.592539405913456
19453,67.40985983978968
19454,35.36027429719844
19455,46.88341031671338
19456,12.115309707794516
19457,1.638571957459959
19458,61.1554709677516
19459,20.361229487019678
19460,50.38803113035934
19461,6.653001685788226
19462,21.56436812746476
19463,26.426289757644827
19464,44.281472483376724
19465,42.812954644910306
19466,27.047647644017843
19467,37.84054350328561
19468,36.352954446122176
19469,47.5418762540152
19470,23.880414607502225
19471,41.45716876094209
19472,39.6896938996669
19473,2.3864241188953805
19474,19.635394531929123
19475,6.659481510409613
19476,39.663486750591225
19477,41.847024901139164
19478,1.5991671739946938
19479,50.88157753924335
19480,50.529410068797816
19481,23.681926311822533
19482,24.32437805833946
19483,40.67320356446316
19484,21.992179149555803
19485,53.346700899695165
19486,-0.5265831485945967
19487,21.356823889555862
19488,23.783869619846584
19489,47.24775124737659
19490,50.76563784243139
19491,20.419489998764128
19492,1.524406518135219
19493,65.25353065753913
19494,17.65603937001554
19495,0.9568737190886125
19496,22.201170370179657
19497,-1.34546465579146
19498,63.30738864205422
19499,44.07420296716375
19500,38.62199929242206
19501,23.52179687457479
19502,18.450763572871075
19503,35.392839090487385
19504,23.42300338171401
19505,31.512779609362763
19506,49.21909377650172
19507,25.58097378836971
19508,2.8811738361468926
19509,51.21376111776698
19510,1.1231637847220384
19511,25.652365321610347
19512,18.96142856756534
19513,43.857154558409
19514,51.97468493690158
19515,56.579266151975595
19516,45.2660886968184
19517,-2.492191448357289
19518,48.66105584950548
19519,39.998260107180734
19520,66.63841759273137
19521,34.47902288881312
19522,0.8263326813631267
19523,64.34307548805575
19524,67.14057408063827
19525,19.98229874916833
19526,24.10650852251991
19527,67.67628871460788
19528,25.88597425308526
19529,51.730533564032115
19530,10.021228486983773
19531,53.50160424065099
19532,-0.20720696144738326
19533,71.85340512825294
19534,47.330242151765084
19535,25.759289339410294
19536,1.0212558021456601
19537,41.549584918223516
19538,4.917447281841792
19539,55.85017763611712
19540,47.87179609384585
19541,8.918821761410118
19542,62.43167082996038
19543,18.9602772242708
19544,39.21387788133328
19545,38.589757361722675
19546,51.48078410283945
19547,31.639925141896896
19548,46.09967093698188
19549,33.456396286025786
19550,1.5807849865665844
19551,26.23179049709191
19552,1.9531463244212404
19553,50.39205786297323
19554,43.43609412092821
19555,12.468671781891235
19556,5.098180714825755
19557,3.3603403462063532
19558,46.79804522779068
19559,32.49045508107088
19560,33.25548721097263
19561,1.236563454946264
19562,0.19527932981281282
19563,50.304731117941316
19564,13.453637087123653
19565,0.7504152475783883
19566,44.455186082271695
19567,34.58398130892574
19568,20.274705917126894
19569,-1.3282471437674985
19570,42.06197255166014
19571,40.747879638418226
19572,55.46783139449494
19573,17.645477532290208
19574,28.065623797190465
19575,39.92280603863402
19576,45.27683003476857
19577,25.75068371960321
19578,24.719060667060802
19579,58.08213791173938
19580,56.505827442527426
19581,54.59868213164195
19582,-2.1937201672599542
19583,60.27451689656597
19584,25.495011951133282
19585,56.128494667197316
19586,0.6501920178098786
19587,59.097897316837575
19588,24.332025233975173
19589,25.4035443787472
19590,10.112860267491037
19591,13.870377832407854
19592,52.38382065061276
19593,58.13461086680027
19594,24.10192299755756
19595,0.587323496046622
19596,23.896802723993098
19597,13.06596471541189
19598,20.43129460577981
19599,28.33841693787633
19600,22.66981280641325
19601,39.73132272643718
19602,42.80267790347928
19603,28.852472911668393
19604,1.9660406420506895
19605,14.402965264489197
19606,0.1014735431785283
19607,-0.3008041747462613
19608,0.7141808784912627
19609,13.942623101722042
19610,58.94512497021068
19611,26.651070328470126
19612,73.15970268990384
19613,32.838388850765696
19614,2.49700784444801
19615,47.36272973581579
19616,48.168241218582416
19617,15.333032687569617
19618,54.77000219493637
19619,47.54060577809703
19620,23.817089697090285
19621,37.49235988493603
19622,51.260960816068774
19623,1.570695152327641
19624,40.46220996794774
19625,13.432765125714155
19626,18.4525289537409
19627,45.86559927386908
19628,45.64819612075951
19629,22.33328048637378
19630,46.526618025983836
19631,22.586435788995473
19632,51.66231093271247
19633,22.93128802911007
19634,11.921359574820503
19635,41.31626069852089
19636,21.883109138751927
19637,43.376812387484506
19638,52.09685432987815
19639,44.1783902872703
19640,48.28664714527691
19641,26.244538229349843
19642,0.4627129923720332
19643,32.770571133693906
19644,60.876094396432755
19645,59.96186449008972
19646,-1.091173481400972
19647,27.275984529098523
19648,19.454417107835535
19649,49.852160960859756
19650,45.667563785692465
19651,48.523843511475995
19652,24.7000672582743
19653,56.02472003594575
19654,60.39663301449608
19655,16.595592019331708
19656,28.97986008528811
19657,38.174828760806946
19658,19.463940878869227
19659,41.55113336614754
19660,22.622095044708338
19661,0.968492492428723
19662,37.28064478064492
19663,2.789032237080086
19664,12.16820746353061
19665,56.29873429363173
19666,29.079662063371842
19667,37.48680585198365
19668,-0.4515953263112351
19669,2.616954783614027
19670,1.7682389399803888
19671,51.37768574919225
19672,32.1052311753896
19673,41.303038576159665
19674,16.150389760104655
19675,42.705887032518525
19676,8.948503452523145
19677,52.611037991273605
19678,-1.0477179880075624
19679,24.475706682339066
19680,53.763268633711
19681,52.729530374392155
19682,-1.485179233569248
19683,23.41286687597341
19684,60.27289716863114
19685,40.77924278050795
19686,42.936961141468416
19687,54.892859607865084
19688,39.18349468385216
19689,40.75872564442856
19690,51.261115281382075
19691,42.13218791012678
19692,20.960772399764544
19693,2.1235313692213644
19694,57.09233065405369
19695,61.217859359115415
19696,0.07434608243926277
19697,57.02914966352604
19698,21.472154156526557
19699,51.43998372822553
19700,44.51499234197174
19701,51.568620370424554
19702,1.0758760490515158
19703,2.264701656769226
19704,22.794226398139934
19705,41.250936630767114
19706,29.446525964421877
19707,61.65059417469804
19708,0.3096073540823454
19709,30.791599145981667
19710,40.704112680457996
19711,67.37944212324687
19712,22.861562462307425
19713,47.79039015723659
19714,16.23486586347471
19715,26.875668007166517
19716,40.80789080671022
19717,32.32557621152118
19718,24.030741778128764
19719,-5.93967886905407
19720,59.634479558837796
19721,35.08064659248018
19722,43.15646472267994
19723,33.124831369861816
19724,0.2831869028625249
19725,59.14851225252251
19726,45.067061064818176
19727,0.11468592400888156
19728,53.51184526199335
19729,53.365722993114844
19730,45.783482168266744
19731,57.38356624939696
19732,32.88592599464319
19733,31.14372646520177
19734,70.3108376476714
19735,25.286857918849506
19736,35.316444503312766
19737,40.67456048559802
19738,43.910450387704245
19739,-0.061232752440993465
19740,29.911953396357944
19741,42.546743236255665
19742,49.1228076476289
19743,43.10495752933895
19744,-0.23512381328690424
19745,53.831742186646096
19746,31.800058310426376
19747,31.48534575764088
19748,60.29161593744272
19749,2.2749448742627614
19750,51.20307613981995
19751,26.732981729533055
19752,-1.4191572593526658
19753,0.14472694348577164
19754,1.043767046502083
19755,34.13795864438455
19756,51.68898188290275
19757,47.34331245801448
19758,7.258248799172534
19759,58.28097219367418
19760,45.158296877618255
19761,0.2693274963525809
19762,57.67838831119883
19763,23.516862425120706
19764,45.58748297356216
19765,0.11386714021455191
19766,26.508948181938404
19767,39.789173813502025
19768,40.98481402593787
19769,68.42380433528473
19770,18.08215983483155
19771,57.80041819561017
19772,22.20597703911234
19773,1.6196267104076973
19774,42.62132267842112
19775,-0.6265349154198319
19776,61.66409139601129
19777,-1.4776990305823574
19778,6.181044676146026
19779,62.64973787164607
19780,33.187019272490105
19781,57.663924118753755
19782,46.879234349350256
19783,22.589215896208906
19784,3.6643783198494226
19785,63.421098778955006
19786,43.60612427033358
19787,64.77086779305094
19788,32.460960878249
19789,0.993197756307076
19790,55.52416219169304
19791,13.500802137020404
19792,26.471038322259254
19793,29.879521037141643
19794,33.529476884416425
19795,28.061002468041114
19796,47.67824056682816
19797,4.071277395584701
19798,9.852756947976133
19799,53.92797214388066
19800,53.06434740976002
19801,23.22538155269412
19802,3.238661489981343
19803,22.550915311966463
19804,40.86959959477918
19805,64.07352359014182
19806,43.16231064683783
19807,59.69575769187382
19808,16.40445082976786
19809,49.30787666692555
19810,56.222059808867
19811,51.50353973419486
19812,1.5940772592994428
19813,25.543877447838305
19814,49.20657146908658
19815,41.95085918520261
19816,1.5653986072367374
19817,2.220217751470667
19818,25.772903803690454
19819,20.257964495093443
19820,41.78474665433422
19821,-0.6183911072899733
19822,19.809135421317293
19823,58.9199072503264
19824,50.0920146883237
19825,0.20268319353644415
19826,17.816612470972643
19827,21.168943769896124
19828,46.66771068836948
19829,-0.2156494643514577
19830,27.74762042256108
19831,27.2710529746741
19832,9.920562708270506
19833,35.74334959143544
19834,23.64441970234146
19835,52.547663780325465
19836,15.582740349814742
19837,31.3956708979735
19838,1.88653747797008
19839,42.52554891210139
19840,37.85390609661478
19841,51.001013618710004
19842,51.64330500687755
19843,45.5906873351005
19844,51.44600613278094
19845,24.774496047120937
19846,60.08008780373456
19847,0.9479665262675141
19848,57.6291457717018
19849,46.21006027252685
19850,42.47295721334949
19851,17.866622274777995
19852,1.2149824963789086
19853,42.91721695055611
19854,1.8225305943411172
19855,40.843805132910305
19856,9.75505803886455
19857,25.99497374298467
19858,27.715032198051016
19859,19.74904161685187
19860,29.680656354290736
19861,0.6645220377681795
19862,70.83119576692981
19863,10.359623914631499
19864,51.8377307503458
19865,37.000688609850165
19866,40.36143322875447
19867,56.3628863916428
19868,43.87061368001284
19869,51.169454430010376
19870,44.45781214606884
19871,0.08386654160347007
19872,21.634266658568663
19873,39.88421667508475
19874,60.49408709574807
19875,33.065797244751536
19876,41.73216896315428
19877,49.94002107266882
19878,39.80375144830105
19879,1.8181947694771665
19880,54.673963796853116
19881,17.829724899353373
19882,24.083844836062816
19883,24.512895854442
19884,3.707293209934999
19885,52.54580049459347
19886,32.763893948707484
19887,0.7869673080850959
19888,0.8499570251729978
19889,15.457731629175974
19890,19.952195290366554
19891,15.486922650473534
19892,5.525340911234544
19893,51.504225109772754
19894,43.9564265842905
19895,-0.0785009738383593
19896,2.5133221405517965
19897,6.960246071299423
19898,0.30177200649870173
19899,87.07858049486671
19900,31.774850829070235
19901,57.167284851879565
19902,10.687261597273586
19903,16.485358412435716
19904,49.08145299383102
19905,49.43494642584205
19906,-0.36674393453264287
19907,25.422927772052947
19908,48.66584331138337
19909,31.600304815388036
19910,0.40791955161576254
19911,60.75527731778841
19912,12.881059202588556
19913,51.86507744951429
19914,44.057458080694055
19915,12.398717506803713
19916,44.311396374663424
19917,49.09306192809502
19918,26.000765118814993
19919,31.076554431545496
19920,47.088002082180516
19921,26.789569042537742
19922,24.37955078013382
19923,43.176299722259486
19924,58.09994739180101
19925,63.80219125581105
19926,44.02220214504422
19927,1.8268699093358656
19928,30.254916838804313
19929,63.53786976656575
19930,35.68095321035404
19931,0.2247779634101903
19932,46.65809051472759
19933,1.0406159134257393
19934,27.988203360440952
19935,26.2264848074443
19936,42.96949689943196
19937,62.539949211702805
19938,40.960457938998225
19939,65.5698253933956
19940,48.96076693841111
19941,6.381517312641293
19942,69.42767988127643
19943,45.45785544275593
19944,46.94726679463072
19945,55.81763443510188
19946,46.937428897969426
19947,51.28069749689715
19948,18.93544603872399
19949,-0.3996465243833853
19950,52.406610346584664
19951,43.35994188530569
19952,73.05136066317013
19953,26.32447904228987
19954,48.23218950878967
19955,25.286890976391113
19956,10.19760107289941
19957,42.655865028229954
19958,37.24801483843874
19959,60.122352859271075
19960,47.231662471312006
19961,28.214295648472863
19962,29.03242855015356
19963,31.773985319491672
19964,51.36747755434301
19965,46.00125897779289
19966,33.29424822298577
19967,60.45710330597113
19968,16.620888759272255
19969,24.441554115455574
19970,22.67454225389953
19971,17.91372123382093
19972,48.770898734631494
19973,21.910779529442408
19974,1.3995600055285102
19975,38.079675671640366
19976,20.521965748708922
19977,45.96626471746747
19978,41.44071165334466
19979,58.53321721535233
19980,48.06134548601337
19981,18.488841099285523
19982,16.556313805633803
19983,72.1131979441027
19984,23.685327940192757
19985,0.07530171663403706
19986,24.948873690585565
19987,48.743640241449064
19988,25.540524060614967
19989,2.1532146336235307
19990,30.88265945604468
19991,63.626432781449466
19992,30.655063048985195
19993,52.328207975091274
19994,45.83059236480691
19995,20.21299369422837
19996,43.58658647617766
19997,1.1384253107604323
19998,1.1227066316604422
19999,31.30832423707276
20000,52.64830587273522
20001,53.70752958624985
20002,-0.18071385856518418
20003,38.75340833143581
20004,54.023762150502876
20005,64.46606393953844
20006,54.5571975294001
20007,2.630526150660476
20008,45.729149314748696
20009,65.68396093728663
20010,68.03438406512028
20011,9.698001155361325
20012,57.49164053267081
20013,41.835936920704384
20014,50.40395661395443
20015,18.52002277710553
20016,45.134851638119315
20017,20.79143333406529
20018,27.475443905252163
20019,0.6507746604116278
20020,65.33556820273404
20021,1.204373551072166
20022,49.800702828590616
20023,47.61669729362891
20024,-1.2643795681906056
20025,18.816261607238605
20026,4.660756904864975
20027,43.38405015217369
20028,0.9976028106111414
20029,43.15089798942983
20030,59.02668689964075
20031,65.10713135950454
20032,25.326734593165646
20033,22.14653050120083
20034,25.69279283385751
20035,1.230556178326779
20036,52.52748514938514
20037,34.92428407652628
20038,53.14372141852357
20039,32.33214128584507
20040,10.306718586506861
20041,67.74573361663639
20042,28.247255778180044
20043,-1.5644250236287505
20044,25.34937570995297
20045,53.84504935379496
20046,34.765454687829866
20047,0.6325634236533375
20048,63.69219110327644
20049,29.17982361188836
20050,6.470945272065112
20051,23.549802153439984
20052,25.949706597903084
20053,44.722102753493466
20054,51.16360208290588
20055,10.768479763456071
20056,1.7757143612078856
20057,39.629193916768536
20058,46.36988912311923
20059,17.43225671879902
20060,0.8980235257660425
20061,69.69274438840274
20062,-0.07781649337996299
20063,40.18923781960659
20064,35.06622079570523
20065,38.44695043477841
20066,42.34256483766266
20067,14.702518460329717
20068,1.4591034710764212
20069,44.939175171509106
20070,0.6354583722540283
20071,61.72525115838847
20072,1.2053750687052158
20073,-1.0946317547362767
20074,54.749046533553226
20075,26.038969870952002
20076,61.498394637355815
20077,18.10372327707567
20078,46.867180073897075
20079,47.27129792311474
20080,50.144202226450275
20081,40.34564720752424
20082,20.679199657936856
20083,38.406116723117584
20084,60.05788322176636
20085,50.37054597681538
20086,24.821948668958157
20087,1.5903342163559984
20088,15.22610750563825
20089,23.03179900475076
20090,0.0813792661250119
20091,-0.0766172066130153
20092,46.82304067126469
20093,37.99416400652728
20094,-0.7949368376942303
20095,-2.9347518837871718
20096,34.83596382476945
20097,51.74394501539291
20098,54.73398118435675
20099,21.717009113619117
20100,66.3891929442322
20101,45.42566388917325
20102,45.29696075864922
20103,0.450707859877717
20104,13.477408428356338
20105,52.295741129505394
20106,47.364345731260826
20107,59.17838377247847
20108,50.84036472129726
20109,45.890896999947614
20110,59.89321379987831
20111,36.06624733256341
20112,48.83090854090794
20113,25.62844665338825
20114,42.62632260094914
20115,65.66124589895027
20116,7.413396553332188
20117,58.21631879865049
20118,68.27904459546826
20119,23.433869176665343
20120,47.25245985355499
20121,33.059360201351765
20122,1.7910412939911637
20123,12.004371231582084
20124,-1.8961837151683127
20125,25.88347668146028
20126,50.6299042648012
20127,8.789337242365843
20128,51.69820033989268
20129,33.679611289144475
20130,52.53962754246884
20131,66.97816939473901
20132,24.624182779763352
20133,22.194183520341944
20134,55.47175599968844
20135,54.81405404864079
20136,51.35579616991296
20137,-0.30443248971246817
20138,45.550800559622246
20139,3.719064771582733
20140,20.755161871554073
20141,51.45028420875882
20142,39.90619578479865
20143,40.27273196913801
20144,18.199889919325145
20145,60.275364041802014
20146,47.23151662506304
20147,60.34077153038396
20148,15.166953467568593
20149,61.87275122673738
20150,62.92361131019484
20151,0.8810526001305519
20152,1.550909747535119
20153,27.348711230234706
20154,57.39531642346221
20155,65.36212951398315
20156,36.10189856159581
20157,63.98294715000259
20158,43.49031884690268
20159,4.6415436056538475
20160,41.694499512860176
20161,12.126062840091343
20162,37.98557086146088
20163,41.72490231120602
20164,14.596098303552274
20165,0.5783617595442436
20166,3.2031957030693086
20167,1.3870437498237216
20168,53.91329379472762
20169,1.9497098996055904
20170,20.279585121912746
20171,50.28624474234993
20172,1.9015166598411604
20173,1.5830443819910585
20174,23.160353613538348
20175,-1.7382481752195602
20176,27.073308850702247
20177,50.3378552382518
20178,42.988132554171855
20179,26.962820025879452
20180,54.310589675232436
20181,25.13676954033803
20182,52.295310176032096
20183,20.061588842637526
20184,65.08339519972436
20185,3.3024383637203627
20186,1.3242557894833418
20187,24.093480579989794
20188,1.8561132512901146
20189,65.24420592879173
20190,49.053851733598435
20191,1.3758758498668335
20192,1.1004048732842193
20193,52.7119708984996
20194,11.28074757369517
20195,48.874457445624
20196,57.31242314266334
20197,14.659782920623886
20198,57.298868372901495
20199,46.81932443654952
20200,43.69824746040467
20201,67.0846783701387
20202,16.583897547382463
20203,18.58888439893375
20204,53.730105460136954
20205,22.284743094244305
20206,44.240557107053554
20207,44.00928781757088
20208,34.24250997276476
20209,23.61027497242359
20210,76.21374786597244
20211,18.82800417810551
20212,33.0035580258798
20213,43.76901652610927
20214,51.82160484780428
20215,2.232723026454842
20216,11.092006052861084
20217,25.935128462044876
20218,2.3297973489657515
20219,1.7635378030214142
20220,11.895540316310843
20221,46.98070029896661
20222,0.6461941858874454
20223,26.329186469234003
20224,39.20063973039815
20225,25.3623478081267
20226,1.4348716825082946
20227,0.6371418988939226
20228,1.4507030873370184
20229,-1.2263094362740645
20230,55.47094543007661
20231,38.36237512543838
20232,23.93387936761524
20233,2.8463409526646224
20234,47.09371134539231
20235,44.33256270348465
20236,40.98212175845246
20237,28.93441782453623
20238,40.34344575628583
20239,44.80712410371979
20240,-1.894435781447811
20241,7.851304724888987
20242,0.24329548138817358
20243,47.166515799165026
20244,18.662974354711594
20245,47.03435327231645
20246,43.64186362498364
20247,58.016097764380724
20248,29.392060901945943
20249,3.0416678379945417
20250,47.64238065450492
20251,55.84185875514514
20252,21.67476646320187
20253,45.44172542300481
20254,44.65643777591148
20255,19.9289844224623
20256,23.297993929842
20257,10.147770257238125
20258,45.87215194974084
20259,46.44608611511688
20260,1.2182834510383742
20261,46.43402635765177
20262,2.4654037037268104
20263,1.2376154184893124
20264,49.924002168348295
20265,14.132523833404438
20266,24.06945394175926
20267,44.67623664962599
20268,0.15364527746257295
20269,10.494939502739722
20270,65.97918469657347
20271,46.32175536684853
20272,27.846749485977362
20273,63.034936628110174
20274,59.80064608803062
20275,43.48577457467118
20276,17.15768313680638
20277,39.95802534817332
20278,43.28138583345567
20279,44.6228850632792
20280,29.2774080586949
20281,47.73012073944504
20282,43.101208064703115
20283,18.65817110283402
20284,21.43288974184651
20285,0.27920419028622945
20286,16.267184639199986
20287,57.96909336584952
20288,38.77993548982677
20289,20.29498881898885
20290,30.10752632984903
20291,15.052421204913927
20292,40.408765944408245
20293,41.5677650344957
20294,44.46615187660781
20295,5.781870493862261
20296,47.98707026719157
20297,24.23595517009168
20298,1.1725114429931622
20299,1.262531562361481
20300,21.374040938784383
20301,19.01234520548077
20302,45.402474102322024
20303,64.83702774755191
20304,16.45825953323098
20305,19.58007986336817
20306,57.37481732682126
20307,58.692034015265904
20308,0.4774566430509424
20309,1.1236174456457348
20310,58.31595903256387
20311,12.52533922329345
20312,5.178718889490604
20313,14.913130441674642
20314,0.024060108616204445
20315,49.342690857848766
20316,58.691656496702436
20317,20.698519339114746
20318,-1.6105422493303863
20319,62.34714319127201
20320,6.103004404862297
20321,38.45055822156356
20322,48.60576852708763
20323,47.966964017387895
20324,59.276087378903675
20325,43.07937878287522
20326,47.610057139168966
20327,1.383258274471462
20328,50.310692670379964
20329,47.107501917255334
20330,52.210665902469785
20331,61.87188768510262
20332,51.8203191633108
20333,43.28839496757951
20334,51.7701907639088
20335,22.855818619117077
20336,-0.9166776259438407
20337,38.57228906334075
20338,49.00533081041907
20339,56.206078490228215
20340,37.87791933142545
20341,-4.048227831255993
20342,39.81416845982399
20343,53.14068641318386
20344,42.8204940028915
20345,4.351120683054862
20346,14.838613245343907
20347,47.91891266929647
20348,19.0793202891768
20349,23.250175106031087
20350,-0.025216435121805603
20351,67.39181570219633
20352,11.18235354878335
20353,0.3880636328124112
20354,52.04419187842737
20355,9.98438264175974
20356,42.31659558240911
20357,16.43243814742124
20358,26.170195648539192
20359,28.023267092612606
20360,42.46290073429177
20361,7.4160031516947384
20362,34.99641816063468
20363,47.7223017789095
20364,61.030985720186635
20365,23.901557892667117
20366,26.73177001569131
20367,44.549045088763435
20368,18.100606125292863
20369,-0.31097159431750754
20370,27.816287533175505
20371,36.9650764636906
20372,51.32721362108406
20373,66.35805549053782
20374,41.9087303313522
20375,23.582291453954078
20376,42.5496546111556
20377,26.53239399779769
20378,38.23156627367794
20379,31.329541641501873
20380,45.28339739129896
20381,14.844265943210022
20382,41.63538231380819
20383,51.30623786816466
20384,34.98149709500809
20385,40.686746704193176
20386,0.20657825539604602
20387,23.628665837844586
20388,54.50035347467718
20389,1.0354357139738397
20390,45.46053553541497
20391,0.10032726842889872
20392,25.274014089311514
20393,38.52745928033251
20394,52.5589957080319
20395,67.70899123692118
20396,2.4504651866952045
20397,36.140140257708254
20398,1.2441649740136
20399,47.79749527349506
20400,7.107321510873579
20401,58.187095725007715
20402,47.40396606137192
20403,58.644237357698785
20404,52.474232180098205
20405,33.151566433676244
20406,64.64354884178928
20407,66.72933664736121
20408,39.977213746433634
20409,36.207571146117296
20410,40.577940367744986
20411,3.213510708483856
20412,40.76135408129847
20413,44.636364809935976
20414,-1.03183588353005
20415,12.601689392780543
20416,22.614671387343485
20417,4.782933606389829
20418,52.01637017763843
20419,21.85693422558761
20420,48.17811565654779
20421,48.77430879164811
20422,18.96213580386064
20423,20.00798691616101
20424,-12.28254883560954
20425,-0.015417390737006542
20426,57.96005922515031
20427,22.79449298505431
20428,42.62698176776014
20429,62.39579105427063
20430,44.84131751710244
20431,41.712741232935485
20432,21.48087996391432
20433,25.244138546697535
20434,54.40467499947943
20435,0.7193233267239592
20436,56.30891825793119
20437,-0.6233825374171502
20438,21.56833654034142
20439,60.71199397400405
20440,26.80613947562797
20441,47.0276214663958
20442,63.008047278242515
20443,44.22590876691262
20444,30.279690225263355
20445,51.75116466742818
20446,50.686750804271306
20447,44.313416697489345
20448,50.86968064402775
20449,62.5331338382305
20450,44.18363013523835
20451,62.10244950484727
20452,1.640562271132076
20453,28.484790165427356
20454,49.31150230033624
20455,24.427773153172954
20456,24.642839100130445
20457,47.91072873968203
20458,47.94570339229956
20459,65.06245920114087
20460,34.16756604849729
20461,54.492671201259014
20462,-2.4776370533030843
20463,53.82519033499502
20464,21.251449075582848
20465,32.50996070455743
20466,59.37948307001607
20467,20.853210224263222
20468,27.552983650218533
20469,25.011165732591667
20470,43.378253246057575
20471,40.1816210507492
20472,40.937929109825845
20473,12.59279277927644
20474,0.6134941269992851
20475,49.09956216824803
20476,-0.2497158654160856
20477,1.6800488763017825
20478,0.9132910231586138
20479,46.201979015676514
20480,34.825210096287535
20481,53.54624331851031
20482,50.339351073341255
20483,35.58131953235345
20484,39.07875256190136
20485,54.85748266751201
20486,33.61317900529831
20487,31.33642285136854
20488,51.52087100322519
20489,60.043218913212
20490,59.58693179931262
20491,59.40931529200684
20492,58.562249961403495
20493,43.506015540451024
20494,25.96084017216939
20495,31.107084141055555
20496,22.464930255375187
20497,44.16079081410669
20498,47.58335113190286
20499,62.890494290073974
20500,19.696353015739152
20501,67.71794940884837
20502,-3.4262801023051352
20503,28.70111177957796
20504,4.715446525890119
20505,2.5337592990187723
20506,36.33874256840581
20507,36.90360373228499
20508,25.96609919548561
20509,61.36345410440346
20510,23.59864048907051
20511,29.598426525030515
20512,28.445076686159886
20513,0.7062796997688068
20514,-0.22627945216991208
20515,60.94254318562624
20516,24.410271612242845
20517,55.45118242647368
20518,48.25196587304325
20519,22.0239819943748
20520,42.16496839935482
20521,3.464890170307047
20522,25.23242120493751
20523,43.622419844478266
20524,-0.05972515120125621
20525,-7.853480664395001
20526,50.26592538186877
20527,42.11907153734505
20528,43.91885800597245
20529,19.622660854603026
20530,56.959145987602795
20531,22.129264707545463
20532,38.76064428202807
20533,44.63705803119599
20534,39.202558220247
20535,29.662686497635534
20536,12.98293659535464
20537,53.643263303189556
20538,21.03791169655402
20539,56.8882020644317
20540,50.98224791074455
20541,44.637252435438
20542,22.96690642943753
20543,60.7333035755256
20544,46.64812560736
20545,21.421604958751992
20546,40.321401815574134
20547,22.90851885626248
20548,50.81358453842738
20549,54.148983962887385
20550,22.85574803434141
20551,33.059409548599916
20552,22.824833892210002
20553,42.60130485220516
20554,52.12797814517363
20555,49.19956100532953
20556,49.34368405861545
20557,37.63942941151037
20558,-0.12188137460027804
20559,0.20267083330898572
20560,46.3388384556265
20561,38.404332670714794
20562,43.30951985241676
20563,1.4964824782212922
20564,1.6099489382340195
20565,17.25944356832552
20566,30.091583368765317
20567,45.88995482242614
20568,0.6411426789791292
20569,-1.3692447166847899
20570,61.571815258775075
20571,-3.614657020066609
20572,42.800498982005536
20573,42.11394163689077
20574,24.37086267668673
20575,21.58564921616062
20576,48.61524607165821
20577,40.4809311511825
20578,44.14028419166854
20579,46.31118895323979
20580,21.34430821537675
20581,43.8762347446302
20582,25.543786045430895
20583,24.26015786165282
20584,45.28580440490897
20585,3.5254857019317605
20586,59.42695246685909
20587,63.02383724580415
20588,38.566302209925816
20589,55.73952000500442
20590,-0.6411255973512127
20591,69.74754619884911
20592,55.51730156295453
20593,23.177380620726154
20594,63.31450487420189
20595,17.646720485809176
20596,14.750147069787957
20597,42.03967098812527
20598,-0.20968929624418564
20599,1.452635120844299
20600,2.8338296144609068
20601,45.611737578105696
20602,9.128090020357138
20603,44.71852458824695
20604,0.9773133165595027
20605,-5.6005472641035965
20606,19.524913078819885
20607,28.019000288289327
20608,41.31986877807024
20609,53.48879163035082
20610,54.136189636489334
20611,14.359697709664243
20612,1.539700043648491
20613,48.13364202617471
20614,34.15822288088528
20615,26.307755456076443
20616,49.88759857791035
20617,61.246151945570716
20618,20.03720206640952
20619,10.722778262822825
20620,18.710494011219147
20621,61.27769932261741
20622,41.09793332278428
20623,11.548104819805452
20624,63.17500008937171
20625,41.70094635181332
20626,16.749561415121647
20627,49.432437441324
20628,16.24728988951244
20629,63.027986599020814
20630,15.330104436051549
20631,53.971652315595115
20632,48.77660041291292
20633,47.01599449980847
20634,44.606832636848694
20635,32.75951205137519
20636,1.7733850798251822
20637,-0.17345739757585932
20638,42.48114378925822
20639,1.972382240714552
20640,51.924083536847206
20641,47.83088408911123
20642,44.744410440318745
20643,11.517258264659638
20644,33.69789599506307
20645,22.448443563026952
20646,33.42934273460802
20647,47.48349037356776
20648,21.690158810095106
20649,21.948142258721973
20650,0.8021329158953421
20651,57.65615299525545
20652,58.33245476663514
20653,58.38117842911575
20654,0.30895577215463277
20655,44.285894765618536
20656,0.09063995314291162
20657,40.47499688260016
20658,1.3411861011101642
20659,56.89615144888954
20660,50.08159267988698
20661,29.798748489727746
20662,1.513448931981081
20663,-0.42724206320137625
20664,65.27216935723675
20665,0.9459426020124937
20666,51.337159521496545
20667,45.51552225076366
20668,56.70601356444586
20669,43.212100297753686
20670,4.7808970638217225
20671,44.16280134786531
20672,28.706918692585194
20673,9.108145983938162
20674,37.529288078106646
20675,48.00491698570272
20676,48.62664835317891
20677,39.65698733471118
20678,2.043756030814958
20679,53.01726815832251
20680,34.59129677276163
20681,53.06849744613236
20682,50.79186892420897
20683,-0.351447728437968
20684,46.57781875298569
20685,35.29444711840569
20686,26.423077317308888
20687,0.6831885268501026
20688,61.336040525721316
20689,7.4883818228416
20690,47.65006192122428
20691,0.6281230903531494
20692,53.65715558510528
20693,12.356807642957854
20694,59.87490570211824
20695,40.53372512431842
20696,55.92565493958246
20697,43.3843227356916
20698,13.467961459771601
20699,67.06755824003062
20700,10.534784127750594
20701,69.462319863548
20702,41.239142809476796
20703,34.35401752182384
20704,42.60502343666154
20705,46.042441469691454
20706,29.1514038878954
20707,47.182246058424624
20708,46.49948719109573
20709,45.77595626357973
20710,10.094549218177445
20711,34.707645147474025
20712,65.7409967977683
20713,11.05325938812608
20714,17.0867482461222
20715,9.220517270952527
20716,22.511513253680988
20717,17.831157437048066
20718,1.0054291474048824
20719,21.52130773060155
20720,49.48740223249762
20721,21.848948193293573
20722,51.734068007684094
20723,13.334640566554697
20724,49.72280679615278
20725,51.398472203833514
20726,58.38860230860044
20727,46.73583266050058
20728,0.8593780705125837
20729,66.04361574306017
20730,29.252209700468967
20731,41.10544747753099
20732,44.33418294715575
20733,29.217320705518453
20734,-3.3106133088607237
20735,41.79121888743754
20736,40.87006941834149
20737,46.91903784186941
20738,54.11726697284453
20739,23.467243077998766
20740,0.5745862771052259
20741,40.4939550573017
20742,58.334236619905916
20743,55.61034015883429
20744,20.370853136744902
20745,45.310715884541146
20746,42.33501389014582
20747,58.317249041792415
20748,32.305568622708456
20749,49.4253318656838
20750,62.45778953890863
20751,64.68467771596742
20752,41.917239503236544
20753,78.09837467906682
20754,47.445020319119976
20755,47.891903261544336
20756,20.340600309713146
20757,21.81857462277958
20758,63.701330868513
20759,47.47811884070461
20760,16.037574275457988
20761,24.55634760898067
20762,35.67411570991803
20763,43.595501314500034
20764,49.929067354078754
20765,1.2071817521478394
20766,54.84374180878598
20767,53.32918974694968
20768,59.63965969142998
20769,11.966024725357912
20770,42.755970402030826
20771,39.107322875339406
20772,13.878714110283141
20773,0.38119658623665487
20774,37.98720015573083
20775,37.88155213543019
20776,24.077626273463945
20777,48.76327185287299
20778,0.2534630556967983
20779,45.82317751573716
20780,0.8188708838559293
20781,43.4429711970451
20782,-0.06455866250611564
20783,39.92982052769325
20784,53.80847392470712
20785,52.924706178812926
20786,44.09063866745186
20787,59.44805418493813
20788,0.007039984746604944
20789,51.13028111824574
20790,26.643099562598493
20791,16.772147036553715
20792,57.108455050068436
20793,52.42990307175073
20794,1.2767913338032741
20795,53.29584778296247
20796,30.68960049296359
20797,41.72139719541064
20798,15.28303553415726
20799,36.30969602409828
20800,54.22849527199548
20801,45.54129225967358
20802,1.060841927615222
20803,23.540844365605224
20804,43.94111944985866
20805,1.5763270531325446
20806,24.35771623952681
20807,0.3211430608783701
20808,48.132939451042915
20809,54.69927362870667
20810,53.368151578706204
20811,51.40789030528424
20812,4.308762988947372
20813,48.723760106920096
20814,19.27891089760596
20815,0.16356198757561913
20816,-0.5495802698172128
20817,0.26897746600474903
20818,15.690123239293484
20819,1.4761697800116131
20820,42.40037260370772
20821,29.164579031323633
20822,57.810475685458556
20823,43.40382072187755
20824,22.487181006646203
20825,12.794994719206485
20826,30.018361687375727
20827,38.81776318204636
20828,52.846502172816955
20829,24.0668038763119
20830,34.826440234893845
20831,46.87925978336316
20832,52.5001492050871
20833,71.80446427105785
20834,24.676855967819975
20835,25.78498673043672
20836,22.329385802264227
20837,20.00748565777417
20838,62.652539456217994
20839,54.889006777370106
20840,22.143222516206702
20841,16.358599883045784
20842,56.09874276712374
20843,9.50370825158383
20844,2.163505434670448
20845,27.433409249038398
20846,2.234901442913923
20847,22.63366510386676
20848,56.844444511742566
20849,42.26924866121128
20850,7.948802055624956
20851,6.413345665099563
20852,49.1589205845446
20853,11.950150900651465
20854,26.280596067685273
20855,25.15814067709534
20856,42.15241270886461
20857,19.469129974468018
20858,56.67514664093143
20859,22.122534510477355
20860,50.93219144579982
20861,57.32945635753529
20862,46.82189836154429
20863,18.801778467213772
20864,0.9483691477531622
20865,24.99569897494385
20866,46.02880317375576
20867,60.67564309191609
20868,29.12552435357292
20869,-0.18214060313879088
20870,45.45645913444828
20871,1.2361544562711444
20872,0.5870210578201451
20873,15.437723300487065
20874,4.544883936597785
20875,1.6566096710568843
20876,51.35352185738725
20877,2.795879678375613
20878,43.78648233473769
20879,19.69999869251209
20880,48.305304244392474
20881,23.447209638715048
20882,0.028847586242171985
20883,47.46293196169146
20884,24.266472575088713
20885,0.8476520941722754
20886,45.16020180206013
20887,18.693178854185845
20888,40.0850154955155
20889,52.37705465757809
20890,35.670564655301106
20891,59.216601733990046
20892,2.40601011589413
20893,2.0784803105891
20894,2.999376948014806
20895,51.59501844609177
20896,35.97445216684237
20897,45.1713414353704
20898,46.77471540994624
20899,50.645247609410774
20900,49.11345180415378
20901,45.00706641312807
20902,-0.12428764076295806
20903,13.58118638326949
20904,34.646150644713
20905,43.71811227389283
20906,57.2380173432888
20907,18.270217528067196
20908,32.826538708594896
20909,52.82646250486134
20910,62.14843498495367
20911,24.04837778574286
20912,67.05474238014214
20913,19.616721852355838
20914,38.66405472799098
20915,47.41711859411543
20916,1.6109319597408707
20917,52.94235446701897
20918,50.42797733564624
20919,42.39383262036396
20920,58.95698923185611
20921,31.241690646539084
20922,50.520896257896815
20923,65.73555409509027
20924,25.173866473191524
20925,28.439241165419247
20926,0.33473454070575315
20927,16.934051381381423
20928,53.31992488027747
20929,32.86953316910584
20930,24.75033060031106
20931,1.475311392637746
20932,40.31517544104665
20933,44.13315052759813
20934,63.62054301997135
20935,47.56440706239681
20936,-1.500396510191095
20937,40.802349258767435
20938,53.799664902553985
20939,42.7902177207721
20940,23.891506537566045
20941,63.35278273017248
20942,50.31695871040571
20943,54.869296154178386
20944,51.66998549709694
20945,45.30633273027811
20946,19.053078805986033
20947,2.5603456133957607
20948,60.23396786071192
20949,50.89430339437854
20950,58.398542002911945
20951,39.976497403673605
20952,12.556390301291124
20953,56.65980649812633
20954,29.07675568634034
20955,55.14484356616829
20956,50.13973919715736
20957,0.30417801844524917
20958,22.75435493918974
20959,65.1822519043408
20960,59.16507720274143
20961,4.60714910138136
20962,40.74281059356698
20963,1.1637622698116061
20964,19.41216373561307
20965,25.783636968483954
20966,45.85274303817205
20967,21.24291261726908
20968,11.748170698097223
20969,13.10096046582083
20970,40.36839798358755
20971,34.2927018888753
20972,4.174422391396195
20973,1.0919552817191587
20974,42.06998928485006
20975,17.060140492164294
20976,56.25072417975449
20977,15.984636046686333
20978,0.43566408282632807
20979,22.03972949664525
20980,27.317638921986287
20981,0.3818048893149708
20982,31.34051626098189
20983,28.65616099396199
20984,31.907160874035938
20985,2.3931066970597534
20986,4.697874959742581
20987,56.54192980279603
20988,47.77703000986224
20989,43.067635902502914
20990,46.59770023929952
20991,32.667230835108946
20992,14.328791536753979
20993,16.512730581378424
20994,44.9518750204667
20995,40.57709388598977
20996,38.35119843663345
20997,34.87823145532842
20998,24.23852916422443
20999,47.90364153433999
21000,0.9719417717775727
21001,55.62567739244459
21002,42.18116185590934
21003,47.75448086161769
21004,21.502543114511646
21005,41.57487590495996
21006,41.96625472079514
21007,29.45079288772536
21008,45.934645761063834
21009,56.26096778680216
21010,52.147625603333374
21011,1.9946372381062218
21012,59.36229466061841
21013,22.41922751260006
21014,23.252058857691253
21015,39.994550638247816
21016,55.094839260212
21017,58.26456398144971
21018,67.35580144139459
21019,58.675564915793245
21020,1.7444263751775857
21021,60.46930789161799
21022,27.272835578085278
21023,1.8122837411716368
21024,39.878960018792924
21025,50.66739476853963
21026,-2.0313645038111687
21027,30.19117442315932
21028,24.13296288191625
21029,57.178636737697374
21030,0.8360686312704573
21031,50.51892819421676
21032,44.06559674505013
21033,17.29932490961056
21034,9.314133118808439
21035,0.12673603760705276
21036,37.8756131424161
21037,11.137320189964207
21038,1.8610507147339348
21039,23.736100438414482
21040,0.385397270807772
21041,22.749840082041306
21042,32.09200574654941
21043,30.09965768176567
21044,22.101832397487634
21045,16.835803198685646
21046,24.920045157350287
21047,43.389019408779504
21048,36.85752139460147
21049,73.65878567053372
21050,-1.950247056140654
21051,48.50651279827843
21052,3.1098149938679036
21053,43.36134860457382
21054,22.35016058054093
21055,28.082782837529184
21056,0.3855184542666734
21057,33.84373014962804
21058,41.24564456979706
21059,0.8482433976496253
21060,-3.7469908874016014
21061,46.08818503134454
21062,45.112529409324466
21063,0.288293178719087
21064,0.6346108489310467
21065,48.93203011622273
21066,22.758456103717435
21067,40.1636833183236
21068,52.57792345160276
21069,42.756097464963254
21070,14.422653517487042
21071,54.190868633041205
21072,1.747080076057454
21073,28.80459088929425
21074,26.697870344015772
21075,12.978119307601926
21076,1.0523110995075768
21077,30.951406060748262
21078,49.53377604185897
21079,52.02088624732062
21080,45.19245783904928
21081,2.6155208364135554
21082,30.786977869350803
21083,13.985289055524337
21084,0.3536677927976086
21085,52.45928146516404
21086,43.62415880415178
21087,23.022027476512168
21088,46.19619516643709
21089,22.276867535212606
21090,43.41035784026165
21091,2.5530086123797204
21092,-0.4325048542016958
21093,39.08248043086546
21094,50.0858958558131
21095,34.137495293469954
21096,2.5233948540693802
21097,47.60347926775904
21098,40.46427671422366
21099,0.4372574224627357
21100,0.8600854877363915
21101,21.498197185856043
21102,15.240332723262721
21103,12.570231872476846
21104,17.537318586077934
21105,41.493284645953295
21106,21.129335346157994
21107,14.664510171920412
21108,18.702546860186423
21109,38.195338701284086
21110,49.13701669074223
21111,1.46255514294198
21112,16.772635974672838
21113,54.823426924093965
21114,11.548280984279792
21115,41.94203229118155
21116,9.766906716447362
21117,54.591854856103325
21118,60.50698348601052
21119,12.408275615276796
21120,31.03676543668095
21121,46.009933244596255
21122,52.95440789254418
21123,-0.08321567273170416
21124,31.193128017892498
21125,21.07562620421793
21126,25.66910336674951
21127,47.603228882882554
21128,35.721068891836076
21129,48.16773664831638
21130,0.37559739302951556
21131,44.62922057923499
21132,51.321407299489586
21133,45.56184548566819
21134,52.104883637478366
21135,1.3285776543079315
21136,38.450020848120836
21137,36.08395350253306
21138,50.406208718753916
21139,3.7037737078314947
21140,32.86469218068464
21141,4.022397299510409
21142,46.78452976353973
21143,1.1348686129547332
21144,49.86603756369991
21145,0.9539552821590149
21146,0.2986312133178899
21147,23.201133700930058
21148,18.749286166405454
21149,24.976156895765165
21150,51.41205282640399
21151,20.296979047753577
21152,-0.6608647828201271
21153,55.29729255053145
21154,41.9864693767051
21155,3.2392538648213858
21156,41.03347296535072
21157,1.4954034768079438
21158,47.016865507570444
21159,58.51535200011142
21160,40.700758083614346
21161,42.42713360191168
21162,50.48697535959893
21163,-0.7399780892115473
21164,24.26107748157463
21165,10.41029431766496
21166,54.53475998501281
21167,2.404227426537311
21168,44.88312370692941
21169,2.4874646919334182
21170,58.151508797857524
21171,10.14402564784773
21172,23.265542232282392
21173,24.218230702324885
21174,26.09781506372677
21175,68.37630142689876
21176,8.64590569704784
21177,40.155845253589376
21178,44.57097195768486
21179,13.443986799845206
21180,28.721523634573376
21181,52.04223590150228
21182,-0.49493771143691134
21183,46.7028772905804
21184,-0.8696449598286904
21185,37.95537487097383
21186,24.348030123757965
21187,50.71478724491969
21188,32.03248380294759
21189,56.47994275123814
21190,48.63561835436751
21191,12.891355230341475
21192,35.68637284681068
21193,55.094961071327035
21194,53.61353499181245
21195,22.98923210329059
21196,42.94786482547572
21197,2.5460887086343966
21198,44.786516910383014
21199,0.9689086550629042
21200,33.40596080232884
21201,1.859980865275375
21202,41.613190069362304
21203,65.77924482144778
21204,50.276768977738286
21205,54.924259821457326
21206,62.19290521302438
21207,45.35108823367772
21208,22.7984675592957
21209,71.03100155113137
21210,47.6107129493905
21211,2.619259333628097
21212,45.090129378961585
21213,55.86619938374416
21214,0.14899931003493805
21215,40.90726802439818
21216,47.077552394274285
21217,10.925358914259672
21218,35.977357671715794
21219,51.79195555861653
21220,5.995696055577618
21221,21.553446833340914
21222,14.74330555427959
21223,55.80784806003973
21224,43.59238613445689
21225,43.48130829660463
21226,20.656349682253023
21227,47.982812675845324
21228,1.3570924992884024
21229,65.73215576689947
21230,47.79198588412902
21231,34.28053213826964
21232,40.50542189643291
21233,42.295043187197436
21234,20.28551953947116
21235,13.66899648778536
21236,25.13050691264624
21237,32.21783279562198
21238,56.7816666513515
21239,43.82050053492691
21240,15.413033931061065
21241,49.45723954864806
21242,1.5198422868787027
21243,-0.3826779921669612
21244,34.06245488686023
21245,22.830673429577708
21246,45.85471658515014
21247,25.729665556049788
21248,25.672832250944577
21249,9.619376012157943
21250,24.57129059115485
21251,59.079902688478356
21252,49.748824670219776
21253,13.555338169388108
21254,34.653779723175845
21255,67.75092607982035
21256,16.98009898382908
21257,40.126204671769045
21258,24.06784947854963
21259,21.636978388084493
21260,0.4866916804615897
21261,51.51882799561378
21262,20.858709680812694
21263,44.798175241855525
21264,22.318678742815127
21265,27.172175917522175
21266,6.116316175524478
21267,0.3471431052393825
21268,-0.46632660934357517
21269,2.277594848833292
21270,60.90385335062838
21271,51.77051727326928
21272,23.929147400281934
21273,48.77923500099868
21274,21.69252235323754
21275,28.028220520184085
21276,31.068983826911868
21277,46.57462545502219
21278,26.04349094691762
21279,23.91652844166272
21280,22.899658577820446
21281,29.098932796049812
21282,44.53821680878619
21283,46.34352578453133
21284,31.476208409368304
21285,37.293652887615686
21286,24.252572922958713
21287,40.01442147312581
21288,65.85850728820185
21289,66.1974481528335
21290,45.63398317543283
21291,-2.566781064381331
21292,51.87985151884811
21293,57.71320892880267
21294,39.062912432971196
21295,59.74535366346326
21296,1.6166351117597415
21297,69.61810669545056
21298,45.836918900896634
21299,38.104417068583814
21300,66.82029290593073
21301,40.54632295336141
21302,19.638388690259532
21303,42.887492222083814
21304,27.22009379518878
21305,-0.47490662671312833
21306,0.01433009997402479
21307,10.624289239547881
21308,48.153789695350284
21309,39.74233027883664
21310,65.71621175791682
21311,42.11110591495614
21312,30.27120617288509
21313,21.472682400348926
21314,3.558437945700664
21315,56.880951402694635
21316,43.81977449080955
21317,48.37329925188022
21318,1.182362350240716
21319,43.18433124420185
21320,48.75945085391916
21321,23.7840718830832
21322,41.18953085588036
21323,55.065904716550406
21324,43.84350438577929
21325,21.31802593092433
21326,28.08263734290846
21327,50.7434501080203
21328,17.70394715578889
21329,46.59186293038306
21330,1.781052429075526
21331,23.732853612324604
21332,41.39515231231522
21333,44.79087052049381
21334,53.426706540177236
21335,18.754210026996667
21336,34.19211784298387
21337,10.381822847911746
21338,42.140432762729624
21339,44.99752808001053
21340,45.72644989437647
21341,33.59215447651732
21342,-0.949243035298629
21343,6.635900907470393
21344,41.79688196957666
21345,-0.6387571649111763
21346,23.892590845735608
21347,19.824828314683742
21348,11.47739713946348
21349,47.71365074938423
21350,43.88718648397302
21351,23.232781268745104
21352,18.84377117942125
21353,40.81539234429904
21354,0.1287732106720867
21355,64.33627822399076
21356,53.16708507810649
21357,34.2406709937479
21358,24.488256427795683
21359,22.658580924932174
21360,1.365311107174989
21361,36.76798578722252
21362,0.21200901969933028
21363,51.4619271815003
21364,23.720638530930472
21365,30.487413014861097
21366,24.639479757730083
21367,62.784899505777325
21368,-3.857026620470357
21369,45.450827956946085
21370,61.77228374867201
21371,14.393334390903924
21372,11.122886635624273
21373,45.72765609453153
21374,39.592608505705186
21375,1.492263820071532
21376,-0.36842452888090094
21377,51.19256658672966
21378,23.82473865713819
21379,34.843444492550155
21380,12.158030781853299
21381,54.65242610061429
21382,-0.3694824769885585
21383,45.261435031255246
21384,55.30925665709378
21385,11.357629146771561
21386,58.64141725144498
21387,60.16583136265983
21388,40.85645415222541
21389,45.71417455227862
21390,25.693710014752497
21391,2.141427382199666
21392,4.014262558338213
21393,33.70191932649128
21394,34.57220907401075
21395,22.506089387822737
21396,48.834562691084386
21397,46.497904350890394
21398,52.01584782051518
21399,1.0351948073051531
21400,83.32726743624212
21401,61.751019619685565
21402,63.16273038078607
21403,42.170817078983895
21404,14.777601225700042
21405,-0.8450012779739282
21406,48.947638852314306
21407,28.906964633016116
21408,55.41609783535646
21409,1.0385976440259341
21410,62.269829404197935
21411,63.98541982664574
21412,58.87245655178435
21413,13.009475279442668
21414,61.85725977788985
21415,54.79214932956947
21416,0.358448063448634
21417,31.208175520974617
21418,-0.8718105789311394
21419,0.6800437524960543
21420,46.26715980227647
21421,46.92576089485769
21422,43.879051160726235
21423,6.932193892436658
21424,23.75171562787491
21425,-0.31307795759298784
21426,49.080882921394036
21427,40.84531122338967
21428,24.973108600216563
21429,62.496628549034895
21430,20.485113984179442
21431,53.81405173390215
21432,49.644499652341594
21433,47.918725415163316
21434,55.837391277829084
21435,60.727746432721716
21436,41.598155751871474
21437,37.41053557187727
21438,43.73901121531166
21439,29.46464341862118
21440,25.06184461716277
21441,9.299294816241499
21442,57.84197899599694
21443,50.01130151119446
21444,5.5835345437571675
21445,20.186845099614846
21446,28.90520864323704
21447,44.750026894661005
21448,63.03103062624773
21449,4.958445834966572
21450,1.044261802053903
21451,45.7701879745413
21452,66.8638487440045
21453,54.85401473743343
21454,6.267939756123184
21455,49.95864418227933
21456,54.270381786997945
21457,35.393534272806214
21458,50.09992317711853
21459,-1.4081916822297273
21460,25.790475800326167
21461,37.412623099628696
21462,0.1935296070179291
21463,24.625155656012264
21464,0.5851537250388503
21465,1.3237264381070375
21466,57.99561142904226
21467,1.5578078056708158
21468,37.397126394373835
21469,-0.6834979493793867
21470,39.27910288819487
21471,0.46440752919689743
21472,56.22220244230755
21473,46.609909429078705
21474,56.177324242177335
21475,34.959476520220385
21476,36.71361126955446
21477,14.522489206861188
21478,21.87183006853307
21479,18.029815894905575
21480,17.968048520158575
21481,37.09453737627014
21482,46.14665854061289
21483,29.39176859163409
21484,20.10593745607523
21485,49.60522135510615
21486,38.58737943836303
21487,1.4703225770860051
21488,26.684191897153028
21489,44.16018485062754
21490,-1.733951002013363
21491,40.75303597737708
21492,39.98979496076414
21493,22.558031204167325
21494,51.64332837643359
21495,42.17714552306202
21496,54.03897642724368
21497,33.36552095677903
21498,25.730444817014774
21499,30.665012469268817
21500,65.09002695888461
21501,27.48963241665907
21502,51.95122538767339
21503,1.4451280307193848
21504,54.42666120000925
21505,27.494554126333146
21506,50.64330391199577
21507,3.2171639998241695
21508,24.428056739823866
21509,40.55830370274412
21510,60.87996177294956
21511,-0.12421028881563245
21512,21.18988354752298
21513,-0.39428090458723375
21514,15.773845406750556
21515,42.18893058465461
21516,22.34506521082462
21517,21.60152048595742
21518,3.902156307970248
21519,0.026886182545815984
21520,-0.018913832235888606
21521,7.669822305431946
21522,33.52642358145376
21523,51.38257891371015
21524,-0.5327464032943041
21525,53.496416684637666
21526,-4.674053833378331
21527,31.82708526339671
21528,46.84765970944189
21529,47.94713394742733
21530,55.064912817320774
21531,29.893666135107022
21532,69.31450847836997
21533,24.872867115533573
21534,31.855388829095574
21535,19.988033784951313
21536,81.90200355691246
21537,30.714189262774617
21538,49.493878879704674
21539,37.6752785306309
21540,50.24674301350674
21541,57.7004994529145
21542,25.649894289945507
21543,46.512021622171616
21544,46.54205123758941
21545,36.71772293631486
21546,18.886249704705868
21547,40.536634889727964
21548,1.8297934562445874
21549,41.448210015243134
21550,46.48977281431098
21551,18.466097469496418
21552,54.65049564078258
21553,53.83360158211747
21554,18.28930945729453
21555,56.26220008325579
21556,41.63726208399581
21557,39.03877691576612
21558,11.076342679099913
21559,59.76446119247525
21560,38.31269821810604
21561,51.78681484910234
21562,43.72261212508896
21563,-1.0737340635474837
21564,20.839481989058918
21565,51.59897376157934
21566,12.639520435576937
21567,40.364540217685345
21568,38.81396342977698
21569,0.9535080143034804
21570,21.14655934401562
21571,22.682335697123563
21572,0.28225814458251364
21573,22.058207046942513
21574,41.291328506818296
21575,83.02755932561497
21576,58.390414803294824
21577,0.3023915085845701
21578,49.64577548313393
21579,39.49215995697474
21580,35.139866504667005
21581,41.480768403291435
21582,35.48098850824607
21583,56.24098252541391
21584,1.318938047043222
21585,47.49197915482474
21586,53.69110791420947
21587,17.708853942033898
21588,31.11740715800111
21589,25.20633454549265
21590,45.58375135556297
21591,61.06320740417468
21592,40.995163859367906
21593,43.46535680880897
21594,41.091996751444285
21595,15.48817725785118
21596,50.1862275037593
21597,46.060728206018325
21598,0.3292075105077501
21599,45.261835838801744
21600,0.7889134015881822
21601,23.214338423880264
21602,14.218197280509255
21603,0.6269498198336692
21604,41.85439462274566
21605,6.382345848238298
21606,0.39227679604989873
21607,51.12586041968745
21608,39.92113514154402
21609,37.666985929437146
21610,-0.7448398480299332
21611,57.155302048094036
21612,12.433840916821108
21613,45.374362335847195
21614,46.041937687687636
21615,0.7327363656049499
21616,-0.27582297750223717
21617,0.7962336617054859
21618,54.38405766309016
21619,9.51767633721223
21620,0.4099809600197446
21621,64.87086356944374
21622,14.060343531937644
21623,19.49597382353587
21624,22.03507627234882
21625,-0.12901019729476104
21626,44.60009332258838
21627,50.62149818349488
21628,24.61153595205181
21629,2.6713958346525324
21630,56.563060114222
21631,57.60439851245859
21632,-0.18815202053820457
21633,61.100969051739426
21634,49.77843448298391
21635,4.291433088213676
21636,42.12770689728416
21637,17.508655834863255
21638,22.406350173785285
21639,46.414996458362396
21640,59.3101683607713
21641,51.411210312026704
21642,52.36728998159338
21643,51.36155139750477
21644,52.67770302155033
21645,41.24817510736951
21646,43.298144855353065
21647,10.901939591328333
21648,32.23843286078374
21649,50.91797751219238
21650,23.651839370308217
21651,43.821733170476065
21652,10.858067715941576
21653,56.14787302923318
21654,1.0755194976379414
21655,53.76659349386158
21656,43.49260811297924
21657,12.562189124363599
21658,21.871034950291453
21659,36.03358387964073
21660,25.2413410345071
21661,43.910503868785675
21662,25.523383856350986
21663,20.673827050235147
21664,23.992018599961344
21665,43.12814829446866
21666,42.37398454619391
21667,30.26219688286816
21668,45.60765301546974
21669,7.7177132084159545
21670,34.85754785565204
21671,-1.212443164129759
21672,42.775779661863226
21673,20.109296685598977
21674,21.505415200550743
21675,20.215344574148492
21676,48.576475059291965
21677,45.25689394262105
21678,47.23028225916836
21679,50.04229987799182
21680,31.502735789239956
21681,10.7559916900844
21682,2.0875404526063868
21683,65.29977109263278
21684,45.64418975110816
21685,47.54790375601435
21686,21.248019811744555
21687,46.74928178000672
21688,68.90799148109778
21689,53.16055651184119
21690,54.98635813716403
21691,44.50000583629893
21692,44.05262839725735
21693,29.184978727109808
21694,25.41897703357772
21695,42.25204185050755
21696,48.42407802545987
21697,50.45219700552114
21698,26.048267527302624
21699,-0.2576347998391455
21700,33.37516217098
21701,56.44690793874048
21702,50.91125716509568
21703,50.43099735494204
21704,46.92783686437629
21705,43.024535558212946
21706,44.785308804932825
21707,44.48357768426045
21708,67.4087487607238
21709,61.55240300683566
21710,42.17773846454897
21711,63.424393385371545
21712,2.2623643197667036
21713,26.969013542966287
21714,46.6640994966031
21715,-0.46985872812053486
21716,44.47351031946616
21717,21.772301076115358
21718,0.3636756115972659
21719,48.44539797713544
21720,48.04157894521393
21721,23.0653389570102
21722,56.09605870948004
21723,60.6150816812236
21724,49.00813310238546
21725,13.545030204894658
21726,60.77251310157703
21727,1.56888558344113
21728,12.05135903623146
21729,22.176643794395137
21730,0.07747402876834286
21731,33.93504546482019
21732,1.3829371467028508
21733,14.708727397178489
21734,40.62860742941517
21735,2.8464580606337258
21736,24.114980210249243
21737,43.84054741345578
21738,36.20048463956941
21739,25.334583743966242
21740,14.816224805151347
21741,19.062755007082842
21742,54.27835115334192
21743,29.656966702935193
21744,16.304778188813557
21745,21.852163076362487
21746,40.95848189195879
21747,0.38720107161476847
21748,-1.3096530441976881
21749,59.520846721972674
21750,46.94890034219144
21751,41.377134349179265
21752,73.91317357061932
21753,44.713786437523396
21754,-0.06734802556934483
21755,49.3941866543813
21756,18.678209194124044
21757,61.229794010643936
21758,51.8586180552214
21759,55.26484826978527
21760,47.863335876071694
21761,13.229218639928348
21762,1.365543428172625
21763,2.5606865848664384
21764,-0.6778731354105716
21765,49.371542990147404
21766,22.881902930526635
21767,24.198550202633417
21768,42.20807702368872
21769,-0.501104874577365
21770,46.41595603082094
21771,23.46815290969138
21772,0.25416059155183746
21773,44.37099445567985
21774,47.36672616872837
21775,-0.21670987021210664
21776,38.509863118113564
21777,24.20670484243154
21778,32.66012566468994
21779,43.74382889292188
21780,-2.053029749818947
21781,43.22218851074104
21782,60.96037864326165
21783,46.32929252589642
21784,60.45245438246267
21785,38.181646493151476
21786,2.7763194696960376
21787,45.29687123368072
21788,22.01974628466627
21789,39.74013038920735
21790,47.72522308358544
21791,40.70622712576135
21792,1.676277537366392
21793,45.706424183253006
21794,44.38865010518079
21795,27.545356910176384
21796,26.25175907846681
21797,0.09373182064295804
21798,13.155678753609916
21799,46.316927463497244
21800,50.858928872100904
21801,41.023465160765696
21802,37.96014580343646
21803,41.06244424942561
21804,57.63551980028433
21805,52.61403826605833
21806,52.74234191150046
21807,61.60780559214913
21808,34.5148238148393
21809,23.756511132281528
21810,36.124700023194386
21811,24.968380465584097
21812,55.21129873848079
21813,43.82536985586235
21814,44.24453950533677
21815,21.59119229468186
21816,24.721318703335278
21817,57.041463793889235
21818,2.475037605914739
21819,41.301005309934396
21820,66.42807316960136
21821,3.6418207962700144
21822,58.86060577999836
21823,47.976889508948275
21824,50.7383356032302
21825,46.64062599287283
21826,47.837881655535064
21827,74.3406044323448
21828,32.21767167006942
21829,43.532957176450026
21830,52.43268938900975
21831,57.093056632064744
21832,61.93753824399978
21833,50.013611205151165
21834,14.30952747197789
21835,24.51430413742723
21836,50.886893223556484
21837,68.8227289398883
21838,58.06893813619324
21839,44.51687548768878
21840,18.677395419570388
21841,44.80412500682778
21842,24.427419846795786
21843,42.24697459994634
21844,31.557070093759325
21845,49.84814090290273
21846,46.82677238820672
21847,41.025569801383696
21848,20.402646737778056
21849,36.74193172044448
21850,28.024009721274336
21851,1.2516485971423492
21852,2.2976552620081634
21853,59.708591441338626
21854,50.27602057920721
21855,0.22455672532964854
21856,52.94957509152418
21857,28.89964239925587
21858,37.05880466353208
21859,10.553828848438389
21860,1.237743232339625
21861,22.08093909647262
21862,20.747615089845613
21863,63.39781743499338
21864,0.12176998085797663
21865,-0.32448936213026514
21866,43.299462470435614
21867,1.187015840768801
21868,55.25732331436801
21869,57.46628376577365
21870,40.979455208937445
21871,43.10601950206382
21872,19.738177185416678
21873,46.39937431683987
21874,10.262739293824112
21875,41.834617306435064
21876,56.38646184025313
21877,23.345649021794223
21878,17.28417051490919
21879,49.34076109792203
21880,-0.18147136843865752
21881,19.379743777030768
21882,65.22689609859569
21883,3.041065724998024
21884,44.51524867446953
21885,1.978062302255715
21886,20.747360811999368
21887,60.335672483763986
21888,23.41714841523549
21889,43.82240129934342
21890,52.05666562565045
21891,76.75788820705334
21892,40.72011218225888
21893,52.99217165048615
21894,-0.065012510592652
21895,41.74445330093674
21896,42.070284458447176
21897,53.4689462413435
21898,3.4645396935722275
21899,78.71744962440155
21900,55.528085377273
21901,22.245860315789805
21902,49.374373891281834
21903,69.5890303545983
21904,21.66822261060641
21905,50.371633743215725
21906,49.71709083689929
21907,-0.06638237575737094
21908,-0.25716195852343304
21909,48.408701753250064
21910,50.109641496902015
21911,25.737161401513276
21912,24.618889850954005
21913,20.3674837320837
21914,46.15951483951993
21915,9.288713726323554
21916,38.23989052233756
21917,66.86454174847465
21918,3.6845724995432505
21919,60.686637164742436
21920,12.12006202268411
21921,-1.8770480849068392
21922,46.70407529920762
21923,-3.6373357606341585
21924,57.23860745763784
21925,48.03748232475657
21926,25.613217394767002
21927,29.077336673483117
21928,19.971646139936635
21929,60.322650754438314
21930,1.6216307693304906
21931,29.78219950598592
21932,56.36017021056715
21933,10.972567955369541
21934,1.305185737420441
21935,47.00504946115794
21936,27.76858933918102
21937,2.0516185304689856
21938,19.64227521355413
21939,51.79929998021038
21940,55.55421857213692
21941,19.49400273395193
21942,24.20683097194506
21943,43.445948971928686
21944,30.69040614733781
21945,53.22287943760294
21946,39.531645940354124
21947,20.033593721578406
21948,68.00008923210333
21949,34.33956575942591
21950,31.677137621568292
21951,58.17820309405313
21952,39.064881303519165
21953,43.22829661219635
21954,64.23428868803745
21955,52.681272561353595
21956,0.6918235900368401
21957,0.4237142677404009
21958,46.23167610950179
21959,57.7174256394799
21960,42.293333257402146
21961,18.620842152474836
21962,25.500992813009873
21963,19.41746621038827
21964,44.670279654069304
21965,45.57078660568763
21966,17.966567297242392
21967,51.08526874480347
21968,69.03092645559371
21969,2.0612937037849406
21970,23.589254760861152
21971,7.681000145644539
21972,15.105549993185644
21973,23.53626028847894
21974,59.98153002239573
21975,0.16800730381030604
21976,27.824684688172812
21977,50.167520199702935
21978,4.447906159911643
21979,18.309700942271682
21980,24.54182695849476
21981,54.27094797372398
21982,39.401519747943624
21983,1.1775117606621208
21984,19.8796764160012
21985,45.83736542821826
21986,53.665891946143034
21987,16.589021462505617
21988,17.910360632270525
21989,35.059898603652904
21990,46.36713461666032
21991,54.569394660256165
21992,70.24977446656953
21993,30.778661179913513
21994,55.32906861204
21995,29.57197333309115
21996,62.357141729973264
21997,56.34060549283504
21998,53.76878324298943
21999,26.20381632704361
22000,51.89205034292678
22001,23.35895330578785
22002,48.92834597282858
22003,59.50816705817206
22004,15.612800299772061
22005,28.822568035469153
22006,51.64056827308891
22007,0.7514506173029858
22008,19.787362848795045
22009,53.625218100830224
22010,52.597489988122064
22011,46.012789250792835
22012,-0.6389762440793234
22013,25.06562647878534
22014,25.987780959232325
22015,66.94379495906412
22016,54.8466236509313
22017,11.03433470765161
22018,53.305444719181
22019,10.879763118969308
22020,16.03373642559773
22021,20.952260182035218
22022,0.4535075568656737
22023,55.30399825483539
22024,40.38645157010761
22025,57.50228752010525
22026,20.46575785133955
22027,54.32298281789433
22028,48.04792607326138
22029,54.78212669246689
22030,56.21010755634221
22031,21.728124343382405
22032,25.081938075904652
22033,41.75680726912037
22034,48.419482136309384
22035,26.13828517070411
22036,73.30234194334395
22037,25.942695129166488
22038,0.6430686555895804
22039,22.494805540840872
22040,42.829909605764385
22041,24.19441062526883
22042,52.62749055228848
22043,29.214610863093373
22044,11.443990920593944
22045,54.37365624982034
22046,10.025773630599105
22047,63.39293443894759
22048,42.14607740629623
22049,22.08688963196679
22050,51.05489985009346
22051,25.543688078913885
22052,51.46439216486132
22053,23.596997079702717
22054,42.91049982714566
22055,45.97109932488666
22056,27.3966276245991
22057,48.071765288452575
22058,36.845917762465454
22059,50.710313996043716
22060,46.79243090961784
22061,39.503741769432494
22062,-0.016284657584840545
22063,48.48943266492965
22064,41.66424052356281
22065,55.370180091234076
22066,28.0685386882005
22067,13.64081291558395
22068,60.79259744801413
22069,14.00054579607761
22070,24.024241782794487
22071,51.64319115868798
22072,3.91089754601386
22073,13.798413821862894
22074,20.637659227627545
22075,35.82012815523432
22076,43.8853771739222
22077,16.2045960402785
22078,0.22570469255482806
22079,58.25145582267652
22080,0.4059488114541736
22081,2.2185851203512783
22082,45.870671055839836
22083,46.34335693701421
22084,13.17543777130551
22085,63.61047381105832
22086,24.302431549706558
22087,2.3778691430921306
22088,21.371319181094975
22089,3.0800540348262686
22090,48.377587661554145
22091,1.9001443960905426
22092,1.3409921595529717
22093,44.651284175987485
22094,2.212221145413963
22095,57.29551695208314
22096,57.1708959094057
22097,20.4194820015812
22098,0.9818536117215331
22099,35.76020490742036
22100,-0.2838947478370031
22101,42.76586759605796
22102,35.51083296619562
22103,7.163377696010546
22104,17.749828135666025
22105,27.68971884147278
22106,3.0391037113429924
22107,9.503549606034102
22108,22.432623967181463
22109,23.54756236551527
22110,37.75736719997547
22111,43.90253392028592
22112,54.15362618184565
22113,32.325882600210605
22114,65.08767487975736
22115,49.731707354255946
22116,32.49526542578751
22117,43.57069246850396
22118,68.16215692709827
22119,21.259379767283814
22120,23.644723825250615
22121,60.98317143006793
22122,50.915304904958475
22123,79.07864923354515
22124,55.48655679891459
22125,-0.8893736372547352
22126,25.14535087547675
22127,40.36056496750714
22128,44.68998198600695
22129,49.510208005301735
22130,25.570386968728258
22131,27.8494467425394
22132,24.72024448423378
22133,46.3074843583517
22134,1.1601765556697785
22135,20.193986749834238
22136,10.858943565588469
22137,53.50463977003347
22138,15.486723252337235
22139,1.155603997078444
22140,48.02567188574781
22141,57.64283823117917
22142,23.38294031267261
22143,35.14949716308833
22144,30.06835719647501
22145,55.70938408902488
22146,4.281964107773078
22147,22.981811641463615
22148,27.998047588023375
22149,8.11121976649844
22150,40.58714888282752
22151,-0.36824718159436287
22152,18.594760579642298
22153,21.56737850356845
22154,-1.1437637992944545
22155,1.6976957512824313
22156,24.016345538179948
22157,52.949128725141506
22158,42.3578255836009
22159,24.056501542743923
22160,36.62973822511371
22161,43.27357223857928
22162,73.72237322630522
22163,31.069792717369744
22164,23.8608702902437
22165,-0.44481528274396
22166,64.90650245990624
22167,24.17353365561172
22168,27.234487155168992
22169,45.9509440479254
22170,1.1019812090021546
22171,65.36275466137874
22172,25.680371673133063
22173,12.884050956411205
22174,19.33632304447853
22175,49.129437665921664
22176,17.37147830894932
22177,1.922844649763146
22178,0.7621790700195064
22179,57.26334968829198
22180,44.391379414471025
22181,0.1624810166445556
22182,24.309541541433816
22183,48.23875797232151
22184,6.5867374674221395
22185,-0.07271264109802189
22186,11.971571747057617
22187,43.10408390272006
22188,25.651379775448497
22189,24.695770006770083
22190,44.24348993052081
22191,20.76342777545871
22192,49.23122741057499
22193,80.19281090740945
22194,37.828054770357554
22195,34.51030995245217
22196,26.439121740934585
22197,30.69282829065702
22198,39.929407589727425
22199,19.798492038209027
22200,0.8816809000445218
22201,-0.7567792938819409
22202,0.09849285180911238
22203,55.00643282607213
22204,-0.22306411762181
22205,37.07540809840827
22206,47.0853655554079
22207,26.330913341808728
22208,21.891400650337033
22209,46.43815687487245
22210,51.2532988966984
22211,68.54053912602299
22212,36.290304691258974
22213,53.61601678108042
22214,25.403088980336573
22215,32.33598211654716
22216,1.4908712089223286
22217,50.30960144077004
22218,46.96233846182012
22219,31.396996728465552
22220,42.104802254529936
22221,37.22225649107076
22222,26.116551891326786
22223,2.7441717831330834
22224,20.747690972209313
22225,40.699714660520485
22226,55.53732788872749
22227,1.7255400041445697
22228,29.922388638088254
22229,45.063494635272406
22230,37.5784346111668
22231,30.6329112436629
22232,51.665010414811334
22233,38.81107660845869
22234,24.991146440872512
22235,-2.1379055446031003
22236,55.89981223964603
22237,22.95349062642635
22238,0.4232366895771378
22239,-0.06053499026067044
22240,27.171594385025134
22241,-1.3056582093027416
22242,37.42642292969444
22243,61.82061774060731
22244,24.91856556595495
22245,47.21063025937699
22246,21.23757018737158
22247,41.52254925104509
22248,54.29062984658162
22249,50.4709227678171
22250,47.126173614911515
22251,0.9510647888686563
22252,51.89056894698512
22253,26.098751536373754
22254,-1.352534963894115
22255,0.9498652612308689
22256,8.102333869324998
22257,25.28724782373247
22258,17.900777219323864
22259,31.578254227719142
22260,12.305639557366796
22261,21.88345381442656
22262,18.540399339931348
22263,15.992641518055091
22264,41.35334114420027
22265,32.412326069448476
22266,24.233180830210927
22267,32.52138426734193
22268,-1.430470867119297
22269,35.72182127158289
22270,42.40105579999975
22271,36.808131163061624
22272,59.79089674956996
22273,-0.00818920415148483
22274,61.55492828576974
22275,23.807240953990995
22276,1.1305362589777204
22277,47.53375276488917
22278,30.068769141258553
22279,24.304998017396024
22280,11.97925860560763
22281,29.844175939851944
22282,2.506431482696904
22283,73.76018335909306
22284,25.575359423495804
22285,23.519225358348244
22286,1.244059686210143
22287,43.69659617406681
22288,1.451196415614966
22289,54.10115239017504
22290,46.623503757072875
22291,26.021865232267135
22292,-1.3837875984280643
22293,43.28165618314668
22294,34.11846779951157
22295,2.7015709565617243
22296,25.510477497426677
22297,5.464530578159547
22298,17.380120171688027
22299,22.09416948479879
22300,2.003503957629338
22301,7.030218686934269
22302,43.31016512151745
22303,53.679062066533504
22304,23.10897685982116
22305,27.716748401478924
22306,27.888046908348283
22307,55.87011963231146
22308,56.956275664673434
22309,68.05066388824736
22310,0.6600218917025344
22311,44.18609222941105
22312,43.859555107561434
22313,18.219857534569762
22314,51.14158637399626
22315,46.869079720403505
22316,58.54851374404145
22317,31.00388539181367
22318,63.17278089367535
22319,45.03844306446981
22320,40.113187214202505
22321,0.015389084402521291
22322,41.694532082619475
22323,24.694522249773783
22324,13.49448268330043
22325,80.60130057817501
22326,30.180156439889643
22327,1.237962295403321
22328,31.662618080460526
22329,5.486040562579323
22330,4.277094628858599
22331,43.94615278452916
22332,48.05054280286921
22333,43.53259130458458
22334,48.05070557528832
22335,14.482294470848352
22336,20.130875120104726
22337,36.274075544707884
22338,35.648513053317394
22339,15.283525789559143
22340,40.04098038344307
22341,35.50525324706946
22342,42.38065293153809
22343,-0.24403887904006183
22344,22.285924654071458
22345,11.950077395543527
22346,23.30940421847866
22347,64.99712795082954
22348,69.59352279796377
22349,-0.9194654863892211
22350,38.14326532433801
22351,46.97352554952394
22352,38.86899141099769
22353,34.50753175995548
22354,32.38266592959893
22355,35.60610092475413
22356,0.2923283323281254
22357,45.80623804050557
22358,24.32955695921316
22359,65.3886460771158
22360,0.08561668262528599
22361,67.74065470188836
22362,73.78827153439492
22363,61.9666491979455
22364,43.0763538895169
22365,69.16977769669006
22366,35.20454907451065
22367,19.1532865972337
22368,71.82516693692739
22369,26.063980721731696
22370,62.077071558544645
22371,57.260138892265346
22372,50.752735550826934
22373,25.386294007437982
22374,24.46906522406807
22375,50.65582479383727
22376,39.31294561396129
22377,54.900596817262894
22378,55.75942592126985
22379,48.77822417946843
22380,50.84979023931194
22381,55.46788178285503
22382,23.949733645282965
22383,34.79320814364369
22384,18.673680317991174
22385,15.614701737584472
22386,13.01179225096297
22387,26.42244325008231
22388,34.686530901575416
22389,28.526245349550464
22390,53.69846616830779
22391,17.59781542606909
22392,38.95130540583724
22393,20.081764662064522
22394,31.645912279170403
22395,1.032359654756128
22396,56.13984128248592
22397,0.31039768496653863
22398,45.16321511091505
22399,33.77801640404742
22400,22.108426294144934
22401,44.21610274902222
22402,28.01829617928365
22403,51.55417429106177
22404,40.84473957171996
22405,54.16843512006915
22406,52.16978982039883
22407,19.629959514241992
22408,55.79131212715646
22409,54.12091912464786
22410,59.26627798560804
22411,54.57074908391279
22412,43.006223357872315
22413,55.439074116137135
22414,48.71319612055085
22415,46.74821861675743
22416,49.291981444744366
22417,26.768462985827686
22418,39.449384153298425
22419,45.912207261169826
22420,66.27093662703533
22421,53.546880356945486
22422,47.67269451937908
22423,37.67262987397898
22424,54.923580382524115
22425,21.092030185788182
22426,43.66359049696091
22427,1.7882402919344038
22428,61.12774671590802
22429,44.19212281504636
22430,-1.3485173595831554
22431,12.039771345074325
22432,3.2042244115730973
22433,1.3151647256015266
22434,36.881237020912465
22435,51.28683370703996
22436,0.4032838830044909
22437,57.41024276950348
22438,30.034542348015584
22439,63.87919473417361
22440,57.25707221203032
22441,47.887270772399056
22442,39.21822040362031
22443,67.70005484496889
22444,36.81632097096883
22445,23.825968735236444
22446,5.508284497257019
22447,13.628783053671107
22448,41.85862105129892
22449,43.13773279158349
22450,44.68696082638433
22451,1.4237792996869878
22452,7.496331140363594
22453,57.905548058425595
22454,11.598017874461117
22455,38.044294083046445
22456,43.85912208752306
22457,43.12113854340437
22458,39.07791199288867
22459,29.171791623255814
22460,8.50243045255295
22461,2.2316801112040743
22462,19.029258145906944
22463,35.38195430659036
22464,44.16703682906443
22465,47.6899066168416
22466,39.404259082834024
22467,43.93592085091921
22468,55.71670459610989
22469,-1.0680669204303754
22470,38.5767055522031
22471,50.374282621202184
22472,37.86177762775346
22473,73.58905878760626
22474,23.374581494400953
22475,51.641219224208655
22476,0.5290801442417745
22477,49.101169864183305
22478,56.75037014974792
22479,38.45104334945883
22480,0.39741513895273783
22481,41.8609098330263
22482,32.81000007022281
22483,21.51498483340745
22484,13.914989149098812
22485,24.924010173636596
22486,67.06018013679761
22487,48.368585259448
22488,41.20913805857851
22489,56.066736734667884
22490,37.13737754940862
22491,47.802130280994994
22492,61.0573597694868
22493,44.59322153632988
22494,0.7155414596451521
22495,16.54913020950506
22496,-1.6767000983637104
22497,65.39808133641662
22498,21.42412629314239
22499,44.48852388399973
22500,61.59884368536596
22501,59.255886612521635
22502,24.201048360984117
22503,41.73919075675994
22504,48.39851489157477
22505,59.50269240451446
22506,19.344028894719056
22507,46.30433467729107
22508,50.73986623557664
22509,49.240790666185354
22510,27.208579626038933
22511,21.579401099292095
22512,41.66612831096753
22513,29.121712420336916
22514,18.356957856951585
22515,30.980586535242548
22516,0.4763950500739469
22517,57.86349246175007
22518,14.943368404893395
22519,44.389004779759276
22520,0.14514507891549044
22521,33.42560375786535
22522,23.53354022925028
22523,20.655897315347993
22524,53.21119558631466
22525,36.83167276455989
22526,0.0667305437780712
22527,46.717020585637734
22528,41.20663917032249
22529,53.802521979025556
22530,3.0496471417849875
22531,19.591573190514804
22532,39.30022394209905
22533,-0.8789012809710997
22534,52.6350015553036
22535,19.781637914251835
22536,40.68485885654733
22537,20.207997548804936
22538,24.889264997703414
22539,25.23961841411125
22540,27.287142967109283
22541,39.06126615664387
22542,0.1321863073493077
22543,46.50847606287669
22544,47.37350951415199
22545,50.402500746550785
22546,12.178938773537325
22547,31.270360517062866
22548,36.27078527257771
22549,16.68662305646383
22550,33.237847018590344
22551,63.205320756145994
22552,1.0312718740374365
22553,4.080950069190841
22554,49.416763501964006
22555,-0.3693294828810778
22556,14.87753207732445
22557,7.918715716606744
22558,59.697673289199045
22559,57.298099797144886
22560,25.29223216955075
22561,54.2874877928943
22562,12.641143215613141
22563,32.66995653423292
22564,19.586235496651717
22565,3.729518204433063
22566,30.13886842047407
22567,15.790844462648632
22568,43.73832322990241
22569,61.51592274754881
22570,32.54851000097752
22571,16.80866962888802
22572,66.34691376674029
22573,65.89746759788399
22574,1.3334848481161856
22575,-1.3998045754887727
22576,20.24756934078696
22577,7.304991974003833
22578,58.11140684391606
22579,25.75118374778015
22580,46.12039364640466
22581,28.17525005633236
22582,10.775357436456272
22583,40.281011015988625
22584,39.22008104260872
22585,55.25994374480562
22586,38.959528541063186
22587,43.843934922740914
22588,48.170245975149086
22589,-0.5955158331503441
22590,52.96323869160368
22591,4.6559874611914545
22592,23.223710297250143
22593,30.598260761042532
22594,2.8574922826143556
22595,54.97714257647765
22596,1.309769172197381
22597,35.84081238424569
22598,25.699792703350862
22599,37.130597915380456
22600,10.936397372003885
22601,5.655328790529701
22602,43.822064627259714
22603,50.40997002660333
22604,22.293183837363742
22605,21.899970769688082
22606,10.081759134902033
22607,47.40378739704873
22608,56.679282508761645
22609,2.2024405158531124
22610,41.41827979632578
22611,35.10257057610191
22612,0.6002905028754952
22613,55.259524160970265
22614,0.43571759212439787
22615,33.1558895139942
22616,36.642574064668224
22617,53.49275190631791
22618,2.3288588363807854
22619,25.107582725239933
22620,45.240209431893646
22621,48.57260119929378
22622,50.34761696868616
22623,55.21827094190841
22624,39.67860843540358
22625,50.632215702212825
22626,54.005776171728726
22627,50.08604872147684
22628,1.8046739875644136
22629,42.95255143577354
22630,26.015113554360475
22631,27.680925997724792
22632,23.18726444069931
22633,10.138616419232847
22634,29.14982423007579
22635,39.195143889841106
22636,61.46854725801525
22637,29.2096227059235
22638,14.74166393339478
22639,-1.665134559857151
22640,19.123264267549033
22641,42.256510755534336
22642,0.3620392412505282
22643,46.90715591747183
22644,25.794778509321574
22645,12.895196349536345
22646,38.89580894373292
22647,0.653979888820281
22648,46.646869668476725
22649,0.7502917782687106
22650,25.877188593500062
22651,47.524614895208515
22652,27.32426304512889
22653,-0.5322256793110256
22654,0.6865439307698509
22655,37.48119464259574
22656,3.688794682505357
22657,20.774467890150817
22658,21.898655282575977
22659,56.01600413178769
22660,27.030657827167765
22661,36.994024424749746
22662,53.67268765521167
22663,23.20939411954426
22664,32.75563685211637
22665,21.382696796667524
22666,30.214531070458392
22667,30.721079637690963
22668,23.557275678527798
22669,43.669222501247134
22670,1.8906596080676614
22671,47.25158806799246
22672,34.74266147853186
22673,56.5186047441257
22674,39.25776046403065
22675,42.495824441470205
22676,59.69636919464513
22677,0.324032373141506
22678,65.98364231150737
22679,60.49142879326401
22680,22.907494099712494
22681,31.503166703710875
22682,45.496486685129554
22683,56.499634619002286
22684,16.678364687964756
22685,51.55606054462045
22686,23.23265666192298
22687,-0.7500886866055723
22688,0.7950969002164641
22689,51.11905998099007
22690,3.4138969620121635
22691,24.542539357820353
22692,2.152377818633827
22693,45.036041760042544
22694,43.57769430377564
22695,47.00668099659665
22696,49.312431342400316
22697,7.8225599723384285
22698,22.17448117450794
22699,30.9092485671158
22700,45.93859221453
22701,35.69222551428783
22702,48.96743966566197
22703,41.831537158389224
22704,45.37664399139621
22705,27.990524617896618
22706,53.60966949465123
22707,47.354464140586344
22708,66.86807601473419
22709,27.233318010707645
22710,61.193884142669056
22711,22.01870758366311
22712,53.63472645597725
22713,0.174554151766678
22714,59.517878279052894
22715,66.38618384899601
22716,40.7803491739176
22717,3.3972137482700937
22718,20.940607353829968
22719,54.12387518420073
22720,43.73100625056164
22721,42.09473887361861
22722,1.0389468802116681
22723,19.00020544585226
22724,11.282023577177366
22725,41.926373014540985
22726,54.43878161950575
22727,23.74710824990499
22728,15.47515383923513
22729,21.59480397030824
22730,18.642860880651234
22731,22.190651566079907
22732,41.19227327028875
22733,23.09231805009826
22734,18.789248269091868
22735,31.46114124753377
22736,45.71260329219122
22737,59.3557368189163
22738,66.00267746533669
22739,20.929748297520973
22740,21.224499171891786
22741,-0.3469177287738603
22742,48.30382955637578
22743,58.46404512754868
22744,68.99580028864887
22745,36.91952410249453
22746,2.8660630738034385
22747,58.33484366764726
22748,29.869583286919124
22749,2.1294134314136777
22750,10.567144335999341
22751,27.347545345314963
22752,15.212760194163604
22753,28.47514431558522
22754,36.426079304930205
22755,22.580361414814064
22756,14.124612238127288
22757,41.7817327959982
22758,1.4752299943501335
22759,42.8141125670538
22760,65.30794774126666
22761,46.37720445991131
22762,12.627930053006516
22763,23.65193427051542
22764,26.616606737261158
22765,22.590477927958233
22766,-1.8764908233501245
22767,40.13047770863543
22768,33.34876043779075
22769,0.07116783348067912
22770,3.4426545580106342
22771,1.939926442334066
22772,54.70395753898651
22773,15.148551883864556
22774,0.9701837706151863
22775,51.571573836700175
22776,17.442344908548066
22777,21.995396977116272
22778,43.173301769865276
22779,33.868283695444106
22780,20.969128005572706
22781,52.99017238389264
22782,6.2832837784189834
22783,48.367155839911995
22784,45.3235599287961
22785,28.521859296631153
22786,33.245168197187326
22787,43.73065935803952
22788,0.5062496172206963
22789,62.30634773318094
22790,13.509329415606423
22791,59.248537628156406
22792,12.25582758748574
22793,52.490425736161896
22794,40.24331348683491
22795,79.33346763510579
22796,3.1561890788131457
22797,51.876694965967744
22798,42.870617077633526
22799,50.57129921195302
22800,44.47041039057885
22801,0.6590736382019529
22802,14.171904859116584
22803,61.69384927050186
22804,31.900104443804672
22805,44.79515811421976
22806,19.71974145672756
22807,40.18646215458876
22808,54.00100712384595
22809,39.67595976533863
22810,0.43869845802925767
22811,38.66747083814025
22812,30.605538389938307
22813,35.718322219327106
22814,9.872217231282349
22815,34.25622423374165
22816,26.162942933148177
22817,29.765729113492117
22818,25.049801693819262
22819,44.88444931881492
22820,12.586340901982211
22821,25.09700433096608
22822,59.88609860917932
22823,0.5376792753497526
22824,10.942296935359277
22825,47.963562045602
22826,5.3646971712550595
22827,49.94214466426497
22828,20.652354245636865
22829,-0.18469757749896587
22830,0.592402259555179
22831,8.902461577699032
22832,31.17413129306192
22833,52.94018993450126
22834,45.39816945776937
22835,9.64696118085892
22836,29.596181944162183
22837,47.805326962532945
22838,-0.08611599400789771
22839,47.52518548332571
22840,42.68431260898501
22841,-1.9147500503618886
22842,26.682121887304156
22843,-0.4624676279609261
22844,19.378867740940727
22845,39.2111737374008
22846,0.7888863880742321
22847,24.030792950020327
22848,13.359232827345302
22849,12.464419727475551
22850,43.67872893216896
22851,30.05630439883889
22852,29.607040925369812
22853,21.536904855106236
22854,24.663519606717237
22855,46.672522300258855
22856,48.91411051150414
22857,25.495073549105367
22858,48.45384221311149
22859,39.43309491953246
22860,-1.2363767597345898
22861,44.713674734771885
22862,14.00011394589745
22863,51.05509084444979
22864,-0.5186675586067508
22865,53.092821463566914
22866,59.11710078565426
22867,57.395878041491535
22868,38.42064853108324
22869,48.1540718293838
22870,43.15664217969358
22871,0.7197334983997408
22872,21.685589146729264
22873,19.546682051088858
22874,23.4920274019904
22875,41.93278605628861
22876,24.512603213560908
22877,0.5446191932504973
22878,49.77136391724001
22879,42.47132268383039
22880,46.09449609718092
22881,38.89406680442875
22882,21.62268805602132
22883,27.11439446655743
22884,20.243679732888072
22885,47.98177084433782
22886,28.721932807809154
22887,5.6783610426998905
22888,51.63685297928369
22889,59.62550285685438
22890,45.63781952642965
22891,8.242996197650857
22892,56.077940465459136
22893,40.967937287166436
22894,40.39646232575937
22895,60.073501469106546
22896,55.59525738086408
22897,67.40131221744087
22898,42.70829631491506
22899,14.042742999335978
22900,24.55969830443251
22901,22.152827897972568
22902,24.50482839070481
22903,23.38789576910566
22904,1.3371223570523512
22905,28.859961051185156
22906,3.6382340521319847
22907,39.66178188009869
22908,-1.0668522144257082
22909,38.79935160084859
22910,57.43999640387693
22911,45.133903425448146
22912,34.816829697785614
22913,57.159508008098086
22914,21.696597532270573
22915,18.591974809745942
22916,54.773267858554476
22917,52.070105618176285
22918,43.7953472321102
22919,50.47844469264639
22920,38.62375668970682
22921,38.51540441882879
22922,44.59117630602371
22923,-0.10272013568238947
22924,42.35232620340889
22925,49.34524999529691
22926,18.38989747535212
22927,1.85122324981646
22928,47.581247647916264
22929,50.13818221239541
22930,45.00587008734615
22931,28.79911098100469
22932,41.53944200439778
22933,29.694519394509577
22934,48.942089431417905
22935,51.35365114510765
22936,-0.09929142619159137
22937,45.84882982432163
22938,42.784730433863295
22939,29.40229490815539
22940,43.48910474735251
22941,42.26643318251759
22942,41.14447675156597
22943,1.3422677743666611
22944,53.83257325180308
22945,26.67208022867826
22946,34.32230787213685
22947,3.041578107249343
22948,14.56734626952742
22949,47.296632238675386
22950,1.5676655916097353
22951,71.25469981933895
22952,9.887084640841007
22953,2.150739081596541
22954,52.842556431202354
22955,58.11612116808908
22956,49.29870835227174
22957,62.018439786945606
22958,53.18216972022276
22959,47.22580763744324
22960,31.494658793734022
22961,63.16833369833978
22962,2.6803865669648737
22963,27.25119000633603
22964,46.65695907025695
22965,3.738768267976109
22966,45.444970202748976
22967,-0.17974618164235068
22968,15.290930446322399
22969,72.34640000342539
22970,47.06059854299435
22971,23.257748681738022
22972,23.323574591589953
22973,0.492169612857964
22974,42.828555050858995
22975,3.269909692273263
22976,33.78635746875239
22977,22.753669701802103
22978,2.2890874894505586
22979,53.96076712726053
22980,38.396310675094774
22981,45.35688795545544
22982,51.86304624612653
22983,0.9672570084517389
22984,61.828017530832774
22985,56.82541293332871
22986,50.881714374535676
22987,14.2942963035566
22988,40.925336578575816
22989,2.7490721637003084
22990,43.10452436914733
22991,21.865050646509467
22992,45.04698215531893
22993,1.8085484832181322
22994,20.876660569839192
22995,13.425596078810102
22996,59.731043779993854
22997,1.0413281922674074
22998,34.75906503623115
22999,39.048598136926174
23000,43.37574525191945
23001,2.943171007744123
23002,0.24791703281688626
23003,-0.6905964598615029
23004,57.67366234833285
23005,2.1494526043477293
23006,54.42704279460651
23007,1.041118526407331
23008,59.18011297748325
23009,41.491693674917386
23010,47.12026303517248
23011,45.51013346484976
23012,49.96866967060202
23013,68.06923853559917
23014,46.882383859802175
23015,41.21708474084413
23016,35.574643018588766
23017,4.083165252342827
23018,50.923453726872935
23019,51.337239273559916
23020,49.44657336776779
23021,4.623364641474019
23022,47.81358709678952
23023,49.86717179282435
23024,65.12860767270301
23025,41.826894522107665
23026,73.06426375431276
23027,24.49417144972098
23028,22.663943099975327
23029,71.0493254069157
23030,40.57369494132147
23031,1.7893713801628905
23032,17.251714245851854
23033,29.917134581349845
23034,49.88390079852704
23035,22.43254909468061
23036,53.89325838243958
23037,0.0772120741676332
23038,56.64977776186418
23039,33.30054022270368
23040,46.35684675753424
23041,43.241162336818846
23042,43.413202831669835
23043,21.917501717920263
23044,26.52050401979221
23045,46.08272174633362
23046,20.44665048738338
23047,48.66146607663608
23048,66.78449575456614
23049,22.40832266476133
23050,32.7848095517042
23051,41.34130051167157
23052,29.814156979564984
23053,33.602150444812864
23054,2.2569496691192654
23055,20.744450121887176
23056,43.046344221647296
23057,58.182875591549234
23058,48.713909675965596
23059,0.3920868717967707
23060,3.4374232566746663
23061,2.2144928190848603
23062,1.3021363690639696
23063,67.74674852847413
23064,56.622316604434886
23065,25.943095346319975
23066,17.170897203689965
23067,47.97094392032452
23068,39.152176147764536
23069,21.923290894501463
23070,54.40397875055108
23071,0.04244093234322577
23072,2.312040538264675
23073,49.678426512779396
23074,43.241508670146196
23075,48.61619568931407
23076,58.41715740170842
23077,46.68887279324282
23078,43.82998079968768
23079,25.06553155182761
23080,31.760770370766956
23081,67.50327931054248
23082,0.624549086288539
23083,36.50237053653447
23084,1.8059515524858476
23085,-0.002438890073662492
23086,-0.7145565535832645
23087,42.42152587458838
23088,5.676404327466937
23089,46.99969270874966
23090,54.23087588885137
23091,44.464829474783244
23092,33.889117186880696
23093,61.84152045799058
23094,7.149125828874869
23095,52.4509747333039
23096,25.10075431191337
23097,0.9976039514184905
23098,12.78003799461358
23099,17.0321885255544
23100,34.86962177548686
23101,1.2415724053253427
23102,17.0440658283591
23103,23.206918582297572
23104,2.8357899350785196
23105,19.42520224366825
23106,35.56628660622796
23107,23.217795879105218
23108,57.76232936644527
23109,16.63749890980156
23110,33.80440608704798
23111,50.47213749223936
23112,44.00408420239032
23113,32.57255196099469
23114,55.61273831406292
23115,26.211246279240996
23116,30.74484471034248
23117,32.46193078484159
23118,26.579786034725785
23119,30.253242830139925
23120,45.890089851191796
23121,50.09973112131787
23122,50.50180710425796
23123,48.358366374488234
23124,64.01984569239872
23125,42.5230253961611
23126,50.956713971645854
23127,18.252265076897565
23128,1.0825608598867404
23129,47.245264476631746
23130,45.41311669268423
23131,16.10463489362222
23132,23.04432076608876
23133,1.1001044387140837
23134,69.41395182711462
23135,1.758413785672829
23136,13.966680621942977
23137,20.651758454512777
23138,53.43683162063711
23139,10.773731894439745
23140,47.45086537725498
23141,69.45453665263702
23142,35.49494816733326
23143,58.722363922284
23144,5.609532104410619
23145,26.708822197374687
23146,43.26929661451675
23147,57.23958309846839
23148,44.409708841397574
23149,11.746080105704579
23150,-0.17443404264216156
23151,20.277964887516156
23152,22.000717770394004
23153,43.17028096896015
23154,68.44776444892565
23155,60.314329262926165
23156,40.94301290052917
23157,0.1587459138735383
23158,45.06519453329708
23159,46.19144037316413
23160,47.88532030173657
23161,37.93391502505849
23162,0.6961911488347354
23163,42.417074599379895
23164,51.83100983162429
23165,45.778219239593824
23166,52.42625979938973
23167,49.52802649672452
23168,61.77260989336171
23169,22.82719969270823
23170,41.079586768763285
23171,22.91458640944456
23172,48.894823364114515
23173,38.78428395275609
23174,26.643186651982038
23175,41.63974075762195
23176,10.00698112691406
23177,45.78361696694315
23178,47.559543828066246
23179,2.496483754226965
23180,1.609560226489485
23181,7.459252601087691
23182,22.589750528875342
23183,41.59140425252748
23184,52.529348690648085
23185,43.75515911348808
23186,0.17730948730518747
23187,23.721958536003
23188,51.473214269783796
23189,29.15497168583545
23190,28.870086243421312
23191,41.030578251807874
23192,60.967475076246316
23193,-1.6444868641134178
23194,46.10945141351351
23195,46.28855319212377
23196,21.57772698404075
23197,37.80453645442803
23198,9.967584284843522
23199,50.18315494901307
23200,54.91071280269451
23201,44.61089208758949
23202,49.65375338476045
23203,26.1878789297323
23204,49.17498733847948
23205,50.282156868262405
23206,-1.2216170634183428
23207,51.116493226106854
23208,54.96242028657317
23209,-0.40914408266369406
23210,21.54844400178515
23211,59.253401375736416
23212,40.27917904322229
23213,38.85632386284892
23214,-1.153041490369965
23215,19.86474594768371
23216,42.12223095616734
23217,25.614325669340417
23218,56.375929628809786
23219,40.77062369871476
23220,57.10258246221356
23221,20.124078945173842
23222,-0.6771576378054007
23223,47.55156233058214
23224,23.93760280281362
23225,54.055340639264145
23226,43.04537337915692
23227,57.18379402359776
23228,0.39080007630352753
23229,51.726819321408605
23230,46.026082452776286
23231,58.62035943562722
23232,36.50235189562551
23233,53.807653246176926
23234,42.21724092413591
23235,46.245224949291
23236,48.234753353362926
23237,-0.016342302536678233
23238,3.058146552678142
23239,52.5824169519733
23240,25.814303346850537
23241,31.371987384509044
23242,0.5620600103506916
23243,25.764184707396893
23244,68.50689193903696
23245,26.98130817929136
23246,60.80171760048168
23247,46.040020060904965
23248,25.243335855054454
23249,49.805891467162056
23250,2.97165529550103
23251,53.59899884039318
23252,31.347598338721024
23253,66.02754677116786
23254,-0.07103976254806099
23255,45.72500068021125
23256,55.67268886894361
23257,66.74609401154125
23258,25.331413811431123
23259,13.068945825572808
23260,23.5640644545767
23261,5.135764897232978
23262,5.349887128996912
23263,22.35831406835522
23264,14.907532391562164
23265,51.91681869670751
23266,48.25246329185602
23267,36.852894000597324
23268,0.4436815600183337
23269,-1.6511704340560769
23270,25.893714442785004
23271,38.93779099400178
23272,55.852789430186554
23273,26.542599879516246
23274,48.386616462420555
23275,17.403518306077416
23276,41.43158699039682
23277,48.35844117138932
23278,41.37355676048059
23279,8.008967490324299
23280,62.928908551115654
23281,11.801197261319615
23282,18.489752083977663
23283,55.626415117378556
23284,4.751664541671875
23285,2.0515102823917353
23286,45.6522896778072
23287,47.404539317973324
23288,61.82848394840544
23289,3.332031725289582
23290,21.790160381405045
23291,20.926259259336184
23292,0.29514626145734724
23293,67.57909400422471
23294,42.74371659754041
23295,68.53299052208402
23296,48.02683560355713
23297,-0.34342352042114044
23298,41.5822645612196
23299,57.37277051733454
23300,42.15727030959198
23301,17.63043281598253
23302,43.72997409314037
23303,21.652858594176124
23304,-1.6448185172193561
23305,49.46322028722592
23306,26.229057441264487
23307,53.646272189389165
23308,24.433989690304006
23309,62.456855027262755
23310,18.88550080524068
23311,50.21965475818105
23312,31.903490807126698
23313,34.254365050012204
23314,18.393312374997514
23315,45.676818962073725
23316,0.1979298982396429
23317,35.45292989621326
23318,73.40976291525531
23319,48.374971729275
23320,45.17137417156617
23321,55.023943185339
23322,18.537873649660852
23323,-0.3390685972457206
23324,39.20503047855236
23325,46.41239613091297
23326,11.836379776889718
23327,41.58724322221801
23328,27.26895108234419
23329,52.68415104939103
23330,44.02125349354827
23331,46.64369143954226
23332,30.661667466347538
23333,54.18059560985105
23334,4.216770441127224
23335,16.213416748411273
23336,43.23959846634634
23337,42.75491495706785
23338,46.09447065039384
23339,18.992157975534376
23340,0.9843022929908898
23341,66.57451046437464
23342,55.274051421689435
23343,36.844358334527115
23344,12.00254884106414
23345,52.68883870795367
23346,19.394476919408646
23347,1.4260872814086483
23348,0.16157377599147082
23349,53.41814608445486
23350,20.21941228026308
23351,61.82175004415822
23352,65.09079763517846
23353,34.26108026669955
23354,12.11084452749445
23355,1.9337591693820357
23356,24.80218294878788
23357,-0.42843855691658916
23358,28.659800253171
23359,48.10592424126988
23360,47.00946845874597
23361,70.3342458892732
23362,57.405305180477924
23363,49.8733362284751
23364,56.84875361828945
23365,18.316293110974474
23366,52.8250520348935
23367,1.992817438577255
23368,22.92802142793839
23369,44.33172218634964
23370,30.90956737143356
23371,51.55285271106325
23372,1.6070800323076213
23373,37.81682988120159
23374,50.844560335840754
23375,53.77915386752315
23376,46.77367057861505
23377,27.37727326085885
23378,49.17891012708858
23379,15.293823244098302
23380,19.701897640207356
23381,-1.0204239107898445
23382,43.399992879902676
23383,22.816340182305495
23384,39.956523500034386
23385,7.242420507784548
23386,33.33952463942163
23387,31.999243631278407
23388,-0.4206557770700101
23389,3.306311989913535
23390,55.666042734728215
23391,54.64550704179082
23392,57.9204717329836
23393,50.9964087018154
23394,0.06886000002452874
23395,19.4709164554462
23396,79.22777880250248
23397,54.50117376961003
23398,43.300194157315275
23399,22.28217826360703
23400,54.843528093392706
23401,25.271925972446212
23402,44.75946605059083
23403,1.908902860550782
23404,52.67388635184444
23405,42.87574103035746
23406,43.093034911337625
23407,5.328693100414789
23408,3.7708924328258604
23409,7.552771084489603
23410,47.883880290036004
23411,11.57809538811609
23412,55.262634299639195
23413,39.03075381973704
23414,-0.40978041218549066
23415,2.4309059144523246
23416,60.87238843030094
23417,-1.8164384799514295
23418,41.88282989255572
23419,51.405179519333885
23420,1.6869984172455226
23421,26.391374984258462
23422,10.628696472837749
23423,25.033347811447747
23424,12.781231006699958
23425,41.96827035808154
23426,50.572038555137496
23427,29.645643485029897
23428,42.699398332868284
23429,36.57115651202992
23430,0.8151598340075026
23431,45.071789818916
23432,54.51216023139311
23433,21.465497719161927
23434,55.19049787609861
23435,25.870244441198057
23436,31.067454519881544
23437,41.013149126861734
23438,49.47664413071175
23439,54.75224447155081
23440,61.73433567967669
23441,62.292864222609296
23442,2.5954253856623097
23443,20.463141750826228
23444,29.35221918906537
23445,26.574260603104225
23446,37.91180559366331
23447,26.213737264505152
23448,23.533382612035883
23449,20.646389106762662
23450,19.1813111909767
23451,20.513155423588074
23452,3.8153746489401534
23453,64.05177528849795
23454,16.41928661139396
23455,45.677849297425425
23456,50.56544586413338
23457,27.69035998276827
23458,49.548922522727494
23459,9.069792884961252
23460,30.734613151489278
23461,42.4171906622253
23462,2.3010940528559516
23463,40.65089818900461
23464,51.431532065965726
23465,-2.4634900883778172
23466,57.65534822141305
23467,48.0802574503135
23468,59.94165143435899
23469,56.203677094906396
23470,-0.22306411762181
23471,33.045571248894625
23472,28.839745014114996
23473,4.155854219561945
23474,51.56860185824771
23475,53.51973573964937
23476,42.08611086855878
23477,0.7424536005696325
23478,45.10849679728548
23479,41.55151338475666
23480,32.72815464341
23481,17.164154916722264
23482,-1.53221081057427
23483,20.565333464980306
23484,53.28870295238981
23485,24.97895746515561
23486,45.12180318590843
23487,-2.6668415039698203
23488,49.012195770236914
23489,75.10606689396276
23490,14.056364362404299
23491,26.15334608830488
23492,1.9961952643965262
23493,48.091996250409174
23494,49.57176072163237
23495,43.24102530097001
23496,49.48194793860748
23497,21.55217525509257
23498,33.820282686745635
23499,44.01497687283393
23500,23.11598861798825
23501,59.42769530521993
23502,14.56176696195477
23503,24.055108245340033
23504,57.75070736135446
23505,17.308537515997322
23506,68.27906601040962
23507,49.97810400290947
23508,1.5055225526681042
23509,48.374139158243224
23510,55.10509685964249
23511,20.85765140870346
23512,44.30268849896049
23513,26.183824652874172
23514,47.133064433369626
23515,36.89359233574857
23516,47.46232932047186
23517,52.87876167499334
23518,55.5832792794874
23519,0.4171994160621182
23520,21.779612145191074
23521,42.714176347283534
23522,51.6960429378054
23523,39.02455619046923
23524,52.656358411121076
23525,49.65505701462595
23526,46.072407593227744
23527,57.49880785234318
23528,19.670710067214735
23529,52.550370867107354
23530,59.70324807854523
23531,47.09599505959894
23532,17.78757389575729
23533,48.29876465722911
23534,46.84445340716876
23535,52.91677317888942
23536,22.23304843933696
23537,33.74136286696101
23538,13.129215503752608
23539,1.4721258550344452
23540,30.62532558916339
23541,-0.8617941015609247
23542,18.835724573990476
23543,-1.2112485418966799
23544,2.2557741116019905
23545,49.416367455754106
23546,65.75830227295094
23547,42.58553474203292
23548,53.31392206687174
23549,40.55262043137224
23550,27.675280166873105
23551,42.65052394908276
23552,46.5869263338513
23553,52.979414938020824
23554,23.488306425688204
23555,45.09259999305407
23556,15.251729154569773
23557,56.890618804914155
23558,42.04281778649066
23559,20.96464595496314
23560,60.32130145771622
23561,19.149164815025745
23562,41.72299749763719
23563,48.21939249304765
23564,35.37480080884383
23565,23.89112886484419
23566,25.32159185163123
23567,0.25386184305857995
23568,76.04323306214708
23569,3.547917663150308
23570,50.31402756693055
23571,34.08551102697634
23572,43.19369388148296
23573,60.39941792274762
23574,62.91528826172136
23575,47.53904753502026
23576,20.78339679488473
23577,38.82286517886694
23578,28.942017197406688
23579,37.84447595317019
23580,1.9845589576969154
23581,41.1524862780343
23582,1.5051998248128697
23583,20.55283848315171
23584,20.038751841323517
23585,44.22329282806886
23586,-0.3651440077215753
23587,1.1956133304605245
23588,46.73416603425413
23589,15.550712455336779
23590,26.68351521542002
23591,25.032471653309898
23592,61.71781431728549
23593,34.44432604480993
23594,2.1235313692213644
23595,1.7727086806492522
23596,18.441130596670646
23597,12.304002923284646
23598,33.85740284921391
23599,66.50838061938902
23600,32.0012179674234
23601,49.41883733621239
23602,57.02288410713251
23603,26.358980011554202
23604,38.46292754329228
23605,50.52056431864298
23606,31.63468173293839
23607,22.517717853162885
23608,41.37325420555778
23609,47.65689826466991
23610,41.38196957221584
23611,55.45720804261075
23612,49.45778014934177
23613,52.34394471461644
23614,40.0969812961213
23615,39.2967045381843
23616,1.9627982649574633
23617,33.60527932075877
23618,-0.8985022332444146
23619,16.355681113218296
23620,30.4284353579049
23621,44.67824943519088
23622,0.9234612938708224
23623,47.451390264487614
23624,43.54172380223838
23625,49.946966249902104
23626,45.137436422631104
23627,42.08825011333596
23628,22.62118143522317
23629,0.7058644315956641
23630,21.031741088782944
23631,51.339048285795386
23632,49.61396901538499
23633,11.327885107178325
23634,31.50953922718543
23635,61.89548226129503
23636,43.56858851910919
23637,20.903720386491145
23638,45.49246838379382
23639,61.674978980400624
23640,0.6978438989455285
23641,22.87917443074762
23642,38.969762541596346
23643,48.939542504221286
23644,15.921148438240618
23645,60.02151673599647
23646,47.1745658843539
23647,43.344120243792965
23648,6.237843870082372
23649,52.37280441473624
23650,48.56517366914815
23651,60.50981353987203
23652,25.812885311019343
23653,-0.3831194142594754
23654,22.616366509942857
23655,52.969488318493575
23656,27.397347148965792
23657,52.255428954421646
23658,-0.28187565938330295
23659,33.81530529607089
23660,57.74658408391898
23661,13.637808302034944
23662,3.4624780109435562
23663,48.28366101104117
23664,31.258201623163316
23665,37.703794354397246
23666,1.2014053971706105
23667,49.465056421600934
23668,9.335511310873322
23669,58.68350362324652
23670,2.781628346617442
23671,24.86469007530423
23672,0.6581377216398323
23673,54.84856946690418
23674,64.49013388574053
23675,8.60540114730361
23676,6.170858301172064
23677,25.59562982208761
23678,46.18916069944159
23679,56.287997636780936
23680,43.1855843800938
23681,40.909487106672756
23682,57.289090656525744
23683,-0.2998079182876765
23684,6.877623355349826
23685,55.85486734194109
23686,63.92644323632057
23687,68.39101582228082
23688,51.33412460347006
23689,10.191607404012803
23690,24.290511043153757
23691,39.38521833571578
23692,39.33990399001322
23693,53.39323604352229
23694,50.27135384723195
23695,3.353431392505499
23696,22.55132111782391
23697,49.48378244250303
23698,27.83131946353746
23699,-0.5744964020300927
23700,-0.34638914485137207
23701,35.301004471528984
23702,1.8360943274944148
23703,13.44729177854785
23704,28.610844578898146
23705,58.401900113343956
23706,14.26559654421711
23707,1.0060531200687635
23708,49.93762163648278
23709,27.55432557236439
23710,56.00962049073604
23711,12.21495161392443
23712,34.92485489399982
23713,45.17653774476654
23714,34.0260232780759
23715,35.482614213940835
23716,56.04477616620147
23717,14.741035153731314
23718,49.55457609060037
23719,64.21596076919481
23720,41.153352946828235
23721,40.04290198085977
23722,26.114701564110938
23723,14.496449724666622
23724,0.650261742739211
23725,1.8301136107750544
23726,59.845967074363664
23727,-0.3140686628113656
23728,14.489847383991822
23729,1.521519488724536
23730,45.44442165550025
23731,17.54692175927147
23732,54.80143340637493
23733,-0.4201658658801435
23734,59.90338448500394
23735,64.49447085108494
23736,29.283211561265976
23737,55.463313558450324
23738,44.84350905179286
23739,45.56207652305591
23740,1.8585887090140112
23741,28.145191902799986
23742,32.12021103004842
23743,0.11236701567008822
23744,3.5382568086047073
23745,44.03048371774355
23746,8.938968487881596
23747,22.77486247871353
23748,3.911089004283639
23749,-0.45490150043784183
23750,48.348619917641116
23751,22.746114418057925
23752,0.12632491990864736
23753,30.319415407352768
23754,7.233980322492041
23755,25.141354291576434
23756,46.90829910271909
23757,25.792037866302245
23758,64.95861772684833
23759,-0.3496302709341492
23760,75.35510010644946
23761,13.424410074507385
23762,5.933335390905022
23763,60.84558905636253
23764,42.815522434839544
23765,27.111562269210214
23766,48.157121786422145
23767,40.657044915861846
23768,49.15196032797873
23769,65.21569840899835
23770,56.49884881036555
23771,4.876411113452299
23772,22.93896474648397
23773,44.652419619206995
23774,27.805618235701463
23775,31.414063752138983
23776,61.10326784568543
23777,48.75997177461548
23778,49.86811161230337
23779,47.29130117620858
23780,30.983863361386028
23781,9.2733496314622
23782,23.6176306935591
23783,34.05755296914973
23784,56.744111271382046
23785,50.97564038146125
23786,29.203414440273363
23787,34.670485578212386
23788,26.198950735945303
23789,40.492988688590785
23790,48.363563342997224
23791,62.222174415566506
23792,11.616799111569229
23793,35.274277491341046
23794,32.81188170151091
23795,43.483635078330806
23796,36.91811485761902
23797,41.52149701698532
23798,26.40335485015481
23799,40.029311460113696
23800,49.291159373951736
23801,51.69007736517288
23802,40.90536379824879
23803,0.09116558515669482
23804,2.2024405158531124
23805,0.9540555173843543
23806,50.37000210303523
23807,36.17768533080743
23808,23.032385727558797
23809,50.40232772193214
23810,23.034730634197214
23811,56.41714870244721
23812,49.6757548732576
23813,23.259974412747926
23814,1.357554696668327
23815,33.951789819787756
23816,41.47991422455266
23817,-2.323774788145478
23818,13.076227539455498
23819,50.538310000747046
23820,4.332573586304523
23821,42.70457435882484
23822,3.452450961935046
23823,42.8104388601264
23824,49.97774767679299
23825,24.24297431049116
23826,65.30102203480854
23827,60.84299111640858
23828,55.08949548343358
23829,54.60209613879755
23830,17.432640451494997
23831,55.20121155474139
23832,61.48072540116412
23833,15.57099611149378
23834,57.072124546332624
23835,-0.08331464890333251
23836,50.216335029834845
23837,6.641248434057406
23838,48.73510186874659
23839,43.08235661953865
23840,11.880625445691727
23841,14.879580583780143
23842,52.90329460367587
23843,80.0297632488338
23844,12.0366537705711
23845,46.34873678822882
23846,75.53175649631498
23847,24.18373714042018
23848,22.60567152217142
23849,56.776065857217645
23850,58.812145272886
23851,44.39119123394061
23852,21.186993128595887
23853,20.68918934010297
23854,53.587333840309505
23855,62.253446692373416
23856,0.5647145132631692
23857,40.05616439186604
23858,29.261180669444343
23859,-1.2821937349688994
23860,27.141583372781774
23861,48.99080237057656
23862,69.77482465193062
23863,56.4419377434229
23864,61.51732885654471
23865,67.22295831596824
23866,47.858951954343596
23867,9.954447256750019
23868,55.48621842779069
23869,-0.539497642524708
23870,41.19975658384158
23871,60.15234912423143
23872,47.21346492874943
23873,40.80958333316944
23874,47.33363026416413
23875,34.20515965387212
23876,25.280529962286202
23877,52.481829648305755
23878,47.1439878063372
23879,47.27536218873053
23880,50.765910426604336
23881,45.24200226386525
23882,17.83133623028497
23883,53.387349558536485
23884,43.246188054342504
23885,62.49699968201776
23886,26.182801897743172
23887,2.848573271878834
23888,46.76411690168537
23889,76.76133033755548
23890,20.667612410431175
23891,8.248299025867546
23892,38.757683859390745
23893,19.57798786410234
23894,46.73892615698654
23895,32.40017067685977
23896,39.44825634742697
23897,52.81114413533789
23898,38.59454242993306
23899,50.19115210080655
23900,70.72868842473483
23901,44.16337145385176
23902,47.0341978887531
23903,21.851422038318958
23904,20.237753210635468
23905,4.506261570934036
23906,-1.5110073508847108
23907,42.54944226117907
23908,45.429771057344816
23909,-1.5636954345729066
23910,69.50455398294925
23911,-0.005410680594451378
23912,60.432456815319746
23913,27.35572404621265
23914,27.71221943924428
23915,0.8213302385403267
23916,23.159841755542075
23917,15.635606748946017
23918,-0.21625047095300687
23919,21.93349772806379
23920,35.789860242003996
23921,37.23449864949728
23922,44.259848094336036
23923,63.38514481069137
23924,-0.0260159550558825
23925,0.013156037241643048
23926,25.100265152809644
23927,52.210589741770455
23928,-0.41146303808447016
23929,49.91695408004287
23930,61.172418249800266
23931,42.12987148892831
23932,49.15885133705321
23933,37.0668166827735
23934,29.95569573946325
23935,50.62580105570117
23936,0.07143385312713946
23937,51.19719175203598
23938,0.44117324507841005
23939,42.29239019873761
23940,69.3855518339131
23941,28.80787197334978
23942,41.59759717370389
23943,18.715687158490248
23944,60.13974395444343
23945,-0.3211200744910556
23946,24.7151951175355
23947,3.0302288801751835
23948,-1.1988075592256209
23949,2.811526500084142
23950,24.102311795170863
23951,58.096202368848964
23952,23.318696767966095
23953,34.99399515624456
23954,42.748854201985836
23955,1.327082390015672
23956,36.203394183263164
23957,8.258059221609198
23958,11.023485151122738
23959,-0.11842173400621192
23960,22.528876916206602
23961,55.28845494893875
23962,22.743100124999994
23963,14.617537641419133
23964,66.41518390236898
23965,6.223333084756096
23966,44.25699413516958
23967,28.149241060208162
23968,50.61879770908037
23969,21.266148573914332
23970,4.606641430011724
23971,0.4984259637262056
23972,0.6276899007425953
23973,-0.4754308318567553
23974,15.00616138919331
23975,1.3971012573792585
23976,25.65241472194459
23977,46.95633948034118
23978,47.202061417321005
23979,33.36391834871189
23980,57.89451999842823
23981,0.6566683105937869
23982,42.99326498803148
23983,2.6177606674583807
23984,60.95962000590214
23985,13.30849069002588
23986,23.535831241624603
23987,-0.5014256245354929
23988,25.691444569827706
23989,67.56650051321641
23990,58.6690524024246
23991,35.92710849031993
23992,63.544568031939285
23993,64.4382975807653
23994,48.46678083291158
23995,0.30345555297643045
23996,21.969664761655686
23997,61.52123130466959
23998,36.61365845393978
23999,55.755422436579764
24000,28.120555960317244
24001,45.823338527257405
24002,59.24747932927429
24003,42.5791140637623
24004,1.2022865899941877
24005,25.56091639869724
24006,53.34653917524298
24007,40.28471176834111
24008,16.693660288450967
24009,52.05026804982068
24010,40.73061175575412
24011,23.445393648616133
24012,58.6626193158109
24013,16.12638632139427
24014,23.5478590682352
24015,27.67237921961506
24016,37.687171356202484
24017,62.055407123467035
24018,37.59875017714069
24019,56.73293878484722
24020,19.665580528533894
24021,11.188590039985787
24022,10.288721427638638
24023,57.95487019717201
24024,34.5163997607705
24025,15.91501753704798
24026,49.053485249975516
24027,23.668048863386964
24028,20.708644038868343
24029,18.796212141660632
24030,3.3669720528295315
24031,44.251066489019045
24032,47.04701152803424
24033,33.2588228285162
24034,57.756870254062264
24035,35.876194415710394
24036,59.387725645523325
24037,0.8083800656935978
24038,34.55704703904271
24039,27.523650831724563
24040,20.762276279609715
24041,38.84319282230264
24042,5.468927549738108
24043,1.122431245287629
24044,21.97336248575026
24045,37.851533397016304
24046,12.646133221646618
24047,0.8891415521407282
24048,30.951231242858075
24049,67.21546912618524
24050,43.72608820629469
24051,43.922920294179264
24052,31.982382629812612
24053,-0.7585674525462736
24054,53.35103257194696
24055,0.05015671859667492
24056,16.25822367119037
24057,45.39777047476387
24058,65.18209588738617
24059,44.26461931232501
24060,23.99033211104266
24061,42.941960351475885
24062,46.54542021345236
24063,47.30202003512022
24064,23.306426225216157
24065,21.337479137340573
24066,68.18664023149411
24067,15.541574714155061
24068,23.505302471436053
24069,35.515541950969244
24070,42.71789403771541
24071,42.84987252131542
24072,52.21126357106374
24073,57.058804244672324
24074,17.762988445511738
24075,46.208835178323454
24076,27.12595364576065
24077,60.549304146617274
24078,24.713926352934838
24079,-1.4042017613025237
24080,49.849646380200596
24081,41.03619092723615
24082,33.33212123029842
24083,51.081047374505744
24084,23.443055975461913
24085,27.27342532276478
24086,46.61765908386791
24087,37.96187076282474
24088,21.63418941715485
24089,4.627845573253804
24090,52.98267649275638
24091,2.901572982426547
24092,53.85505574614277
24093,40.183513179629166
24094,35.14582279442491
24095,43.09046909952208
24096,60.60093990216549
24097,40.89947332105029
24098,18.002946280922657
24099,27.028440045216033
24100,0.13227573087866773
24101,15.87087623862477
24102,1.3502508395520074
24103,54.22450602725629
24104,18.522926646954353
24105,58.71924929355244
24106,48.49138568820722
24107,53.728150099371234
24108,49.179052545302625
24109,30.994263489247306
24110,54.38803142688823
24111,-1.3322511375629063
24112,-1.1742013317587023
24113,39.80030722931399
24114,16.855978194102224
24115,44.572634008101105
24116,40.172362171486185
24117,63.358424080193274
24118,4.188273425669088
24119,7.537694602547667
24120,48.942989407460416
24121,46.17589103762347
24122,11.407455850868253
24123,48.28629576768203
24124,2.489930497788105
24125,46.385454932298735
24126,12.797174545683973
24127,26.44306309752651
24128,43.229353310783445
24129,1.0124921813922398
24130,13.666385196031936
24131,14.664347776603211
24132,24.293565929867146
24133,27.476696633936186
24134,50.67574827530707
24135,55.90130907336246
24136,31.03892883874486
24137,-0.5261570017338002
24138,22.24727143039344
24139,39.68044391174974
24140,50.10468910698201
24141,0.48712487400634075
24142,41.247065821174154
24143,51.717491592821126
24144,49.301037815312526
24145,22.298270841183196
24146,45.84076113970905
24147,43.98656981332263
24148,45.354960341920005
24149,48.127866202849376
24150,78.58308920187042
24151,16.67789952955534
24152,15.684808794545255
24153,71.85290592279131
24154,23.902533888783587
24155,63.55598850438035
24156,52.11828570717594
24157,50.38113471644844
24158,1.9112439188650185
24159,16.352468134034016
24160,39.05597338150563
24161,43.370298428300195
24162,60.56199066386176
24163,21.32095408960658
24164,60.88817521236591
24165,47.60485723915177
24166,3.6596143921290896
24167,54.703593644836474
24168,67.86011963385708
24169,43.46810110416705
24170,23.75021577626866
24171,42.567690417159774
24172,34.71755012975789
24173,46.037330938072195
24174,60.510567639244144
24175,37.51044762520279
24176,50.6547009502241
24177,41.814159910239205
24178,59.08799512824697
24179,4.813141841349687
24180,12.942367740625926
24181,42.155646680232266
24182,21.326147518604017
24183,51.36713703789299
24184,22.774533790787487
24185,56.471070640737295
24186,26.489243406954593
24187,5.39442577219549
24188,0.07865062656303223
24189,29.60915206983695
24190,37.642098910902696
24191,50.29898509898713
24192,36.19183464521077
24193,6.727060982277191
24194,54.955198423761175
24195,55.273147279125894
24196,38.61459323124446
24197,46.094990400188756
24198,48.24496605117504
24199,45.46599436968069
24200,43.16159461060029
24201,11.76122453191277
24202,55.303141282503496
24203,48.78405149604985
24204,42.58314031448097
24205,42.95231251637829
24206,35.310881591126325
24207,0.395186929925913
24208,29.482906988888796
24209,18.98363464013046
24210,47.185719849950964
24211,45.25066513860624
24212,34.696243639958254
24213,2.489727015492459
24214,0.4552822748377494
24215,22.906514368820055
24216,47.70292028540153
24217,19.166752714722065
24218,58.328484945078955
24219,27.063521003044002
24220,59.801414965825614
24221,-0.08773544508363784
24222,-0.1504548233994214
24223,40.856960137544256
24224,41.91655489756985
24225,4.355217258660112
24226,41.613735014969635
24227,35.21873075780357
24228,50.35406952559158
24229,42.20968596410257
24230,45.20186761136459
24231,0.7366956532325659
24232,69.419153071381
24233,22.934678201256496
24234,60.38805309976376
24235,24.272159532367183
24236,6.861822118509906
24237,55.652007140500764
24238,33.68674836876595
24239,39.10142071471277
24240,32.22759444240647
24241,52.579001908849605
24242,24.142680324127742
24243,20.633765363360457
24244,50.451060511432175
24245,53.546611041494586
24246,56.06800061948808
24247,27.53979551007179
24248,41.15001208539124
24249,46.52305829529816
24250,21.657200561767034
24251,38.603297093645764
24252,3.679737933166617
24253,35.4346156582202
24254,50.145085058693894
24255,25.398861711526003
24256,29.649961138120723
24257,61.2056537161953
24258,47.95262653078094
24259,52.611045503384446
24260,10.926323691621068
24261,5.3160609341366545
24262,46.10561983448409
24263,25.067750076520046
24264,43.87324234848708
24265,17.561280679006494
24266,29.310956892809973
24267,13.515604001141828
24268,59.933479649965996
24269,0.004378666974268697
24270,-1.0032880893259488
24271,0.15238011502299287
24272,0.8730910180709017
24273,0.3103321264118577
24274,27.550106155644873
24275,36.21082987224835
24276,47.09770452417391
24277,64.14577927436385
24278,37.60095283563422
24279,41.0185889560167
24280,42.55544467783179
24281,51.22697139834567
24282,44.68401355195559
24283,47.23787144966032
24284,17.709858092109037
24285,0.991262423975499
24286,63.43769631399748
24287,3.9803909508254094
24288,3.5575466443168366
24289,11.677044855742711
24290,52.28966257162931
24291,37.81680467885
24292,51.1902935706633
24293,86.21920940989132
24294,14.47316930742592
24295,10.911152520977033
24296,17.187414193532558
24297,23.490180503421186
24298,23.735634679698993
24299,3.8981527930664974
24300,9.514574370769424
24301,10.42853305930861
24302,20.944686374829153
24303,7.636843895642997
24304,41.20442842640197
24305,0.5691388695264337
24306,2.439511817731834
24307,12.418003148919517
24308,19.342259267051865
24309,-1.1177451244674756
24310,40.789812178140835
24311,14.778339071351368
24312,-0.5808452372966002
24313,34.99075041564796
24314,43.00214034123102
24315,41.02715807473977
24316,-0.5891848863925944
24317,40.3771165973537
24318,3.714297206488123
24319,28.97765787152485
24320,0.44046932037529984
24321,59.656007838876945
24322,33.16462548392655
24323,45.01147006316559
24324,60.63385919631246
24325,17.77423627678853
24326,50.734799007864424
24327,21.153660160395873
24328,58.81748791543022
24329,50.83891147578733
24330,16.481360227975962
24331,52.461656626716
24332,43.76196184842934
24333,2.1173744282401152
24334,47.955973848246906
24335,54.414383376554184
24336,11.068153494388817
24337,12.249876412907074
24338,12.585325329041567
24339,49.70550825269127
24340,46.17284955667277
24341,11.115634451334145
24342,42.26335894038917
24343,59.81453982229747
24344,57.23817085016067
24345,20.290165151351978
24346,46.29516541975426
24347,1.4778276270250572
24348,43.129601142156645
24349,24.10849319835868
24350,9.39928017684391
24351,53.79238696129913
24352,19.369753006236806
24353,2.0862543010684327
24354,48.43220416774574
24355,55.3621143631871
24356,47.282461732816685
24357,2.982941527559362
24358,-0.13187015410875347
24359,35.80771592025424
24360,26.4695718728872
24361,16.202535049844098
24362,49.743944458389265
24363,22.896723980334905
24364,27.95991065080442
24365,20.413545447564918
24366,12.716686194780738
24367,58.063006824263496
24368,51.49099721801506
24369,48.6837579591425
24370,59.65361251577902
24371,44.79160423586468
24372,53.94428076599692
24373,22.934945083598222
24374,59.23911536275237
24375,55.89596207774504
24376,40.93814857392566
24377,1.3107037380006297
24378,50.56555234589318
24379,63.74378956063224
24380,53.93686858108352
24381,44.63589135222259
24382,21.93837392458979
24383,21.90051209999749
24384,28.331578459427497
24385,1.1447190706297619
24386,21.157744458108162
24387,1.6502566203956093
24388,42.33681295244815
24389,0.3999357127275758
24390,1.8202107830574974
24391,28.461830229400523
24392,62.14849758696063
24393,53.402796992443136
24394,48.26604016573658
24395,16.78623917401183
24396,19.79540766958283
24397,-0.07527967468872276
24398,0.39343187122589285
24399,0.013820065321773711
24400,40.06964407919874
24401,28.487868067059992
24402,24.634397222558327
24403,21.980490317074583
24404,21.282139523951606
24405,49.521534359849205
24406,56.1182116658847
24407,52.032324739476365
24408,64.02733254886014
24409,26.188285886492192
24410,25.342655342596093
24411,51.04893474764763
24412,38.06583591881377
24413,-0.8410265181186176
24414,22.20043909803325
24415,47.78671882389403
24416,40.03893137011441
24417,46.11031092671427
24418,58.743449999135606
24419,-2.317203706223559
24420,14.843989627044458
24421,51.20611515252672
24422,3.9297334173283183
24423,43.875234278751044
24424,0.7128079675574313
24425,29.523092837986823
24426,48.6975626693393
24427,45.057655890114205
24428,25.26696079837329
24429,10.968879358955903
24430,-0.979036795647076
24431,57.09535176140599
24432,53.87795808748277
24433,-1.9128779473927864
24434,22.732860076661098
24435,46.721866616820364
24436,-0.34318926733896404
24437,56.14924473449273
24438,67.4340173408518
24439,47.04021596962797
24440,8.520217463131765
24441,53.89522098237099
24442,21.22661425238257
24443,3.3265029377745883
24444,19.6809475965034
24445,53.51355414994762
24446,62.33152412257963
24447,26.863962373934054
24448,50.99096759414648
24449,19.784580752732314
24450,0.16553388158217786
24451,26.898639954220137
24452,59.44640013984194
24453,57.55398428309296
24454,31.32020106127804
24455,27.199452581818733
24456,22.854997572606834
24457,55.69096271572691
24458,1.3312653210486225
24459,50.312559482331
24460,51.185043010082666
24461,49.33990356555445
24462,26.781445457519887
24463,42.632743749504385
24464,5.941726293608934
24465,52.23153622654658
24466,31.942221202837473
24467,55.43509053556022
24468,21.68444265715633
24469,38.965036879923815
24470,28.72251066025219
24471,-0.2702241219704291
24472,40.15157629017235
24473,30.57528618804004
24474,2.0248428791082453
24475,24.80220843081646
24476,14.986340812527665
24477,23.89262258899393
24478,5.87230900684548
24479,3.158246819841011
24480,43.692208282689904
24481,63.702674797014474
24482,13.260320912812816
24483,62.64038473249285
24484,23.372467639849248
24485,73.86309345840209
24486,52.329825777061856
24487,44.00638202479918
24488,39.52828124991358
24489,53.13810653267997
24490,43.26398005613908
24491,59.16677892004498
24492,43.29394893591653
24493,43.270888499118
24494,51.2516656568467
24495,20.34936661175704
24496,-0.23888955813941948
24497,42.05275165458218
24498,0.08568793706627531
24499,46.281246743197514
24500,48.414541899107334
24501,16.40209732096506
24502,49.80975769891559
24503,53.51764857225279
24504,23.61197024669593
24505,30.020005150243943
24506,47.172867946118764
24507,6.027976288577534
24508,0.8162507543973092
24509,41.20433257474461
24510,26.523059591311984
24511,30.10434115489182
24512,42.53036692175819
24513,53.39656507151906
24514,26.59393288802679
24515,60.75985907388921
24516,-0.4047624752538681
24517,1.1648350622792876
24518,68.03369527803528
24519,61.350447436683396
24520,66.59188445656537
24521,50.775271743786405
24522,-1.0162085561350196
24523,41.01667005907775
24524,47.056549404973296
24525,37.50793763029799
24526,44.595365637989495
24527,29.052504445191683
24528,49.60723514774141
24529,4.781532605282951
24530,32.064657027017574
24531,49.499201286263585
24532,42.01705135490745
24533,-0.9909446580136887
24534,-0.37433981904898417
24535,-1.624169102667807
24536,37.429995220867234
24537,25.05955754227825
24538,39.72850647027768
24539,45.69464363878019
24540,-1.1113285650904174
24541,39.08291106093064
24542,37.66502160277624
24543,57.55137439202443
24544,18.85523277713635
24545,36.11834608640257
24546,56.338413377509774
24547,22.41429773732112
24548,69.1316927605894
24549,43.569677854296074
24550,1.5029877759230317
24551,44.04313540803235
24552,54.10762144978109
24553,43.549504127878244
24554,2.624982236831272
24555,-1.4339252049514997
24556,49.87889802001381
24557,15.885450099370566
24558,0.18143882249039933
24559,2.1348974005597796
24560,0.04070091772490514
24561,-0.19782940654003056
24562,30.472532565694276
24563,-0.8843670805579151
24564,49.860971135106425
24565,47.667676406197835
24566,38.186490524811646
24567,41.65834043916057
24568,37.18092313029998
24569,58.83114331695566
24570,45.37784031836628
24571,1.4281826518256864
24572,40.00369775894409
24573,33.23629121564018
24574,5.1531875949946375
24575,63.10872750337792
24576,0.10806269178489458
24577,37.93338491678079
24578,-0.2852331304244018
24579,25.86859033111164
24580,43.731536922986564
24581,-0.027748694478653135
24582,40.74768809242814
24583,56.79748841615862
24584,31.461282429551545
24585,27.51184682893589
24586,28.441920231957116
24587,19.115151998943112
24588,18.357596000572563
24589,46.55530460896159
24590,21.592488728800397
24591,47.583874780705166
24592,39.69271809679526
24593,32.86995720800896
24594,60.10941429523231
24595,66.6249434420888
24596,56.569861366410905
24597,52.712311743925916
24598,4.975828873803202
24599,53.131629021711205
24600,45.284610743820494
24601,59.61713544198691
24602,47.11087805442718
24603,1.0163974080038045
24604,42.85035594623942
24605,21.106001055707317
24606,54.940184217580466
24607,65.58226414274287
24608,57.298731882494074
24609,-1.5665030457006779
24610,49.912010729659286
24611,-0.2764442364582749
24612,26.453426063792794
24613,50.07217647997592
24614,25.151517147987484
24615,43.587162213079786
24616,50.488102969140094
24617,33.81215030283467
24618,53.410697933121384
24619,1.1972020323265795
24620,25.97501318193264
24621,41.48595641183922
24622,30.648071777289108
24623,23.419436918607452
24624,10.18613099686743
24625,28.386320150506066
24626,55.25414721705428
24627,49.760749702202446
24628,28.954020823265523
24629,29.39293293382721
24630,25.468089903149036
24631,24.27029830898281
24632,3.7238079637435746
24633,36.02755110147126
24634,43.07282703949626
24635,53.14378669857436
24636,44.71693818774532
24637,40.690825441558204
24638,34.52728034017105
24639,26.75275147791976
24640,24.586462790302015
24641,13.159441820253495
24642,35.94355406263533
24643,42.008367754113024
24644,37.4845462816164
24645,0.5501346848070625
24646,-0.6152366975471182
24647,47.16302011822869
24648,43.97170466675638
24649,27.653067282413954
24650,0.7423509784432056
24651,0.45887288070706234
24652,40.58331873495929
24653,31.921912866976424
24654,23.00385396579835
24655,23.19130540441279
24656,27.327083768957873
24657,28.253374008362904
24658,21.584293995593498
24659,5.2299330865123075
24660,61.92619566601613
24661,30.658303048217903
24662,0.8361248817939995
24663,3.7683388367042028
24664,46.02138993029189
24665,31.151060145125783
24666,57.10405580468189
24667,2.0941898338889473
24668,29.28549739422858
24669,54.6141455050695
24670,3.2547092691757626
24671,22.1194772508165
24672,45.7413552328845
24673,0.5178792319791938
24674,0.9823686354675942
24675,46.08590215497847
24676,61.45625439494316
24677,-0.34207954485295033
24678,12.965640336167375
24679,22.980855584117364
24680,0.8362167567444558
24681,-0.7676613712144018
24682,-1.354664125656683
24683,24.13431079217699
24684,15.695279174528384
24685,18.900557036277014
24686,44.37490560728391
24687,1.1515824344555554
24688,0.6141903787232152
24689,-0.37437406517142335
24690,5.282180580100999
24691,2.4241559419379968
24692,48.909968695938815
24693,38.56635134484463
24694,62.06426771809569
24695,54.43612254084046
24696,63.48118692591608
24697,19.366990409541195
24698,57.61767432262855
24699,51.12370970694603
24700,-0.06453940214827014
24701,0.4337198541964753
24702,25.647985207924147
24703,25.964420196563722
24704,68.99091214036446
24705,46.58796729992976
24706,2.0821238979359613
24707,38.44822632332431
24708,23.3030328415729
24709,56.20732666521965
24710,41.941644162492196
24711,34.79649229649078
24712,33.53303955188284
24713,46.9094013206271
24714,13.43920341747846
24715,47.81062459077317
24716,-0.05972515120125621
24717,46.096736510648036
24718,43.81157701861715
24719,25.446735518998562
24720,50.37215833824304
24721,69.67142130661097
24722,33.576559650456666
24723,49.41404118321578
24724,-0.04671220889017036
24725,52.70681753985792
24726,2.440339477939972
24727,51.89089350669014
24728,21.62050609254931
24729,42.06249475448438
24730,39.129881465777714
24731,44.640633172817445
24732,29.917444009369042
24733,53.7399888362807
24734,1.1949947322817849
24735,44.55544336343951
24736,58.650204934706785
24737,60.6928450336834
24738,2.3838814069970695
24739,25.102357044099193
24740,60.402306385751295
24741,38.1373982037818
24742,47.44964545214586
24743,1.117903398701145
24744,44.026811357965805
24745,40.278198302792305
24746,44.17703592009737
24747,69.61165932678492
24748,17.68731793529983
24749,59.015876646639754
24750,24.040693711380023
24751,2.936249864399098
24752,50.16447878264016
24753,48.72618501793767
24754,-0.42696981931063505
24755,50.65440915085566
24756,56.393814164379435
24757,27.57254613429161
24758,2.1010203337272557
24759,38.80761927306366
24760,1.3639908854627265
24761,27.269668355527337
24762,21.701253148446405
24763,1.517223575560699
24764,26.843053325381135
24765,19.335774012366656
24766,46.56206951336504
24767,7.697169234432664
24768,60.67892346383529
24769,28.125804423725867
24770,37.09930502737155
24771,26.902861746180562
24772,54.449153099993964
24773,52.038758639423875
24774,65.97585715394474
24775,66.42022327950127
24776,0.550449246249471
24777,25.8437370390842
24778,0.5867749375460534
24779,51.20847992178035
24780,23.875979536659777
24781,52.64564774570025
24782,60.83968336679064
24783,22.470334505530204
24784,54.36520540759929
24785,27.451958470043227
24786,47.365497226339514
24787,48.24153998142398
24788,0.6804854400203126
24789,42.120279247240234
24790,61.72937063284684
24791,-0.2404848191234592
24792,42.63904974156193
24793,44.68565273390411
24794,49.29040147412406
24795,2.2437280542518003
24796,37.67588282877399
24797,2.8944747049481343
24798,24.50072338408858
24799,41.043227089018146
24800,54.490095329553796
24801,4.12457486925366
24802,27.625397615687266
24803,60.74020821476658
24804,17.87858925468639
24805,44.2274525259143
24806,59.11927545988635
24807,27.462486530798724
24808,69.64911466463221
24809,1.519136627975218
24810,48.67353997380133
24811,31.01538766122306
24812,23.575748466350547
24813,44.33816940765408
24814,53.733446670726266
24815,54.57673376016039
24816,27.8677241993079
24817,-1.1611214250723165
24818,46.21694323414812
24819,43.535408417007744
24820,16.290778818218797
24821,40.727833923282276
24822,62.51424936232672
24823,54.96928097212039
24824,33.35303692550607
24825,36.09498587141822
24826,43.146158809638024
24827,34.39482333983403
24828,59.66917677732147
24829,56.48954360965403
24830,31.285794687355715
24831,48.59747421193125
24832,61.97487480966494
24833,45.01348335113841
24834,19.519673848702148
24835,42.2562563955279
24836,55.05805440110707
24837,47.076291611846585
24838,57.91184116993243
24839,51.34156966505766
24840,2.1005516463902723
24841,2.95416509038575
24842,62.2168066487922
24843,45.56383842798682
24844,44.31313503458526
24845,22.17054994415995
24846,46.012213109434676
24847,30.44602534823282
24848,30.301835792094597
24849,42.113073655782266
24850,20.21647458465781
24851,52.08001033781855
24852,35.61936725648927
24853,4.034145969409661
24854,45.36506614587168
24855,55.023735752221086
24856,-0.39080901918712385
24857,33.26877674282716
24858,46.94001868648114
24859,59.63826058428393
24860,54.87668205452714
24861,49.221456523082146
24862,33.43186557458153
24863,47.692679104114944
24864,45.57850118741702
24865,52.833410635109736
24866,0.6254953364455531
24867,25.01023281845409
24868,44.02127362074572
24869,16.668850321488332
24870,59.907303100333266
24871,60.34165214028849
24872,13.457104930289514
24873,1.9293865848871299
24874,52.57701657702028
24875,59.47859493831879
24876,51.480357615638766
24877,45.27833737387546
24878,50.50122462174959
24879,16.463717193087657
24880,42.8048643109912
24881,19.206690045406273
24882,35.4636800842745
24883,0.7605585093003029
24884,11.891769194310772
24885,47.7519384781873
24886,42.181756231800286
24887,11.846688394801387
24888,26.15781872322105
24889,60.0803387343654
24890,1.0505431186228549
24891,38.37633421097038
24892,-1.701550510084786
24893,16.64845290957108
24894,44.66797364863292
24895,43.79772228492579
24896,14.119775617696984
24897,64.23351851750328
24898,12.638892872537618
24899,-0.9696719158647937
24900,-0.03236468580781349
24901,70.5585222953271
24902,45.302660430669974
24903,49.796320029188905
24904,45.75270682793416
24905,25.67845575154231
24906,0.9391446308440123
24907,55.672777830670334
24908,26.48574887118015
24909,64.38311483983698
24910,-0.1362747457754665
24911,76.8056013322487
24912,34.37518478412689
24913,27.686829701849987
24914,5.274161899759193
24915,20.29307365268485
24916,0.0032510100311853307
24917,30.01809786485102
24918,14.886028730171365
24919,61.58428974147684
24920,23.687167845215196
24921,55.01890931332691
24922,45.69486216700503
24923,47.74797665724583
24924,21.39926674910268
24925,64.51370352706346
24926,41.93872734228678
24927,53.212739860977834
24928,51.57013551628501
24929,52.95604634691362
24930,35.38547072506553
24931,48.47141000735603
24932,-0.3601234032371181
24933,56.85000301202194
24934,42.48868731693431
24935,8.746059895170397
24936,42.10543736524232
24937,0.3330253018481031
24938,61.552334209049604
24939,62.38797670280805
24940,31.299203976874455
24941,1.813694417454986
24942,-1.0361415435992498
24943,34.48881762729503
24944,0.6647398722358702
24945,17.012477531259893
24946,44.700227303395096
24947,23.350343762619445
24948,42.68865862995282
24949,52.952749466767976
24950,27.817199400000113
24951,44.79700535753969
24952,0.3451881108918613
24953,32.75902955659384
24954,25.132233805151202
24955,51.681652975411545
24956,45.91452827449138
24957,23.147940090065447
24958,32.25285429659847
24959,29.63160701504292
24960,34.529165274092655
24961,40.288212747895635
24962,25.858063121764598
24963,48.31655224094156
24964,50.77802201155871
24965,42.5712522592381
24966,20.07911548241999
24967,43.37640893043843
24968,2.3409267668524016
24969,36.35289112802138
24970,39.939776357570366
24971,1.133235138647855
24972,20.763692548312477
24973,31.082534812852053
24974,44.89923487193127
24975,21.07373007349032
24976,41.49402192149195
24977,5.560141961466083
24978,31.796188753844117
24979,-0.7014062023417864
24980,47.43364918021716
24981,23.970431897100333
24982,20.117085434883773
24983,54.69971579261026
24984,45.93277078348915
24985,40.18582768159133
24986,50.384469748588494
24987,6.703781898517779
24988,44.05346254075464
24989,74.18435869570658
24990,77.32673878365752
24991,0.408974789332774
24992,5.2233255354586845
24993,20.61904525877401
24994,28.1754351506884
24995,18.455957729428924
24996,72.86693285314036
24997,42.31929647860746
24998,23.68339138919668
24999,10.065419807338241
25000,20.981214755548297
25001,28.188484269617803
25002,44.174184717339344
25003,23.226390876115147
25004,55.66789932326577
25005,21.45736964040487
25006,20.567007140951695
25007,44.231521178385556
25008,46.02732564399332
25009,47.89496534014544
25010,0.8963904025907681
25011,46.86491667207993
25012,12.197062294445843
25013,45.23558660572051
25014,23.285345417316897
25015,-0.9490085205824741
25016,-0.5113447782895193
25017,40.3853948552311
25018,20.89552130133638
25019,45.1277446489776
25020,6.321813857022988
25021,56.18540549411961
25022,1.5766382451267589
25023,33.97128032083778
25024,42.39314554631101
25025,32.38744566199414
25026,0.3369374741765796
25027,59.32727571296491
25028,15.393620605883026
25029,29.784700110816146
25030,26.253352337247794
25031,0.17979934980387924
25032,5.936921386424412
25033,0.3071136441841702
25034,61.049221469698516
25035,22.789644523173493
25036,17.008228042235906
25037,0.557542809632892
25038,44.90886024149667
25039,0.06191613204717328
25040,43.28639647545674
25041,42.78612773048083
25042,44.119268166107105
25043,10.408175342559769
25044,28.34946378948684
25045,1.684110914772873
25046,37.1803309814006
25047,6.734541999386735
25048,-0.9361502732604876
25049,1.1869091691672224
25050,13.177024832034267
25051,6.364250370589705
25052,-4.675505564132855
25053,46.194750344632666
25054,47.11716429483633
25055,46.746109011857506
25056,56.67120344038821
25057,41.31720154119717
25058,24.36769700792657
25059,16.650853733073728
25060,0.2997601157158343
25061,23.787808126946977
25062,55.95208402011301
25063,46.52047809412007
25064,22.080447773824154
25065,41.6741368018839
25066,44.65281776234288
25067,43.95334411755822
25068,30.522203211591364
25069,48.060198759957885
25070,28.559726119422933
25071,67.40042412230102
25072,0.12200235914377089
25073,24.279217882225723
25074,16.43950996760674
25075,39.92066459322953
25076,40.066839603011275
25077,43.655040446502184
25078,42.95707090885736
25079,1.6653445106856708
25080,53.62678484775958
25081,60.16982519372755
25082,55.673575454548676
25083,27.512262817700424
25084,28.655162017309063
25085,43.10884046305564
25086,51.37329160927468
25087,33.914585756649025
25088,17.65691162991621
25089,50.574476369159825
25090,1.6368806306210253
25091,46.44594201488471
25092,45.211261637730246
25093,1.0644487831022929
25094,35.71463669608497
25095,45.36685803572987
25096,9.618524070987363
25097,31.874940145083457
25098,32.43142665083258
25099,45.92597689916014
25100,10.509597950766551
25101,26.887605921723285
25102,59.48305788434803
25103,40.33133604328357
25104,15.757311140051467
25105,15.399475529827182
25106,66.53545797918322
25107,38.98379101594836
25108,53.75730472940697
25109,0.2743356300616355
25110,78.19161496824546
25111,51.43763552090746
25112,-0.9876923947257055
25113,24.621337291454125
25114,23.535120920955187
25115,46.66168035889582
25116,58.21869866065886
25117,72.0125233545593
25118,2.2744204870479443
25119,30.72558621282594
25120,51.62337821119152
25121,1.4903955830095477
25122,2.7372992751326493
25123,41.82817187510481
25124,34.84368285364538
25125,49.01019096169675
25126,33.2255777208393
25127,41.2175992814689
25128,0.027982340792959803
25129,3.9701004567732454
25130,32.97475612280787
25131,43.653851461406155
25132,29.19066961835955
25133,0.9260671937530276
25134,38.68029460302308
25135,20.674580424099666
25136,47.085762834278405
25137,15.111830437189631
25138,18.15324113609381
25139,29.43259710457158
25140,11.897852176695064
25141,20.147419411147737
25142,52.76810684953452
25143,26.390765233133937
25144,32.2348814673822
25145,16.93932779077613
25146,1.0762051448961358
25147,24.249042968685508
25148,7.379167026479138
25149,50.39234106486704
25150,22.799869091470075
25151,59.90879341534243
25152,0.6046554500066179
25153,14.135153516651037
25154,54.938306745176874
25155,0.8881909157376526
25156,48.34801668195366
25157,45.548663486598585
25158,35.97613926784023
25159,21.196720995549487
25160,47.432329553920354
25161,18.265922013236995
25162,31.887175905823444
25163,38.87510451248519
25164,1.1491677617304745
25165,53.73322634796763
25166,49.732536061301275
25167,59.348559546916434
25168,47.30013455128538
25169,57.3188864809167
25170,49.14461806016656
25171,41.274217419115814
25172,23.961700883637853
25173,43.841560117321194
25174,60.21744120989649
25175,22.626950287514575
25176,39.72437721856556
25177,2.1779053110300346
25178,52.7649148261957
25179,48.062268261121034
25180,38.04087867830772
25181,54.43020477900855
25182,7.687243296118449
25183,45.683634920180246
25184,7.7187769633533065
25185,49.75709846648302
25186,-0.2357758999320012
25187,2.389286358653038
25188,57.377735937150455
25189,59.935992211234236
25190,82.98797010207522
25191,40.02538208372831
25192,4.351441613465809
25193,48.943432118703576
25194,35.11403368169099
25195,50.441879210198266
25196,-0.6882830442976413
25197,24.24230203357338
25198,42.95316104557966
25199,50.213813925735096
25200,13.589433148677585
25201,19.08235138420344
25202,62.78609937631661
25203,50.61160469466842
25204,42.65766660974346
25205,1.9704219137814007
25206,-0.0013599176324703421
25207,34.874390019911864
25208,49.73327481111822
25209,17.840759768001135
25210,21.43100544483039
25211,10.207879947862903
25212,5.085910413268838
25213,35.73483711364114
25214,26.073779205260653
25215,48.17759350568656
25216,41.51774504031997
25217,5.698677336294992
25218,30.85807293074476
25219,48.7063801506439
25220,0.7692590226096314
25221,52.005563040177094
25222,0.14620272072546214
25223,44.270201463034994
25224,55.74134599674262
25225,3.660266399562232
25226,67.49378771598475
25227,3.4446412310635317
25228,40.91526363798162
25229,55.98376986044826
25230,42.876985501033644
25231,71.42210728777675
25232,1.0202949914695765
25233,-0.8064445084287613
25234,26.991381753109913
25235,26.325986629028368
25236,3.9991527861892244
25237,5.6154204292286245
25238,30.287507706612914
25239,56.108188018292324
25240,17.08116513484733
25241,37.380485062804425
25242,0.1046995756309812
25243,16.630171053358122
25244,36.84118601013501
25245,12.038318256042093
25246,1.495558172907245
25247,17.328371660917586
25248,30.49160177634794
25249,27.36049711504095
25250,50.669207765596134
25251,3.628619605463431
25252,27.85134946070152
25253,-1.815038095262075
25254,31.664376239734175
25255,51.06161278409681
25256,41.75042403808718
25257,32.84428168647629
25258,44.75705947660353
25259,4.274363179186647
25260,8.452590294589712
25261,24.403740926569835
25262,59.8703985979196
25263,34.19351751560488
25264,82.02383862320477
25265,61.427815224888874
25266,31.510791057345692
25267,35.13774587423922
25268,39.32384638662738
25269,62.58576948542776
25270,32.53508597730393
25271,12.635386169822397
25272,44.56979022705574
25273,8.22963632779274
25274,46.53175806504077
25275,50.56883876497682
25276,49.39920533434177
25277,30.996674943370973
25278,52.276220139002874
25279,26.54199716494735
25280,39.9360148064057
25281,57.11698520110549
25282,16.804941850235657
25283,3.374123083154487
25284,1.043220773467759
25285,23.030418020815596
25286,32.58584575463421
25287,48.97051384756446
25288,12.657132457884476
25289,60.12788132646468
25290,53.10945128083802
25291,58.13491464006185
25292,42.588192249910094
25293,-0.07733950950755286
25294,24.76477059908669
25295,28.171458436665915
25296,51.120909763518185
25297,61.084083457615954
25298,-0.2394727496942295
25299,56.31090712486632
25300,41.50875195820254
25301,64.00168495984207
25302,47.384010086230646
25303,51.95141974087681
25304,44.97617000317507
25305,56.91886158364791
25306,28.617707435060538
25307,55.70739143167951
25308,25.36088267016596
25309,55.49292542894343
25310,2.73037223472765
25311,3.270591294718205
25312,37.59580710019762
25313,29.727226114248612
25314,49.07483768707338
25315,60.55139395398332
25316,23.932377118163522
25317,53.34593233439896
25318,14.982575031234571
25319,36.042079688414844
25320,35.95884009303312
25321,0.5180764913564815
25322,26.920816274401325
25323,53.198538172727936
25324,48.364143608557754
25325,46.0852079178804
25326,5.595258361061145
25327,49.19543688852954
25328,34.113673172641754
25329,-1.4291299916990994
25330,70.4384239695346
25331,18.469038012278
25332,-1.4484879222066738
25333,3.9162301256943977
25334,35.282350041856695
25335,24.814718658067584
25336,17.693323598436802
25337,60.6469303792243
25338,22.62019667475996
25339,40.4615092649718
25340,22.0695202546651
25341,58.94620720106488
25342,63.62137723474838
25343,41.30344919950817
25344,22.472753917430946
25345,57.680410940752495
25346,1.6964033455019525
25347,23.102967195799984
25348,33.82054023848355
25349,28.392053046875603
25350,3.9310004620485586
25351,55.93660679404928
25352,52.87547961534382
25353,1.9973324495730083
25354,22.140703374609448
25355,2.8267141048528934
25356,47.84080321633113
25357,52.7366489327869
25358,38.59711815790134
25359,46.60249904101667
25360,43.02635121067687
25361,13.828432819939735
25362,22.131022577133393
25363,0.36999069865273526
25364,1.512653945720622
25365,50.536079270933044
25366,49.277174995746755
25367,55.23762333111375
25368,14.053556347154498
25369,5.907038431052705
25370,56.028862969538366
25371,42.38811678686882
25372,47.53983429679756
25373,1.234118064791808
25374,50.71627102094682
25375,49.0910542215338
25376,31.48741328115135
25377,49.49738707234739
25378,23.28059658215948
25379,28.925350438805694
25380,63.11368577238974
25381,78.19880671884157
25382,57.53973602540198
25383,42.256494748205924
25384,21.103942222631034
25385,25.53187768715185
25386,26.267584811996613
25387,42.09549933244697
25388,-0.7235010184023096
25389,16.939609150678045
25390,2.9865872656641272
25391,50.09455479446396
25392,25.2996339223382
25393,40.44893431138492
25394,32.79893485033651
25395,44.762985899993225
25396,24.9026512805128
25397,45.47243028570064
25398,57.61872058753447
25399,47.55847501486598
25400,12.739302514313884
25401,63.247060911496945
25402,58.437500140355226
25403,12.96805330469439
25404,20.47761210373509
25405,43.27065141177727
25406,47.385538219727415
25407,50.730620761561696
25408,52.9439966521572
25409,19.692440644883416
25410,39.25339834112876
25411,43.73137452217869
25412,36.00942609104189
25413,55.68619333715857
25414,24.128911586657228
25415,26.130347184312303
25416,26.457691481615132
25417,44.45135050320599
25418,45.692935032696205
25419,68.17198666067065
25420,41.841826634452055
25421,69.16857835441067
25422,13.52233632642957
25423,26.98716983228548
25424,18.85410637628437
25425,66.4253220486265
25426,24.76285794450992
25427,48.91074127666382
25428,3.4424008424152213
25429,60.51626237844222
25430,43.040134370415196
25431,41.91314245913212
25432,-1.5015556442026607
25433,48.34184661327703
25434,58.29839034834256
25435,1.544342518016542
25436,49.36430624694256
25437,48.53129549605413
25438,63.83494070874136
25439,42.23526719134879
25440,53.871812705369656
25441,38.846826565383935
25442,1.920155154445009
25443,1.4886108384901355
25444,26.89545292836588
25445,37.17293864081196
25446,47.264067819861324
25447,29.135726035569846
25448,21.965789742025155
25449,33.741653545728646
25450,44.69918179499163
25451,43.7454599532865
25452,17.76166211780207
25453,50.415148850446975
25454,38.7862504599354
25455,36.34799464033598
25456,52.939202168623865
25457,24.019714824387908
25458,7.548096329162565
25459,34.05430167610925
25460,70.14232066989692
25461,37.610840220756955
25462,24.705102009288844
25463,17.01025876275984
25464,70.79797506338215
25465,63.416956459305155
25466,12.953826584174777
25467,1.8238973136582217
25468,54.30346415470878
25469,47.01669143532728
25470,42.51637406024467
25471,58.626823209620426
25472,0.5347600920877014
25473,29.454134953986728
25474,57.116453647452985
25475,1.374287633962446
25476,2.1771166316365047
25477,42.02161460167169
25478,55.253403244768776
25479,58.17464476575955
25480,14.905185332273682
25481,3.8046440394983208
25482,43.60819422584361
25483,47.970103206747545
25484,3.517932913233647
25485,40.1267709832247
25486,51.400201710733384
25487,53.5099065041874
25488,52.56333917219878
25489,32.5876716333191
25490,21.016510782838207
25491,16.223984798415255
25492,30.92519420995424
25493,49.55815772846556
25494,33.17516136839859
25495,30.62415009040904
25496,41.338977136528385
25497,48.24578238338581
25498,64.07017344440848
25499,51.92716879450721
25500,-0.5453866072701672
25501,0.5779414570625576
25502,56.598785883419346
25503,46.34265743187264
25504,51.22041539394425
25505,59.57796568420832
25506,44.75829386825782
25507,-0.4714022825604971
25508,2.0607479335375167
25509,61.7375767411356
25510,49.78445753498517
25511,61.224463696884875
25512,35.83749832672834
25513,37.679426425651975
25514,-0.10081446072445743
25515,60.244054389641306
25516,-1.3820297895882874
25517,22.838606811490497
25518,50.4767695620631
25519,32.67193015135947
25520,44.35571206338366
25521,28.797569969152764
25522,50.252137121838146
25523,28.306802835300665
25524,59.57015660298143
25525,0.40312226884347524
25526,45.73539913212197
25527,2.258377895121523
25528,45.829368797977935
25529,1.8130120777911465
25530,-0.44481528274396
25531,34.79470668970128
25532,36.476279555310676
25533,68.6986485623199
25534,25.094808746160247
25535,11.679966082566846
25536,51.06629627610158
25537,52.2987316947153
25538,41.092635993119714
25539,31.814063390997187
25540,-0.09589030675383725
25541,1.4507362502207322
25542,16.602267257128382
25543,23.250221226796526
25544,9.839291145511016
25545,1.5798587889699718
25546,33.92411688443715
25547,30.93106289783599
25548,66.30885350582491
25549,20.49702024176024
25550,59.6690444240151
25551,50.34058770977113
25552,45.76948924679069
25553,52.91996751242584
25554,26.548728467363055
25555,48.33047245365088
25556,22.576858295077834
25557,32.34412884376749
25558,43.37399327097246
25559,27.553805555507246
25560,52.97901273096802
25561,46.587864255745906
25562,0.327855194558893
25563,41.48749951531386
25564,29.73693393072525
25565,4.31791564558409
25566,-0.43499052183108944
25567,32.229543582480815
25568,50.960826335332094
25569,20.10455800429923
25570,52.923925920808394
25571,64.88836622713663
25572,59.81650815386595
25573,46.75498254960522
25574,27.230386399966463
25575,40.370580375944165
25576,27.199263742296452
25577,43.24475147378079
25578,40.96067038732052
25579,60.99522440436297
25580,55.41412616242029
25581,37.69299949632605
25582,22.97431385411511
25583,25.133344359669653
25584,45.03538884212058
25585,27.178637680179076
25586,53.392597649268794
25587,48.409165907646326
25588,35.22714991618046
25589,-0.3791347787718493
25590,63.34849469729835
25591,4.112615083303979
25592,-1.2511402444879636
25593,33.04254643064486
25594,27.613704222549806
25595,41.49085319691339
25596,25.004991456709096
25597,42.23748958429376
25598,32.606131307554556
25599,54.98394524764299
25600,62.71811917891318
25601,30.666861888628052
25602,46.30113733235053
25603,57.68679645727744
25604,7.721068457676953
25605,13.063657545464572
25606,26.41141258091315
25607,29.067817620577912
25608,39.475886601914276
25609,47.313321329789105
25610,23.025914505138783
25611,19.588762176467796
25612,59.94262802891012
25613,64.40492724446597
25614,51.73351493678662
25615,34.92007605953582
25616,0.6855984634346299
25617,55.19740412448864
25618,48.31043123067797
25619,23.76086995187123
25620,47.78317133024921
25621,24.34143236655505
25622,42.98658800538721
25623,42.00632370413925
25624,58.47280836394344
25625,51.140812473059015
25626,30.16855653435603
25627,61.790827095412084
25628,47.893902609949436
25629,17.083938369171552
25630,0.09606394370272398
25631,2.3194217651505795
25632,13.486536377868237
25633,1.6150307992190172
25634,46.82447174046202
25635,21.97880157864347
25636,52.92361758192661
25637,58.605043552993976
25638,1.9759383641369581
25639,11.985023227314585
25640,38.83733963984158
25641,50.905875505675425
25642,44.24556815837235
25643,1.5542977272820622
25644,20.356778688317842
25645,78.6213380256564
25646,32.79608581743673
25647,9.445592989711397
25648,71.77809511175236
25649,27.209298295455174
25650,55.01903847482091
25651,54.305527960774995
25652,45.80761060638433
25653,57.96584429598129
25654,0.34064086094794277
25655,13.430465795510937
25656,58.031830134149935
25657,5.394320579453716
25658,43.94402221107395
25659,44.8624202039706
25660,44.56023680722791
25661,44.86670790872449
25662,29.398200456485892
25663,42.26547974472119
25664,42.28058829015953
25665,60.648443054042744
25666,38.08609884606615
25667,22.352963236315862
25668,49.53620360396212
25669,60.41771048066535
25670,13.68527004377373
25671,-0.7602665072838306
25672,-0.14402523723700966
25673,24.59505541246095
25674,0.23703218164563822
25675,46.7446233341724
25676,35.579796846219224
25677,21.416708761734768
25678,16.885661331594868
25679,29.174071901974955
25680,48.15437871425382
25681,15.031951513498967
25682,48.25507614125932
25683,43.71739493369833
25684,65.24722202679594
25685,34.411288623696514
25686,39.86163271737127
25687,1.0505260607161233
25688,15.868003725265314
25689,28.56673868720366
25690,20.20097320634389
25691,41.27959033968223
25692,35.75850563815
25693,47.79953481834802
25694,21.02340206414962
25695,30.869535594122695
25696,45.669356457664804
25697,31.906233160863376
25698,21.833642524381553
25699,1.9160233002122702
25700,4.078650084727535
25701,65.15474318663023
25702,18.995452015671177
25703,1.780440639525601
25704,39.7921430093879
25705,1.1257463243028951
25706,44.63045565840433
25707,9.093363692502866
25708,30.823863119309458
25709,49.61863623778758
25710,44.08714897278411
25711,28.38509779003801
25712,30.524504040640544
25713,0.3823071245249352
25714,47.299607018727635
25715,44.069531522094636
25716,61.262277061622626
25717,1.3943469046526253
25718,34.00982717883497
25719,29.658460769117625
25720,52.93321710533236
25721,20.601919487532047
25722,44.47270088126298
25723,6.761397782074479
25724,40.57791660944434
25725,10.961721380472085
25726,0.5001650920325389
25727,30.520909906016595
25728,29.822885495422874
25729,21.962487382311217
25730,26.352122029194277
25731,64.53235935352751
25732,11.59281346095198
25733,21.270763755701505
25734,19.331548335518445
25735,43.05965560713332
25736,44.23287344189041
25737,52.94676141945001
25738,33.39269316111813
25739,43.143467469518285
25740,60.855455373497435
25741,1.7596669439269412
25742,33.32262080427726
25743,47.44928061722503
25744,41.07591997230809
25745,42.35727304371227
25746,44.17713652041002
25747,1.3022391927203287
25748,73.88930302964715
25749,1.8973161984008833
25750,52.60565838402724
25751,41.601763146000245
25752,55.815262424676135
25753,11.009911280736766
25754,11.338807770781557
25755,46.75251318925993
25756,21.60313154596739
25757,45.8794812697292
25758,27.44689469989514
25759,48.017754622726564
25760,22.355051767150606
25761,43.001778384592114
25762,24.359571793069634
25763,0.4848168225294245
25764,18.992307724561783
25765,32.290860666117794
25766,1.201919012139328
25767,48.57135614649697
25768,16.55090460223594
25769,58.79490878812578
25770,13.802138285925011
25771,47.25974146074793
25772,52.17866861348409
25773,61.0938068716125
25774,46.68609819955544
25775,44.10774497022459
25776,52.68198295169495
25777,20.919985766478156
25778,36.78046510045182
25779,55.259524160970265
25780,29.09393908399661
25781,42.17977298164984
25782,17.155682748898045
25783,13.638760088695637
25784,50.371375671156166
25785,49.173149257171225
25786,53.2559477343856
25787,35.57157769160762
25788,40.94066831341014
25789,27.792726570963495
25790,0.30177200649870173
25791,-1.5424251120992665
25792,38.03242542271487
25793,42.56855463527585
25794,6.195531905971418
25795,45.274999311165644
25796,65.00933542407283
25797,24.89317277882202
25798,57.61270222404055
25799,40.11052017488302
25800,33.04239974745322
25801,2.735270336265984
25802,-0.9155239101247545
25803,38.66249484028478
25804,4.709930138530062
25805,51.52931393842005
25806,21.378286897400137
25807,64.4980376622065
25808,40.3845123059049
25809,2.257185068825951
25810,61.72501163479227
25811,22.78545400223252
25812,27.367611427287976
25813,4.34450581731927
25814,25.504436591256738
25815,59.61679347512782
25816,6.565335785270602
25817,25.257614643784436
25818,46.69312939214288
25819,27.48259093429704
25820,43.98685619411711
25821,4.050379146867151
25822,2.3415529134503146
25823,45.08677786508175
25824,48.022761196909656
25825,53.71460003639639
25826,48.67334918759413
25827,31.087363372645527
25828,-0.046879501110645094
25829,20.648448448592163
25830,46.553382589977126
25831,35.95633220022585
25832,20.249154637169003
25833,19.583844992508382
25834,44.693930582270056
25835,2.930568895324239
25836,50.48449283138176
25837,58.35521658920064
25838,52.699065662388875
25839,15.00235164273015
25840,-1.2424004433889948
25841,33.451701410822494
25842,25.822515329159963
25843,56.5450898867311
25844,35.56091663095437
25845,25.46495348993939
25846,45.2113013070145
25847,16.68674169457913
25848,53.8873928962592
25849,54.278363957839986
25850,43.51734705455718
25851,24.052367778118764
25852,0.10403947339575836
25853,11.122320371668618
25854,51.9670584049548
25855,67.29515548830271
25856,53.68872902321675
25857,24.410866931152718
25858,66.85755307133898
25859,62.657958935232145
25860,0.8796059823895988
25861,26.610218479006793
25862,17.939918666524182
25863,0.950283797152963
25864,50.53026467303337
25865,54.32529719846824
25866,45.623166540645386
25867,-0.8221088663791818
25868,0.37137489517687783
25869,22.991321300182776
25870,51.44992468470386
25871,30.486761184066726
25872,39.5422214723269
25873,20.72969029209598
25874,0.513334974031558
25875,42.87736690208122
25876,13.216388691974505
25877,23.771393777153445
25878,52.59598087958649
25879,29.982087462893727
25880,0.8572493856032466
25881,40.175361166823706
25882,49.84861214380227
25883,36.57089660837987
25884,39.32514860569266
25885,24.083487013067863
25886,58.21407683973351
25887,26.064146817212098
25888,35.41595875263087
25889,23.576321719295656
25890,1.2517552460680292
25891,62.87816611940522
25892,25.59334066633854
25893,20.28166725549437
25894,4.136073902077172
25895,-0.5440116950604192
25896,29.266973948394426
25897,56.036898490226214
25898,0.7714212752976053
25899,-0.5024201409555502
25900,2.5091064694822904
25901,60.693741183039535
25902,1.6014157477406243
25903,45.63232557792997
25904,35.67272868546904
25905,33.72379416019907
25906,47.46896569523918
25907,1.039156377163998
25908,18.996337961302704
25909,18.51434004054508
25910,37.73230394269444
25911,30.969807162086063
25912,32.92184537169705
25913,62.127549110276334
25914,1.1972794796857684
25915,49.15315779903755
25916,25.464760436723022
25917,39.142150255349925
25918,35.26662717836834
25919,0.10121238241679009
25920,34.11512858953203
25921,43.63929032160716
25922,66.6115859181646
25923,55.15455240369835
25924,14.460266122853199
25925,35.90355990227749
25926,50.96893393555619
25927,57.10985589203359
25928,24.94021094273287
25929,46.16638593114406
25930,46.37009286006616
25931,48.07830505194432
25932,22.943084869003382
25933,14.508031681157203
25934,29.87380663832957
25935,39.731182375972054
25936,46.7053306908703
25937,70.64819633474309
25938,26.915210363937938
25939,66.94834182693882
25940,57.01476467198157
25941,19.533405788467846
25942,42.668721613942594
25943,64.77542109965717
25944,34.78185176361311
25945,32.52540994693855
25946,19.47698285200967
25947,7.939120066563351
25948,54.059612904758026
25949,56.64079007931939
25950,-0.8834201557815646
25951,68.25280805329292
25952,9.134837121796828
25953,45.210303280112115
25954,40.83237261082887
25955,40.38157778842728
25956,46.596643738712636
25957,38.37256260961062
25958,57.64735172429387
25959,28.836626714234598
25960,48.80877849543712
25961,44.3311423796495
25962,1.9782159668078698
25963,28.467795147202388
25964,46.94446114825712
25965,43.253589834810185
25966,52.25337396330154
25967,41.05097112202608
25968,25.213714242875383
25969,57.39562229320603
25970,44.71736349656881
25971,50.59048610186713
25972,53.80560811415438
25973,16.479415869363987
25974,33.3162180167808
25975,20.791328145548526
25976,3.3168500373650183
25977,69.29985363833234
25978,59.20825630386898
25979,32.84015864823861
25980,70.46719175455813
25981,28.629858737143664
25982,13.448992429253614
25983,17.123652502596162
25984,21.565585821400344
25985,41.51438855831726
25986,69.20235761369383
25987,18.519075652772184
25988,24.76433704276829
25989,40.94144831755079
25990,22.2156870469927
25991,53.08833605928512
25992,41.26348550348865
25993,65.63647459835722
25994,66.9879663753981
25995,32.7703006385699
25996,16.71283199400509
25997,8.022467484809187
25998,54.47493323599282
25999,0.3316567708629634
26000,19.462104383244416
26001,-0.42417027202313307
26002,-1.415716505814892
26003,18.46644776042953
26004,53.55836189918843
26005,58.54950096440663
26006,58.85787944896623
26007,42.37163012087898
26008,67.77168608634656
26009,50.015697524583615
26010,14.032870029539112
26011,44.295980155871106
26012,9.016280346352218
26013,31.49028556788595
26014,80.48090462571031
26015,48.096497449599944
26016,56.69847048948489
26017,0.199821295636454
26018,55.633855253949754
26019,57.4604989726797
26020,16.08286333780642
26021,1.4246420040980325
26022,42.209450513975874
26023,18.932282312417716
26024,23.969304734117326
26025,46.62980526319367
26026,38.27717905945475
26027,26.865520315668277
26028,43.84850806343938
26029,35.873996276081
26030,65.58370617659024
26031,42.18991096012625
26032,10.442660268085493
26033,52.072609846124635
26034,38.135878768557674
26035,59.41865318280515
26036,-0.5307716871659025
26037,52.862922675048665
26038,59.163604366738966
26039,40.87219763180028
26040,20.20377042861415
26041,-1.3247834854392764
26042,46.0371215604233
26043,43.198052465800124
26044,15.597133264329528
26045,1.587872876720617
26046,54.21639313324415
26047,51.50065064197824
26048,40.956411161187766
26049,22.612000087701084
26050,40.288142617964134
26051,22.90143104560125
26052,0.4008135514440738
26053,13.87295400093252
26054,41.48623509373296
26055,52.740121234222244
26056,0.7301387727385276
26057,45.82630109321449
26058,25.08720988391454
26059,24.062288712759173
26060,69.86140736180002
26061,21.618791004304555
26062,29.76050413299454
26063,44.62191140592344
26064,3.2466028727580323
26065,1.532253317788193
26066,5.743479617334632
26067,44.79006600090982
26068,-0.7515099893007502
26069,34.2336259612178
26070,46.5567636008395
26071,45.625452921396004
26072,48.79771257947309
26073,44.0315322792136
26074,62.07141999330703
26075,60.14639557608918
26076,35.95050793930142
26077,21.39015665540355
26078,66.64488117742312
26079,33.93711661344112
26080,26.488838447277605
26081,35.7061827331767
26082,55.27591776956757
26083,37.85198829547319
26084,43.48580272590934
26085,43.73087303648655
26086,34.211794002227954
26087,27.103565517160632
26088,20.77296695695053
26089,45.45259813668386
26090,40.025440872467044
26091,24.191219336676554
26092,30.537847648971795
26093,32.89621410430138
26094,24.736101150543455
26095,32.98799191551167
26096,29.039425134394666
26097,1.2114255028002248
26098,33.329730406762955
26099,26.524262109874474
26100,55.399632252890704
26101,35.73812154969178
26102,70.70888255013702
26103,-1.859452291828255
26104,52.909333413839136
26105,50.7168777135623
26106,33.766302765634606
26107,12.187448830088616
26108,22.295146842609448
26109,55.73039628280673
26110,71.0056413194441
26111,0.10931470333394344
26112,55.60335110182778
26113,50.82922381045087
26114,50.31051580558473
26115,45.50898610685379
26116,32.474242771865725
26117,25.980795706283534
26118,47.12106612253836
26119,53.465202683798495
26120,23.17398237679847
26121,60.03246330985016
26122,39.93202960675898
26123,32.83883786162164
26124,24.09587404893699
26125,44.29599680117762
26126,57.72061549054974
26127,24.458909855428782
26128,54.758238326630774
26129,44.91958105355896
26130,48.01672427970516
26131,37.83207712844502
26132,46.711085904328876
26133,61.378502767780375
26134,50.36378017421219
26135,8.056260909046273
26136,9.152718968674769
26137,52.75989507237807
26138,59.796088043225836
26139,42.15066291930971
26140,47.2264763323648
26141,1.9949339240622201
26142,44.33087043257782
26143,25.417360871396994
26144,0.4086766793949863
26145,0.6262385090294842
26146,42.641026788652795
26147,54.989254319835695
26148,0.3943694940314515
26149,9.804360276687284
26150,31.045067481126086
26151,40.399371891559476
26152,66.97130375536426
26153,51.59592719263195
26154,54.72128005448417
26155,46.30509820414042
26156,24.67373830402567
26157,60.775916405430195
26158,71.47311057210248
26159,46.87781844338981
26160,15.314974378784111
26161,58.68796983628722
26162,26.254808842745543
26163,39.6728522257653
26164,55.03847848261721
26165,40.55256177356949
26166,69.6763585217419
26167,25.255773589382635
26168,51.81040770765569
26169,-3.6240955379261734
26170,60.039341480187375
26171,61.404209607860686
26172,49.232096675374734
26173,21.013871675447206
26174,69.07792194461315
26175,44.59159829552135
26176,26.2585536198237
26177,2.1484081520183977
26178,44.88054091752434
26179,0.36054786980946574
26180,36.82008633709014
26181,34.72384546138488
26182,47.643259097576866
26183,57.01476467198157
26184,50.396261243847796
26185,55.344128272908236
26186,59.687354941235384
26187,2.898472792414747
26188,82.63552827474808
26189,65.86654632716022
26190,63.52531743983151
26191,-3.7182817499450564
26192,53.59810258153431
26193,54.557057493644905
26194,42.02671077034836
26195,44.36047597164655
26196,40.50553378683364
26197,1.0972696763621883
26198,25.164064471875477
26199,43.318626807377036
26200,56.060368149343745
26201,19.230663877385034
26202,14.298321802983626
26203,50.44942923368944
26204,19.875312190503607
26205,42.29985067731688
26206,-0.5287077970304921
26207,0.9291152343354128
26208,11.970040234523552
26209,42.70201549733807
26210,12.390925369818099
26211,-1.5399189120874723
26212,1.0817882748008074
26213,38.51473330101338
26214,43.137897226393314
26215,60.79972060556253
26216,32.41617920983915
26217,45.98374494779447
26218,17.425367581063945
26219,43.76645902614499
26220,30.133281851631228
26221,22.110154939117958
26222,23.215277202132555
26223,47.244891701267875
26224,67.50470018887216
26225,48.78919407990677
26226,1.0678975272261653
26227,0.32703269139659596
26228,64.93421986953048
26229,46.12045511861017
26230,54.578437295472995
26231,14.897457226466354
26232,0.518702876900214
26233,17.885358913807217
26234,48.59942036645269
26235,42.99712269843278
26236,50.48102917554884
26237,29.247202202077933
26238,14.576627890693302
26239,46.33112955639906
26240,67.46669371445893
26241,15.386878293623472
26242,20.565068120514233
26243,49.50995420516118
26244,43.39285253651257
26245,0.3148528146859775
26246,70.15841467509932
26247,0.6223866329120824
26248,43.7221032563952
26249,63.1809692991786
26250,46.505541086646375
26251,2.703242078980452
26252,-0.7698585493815031
26253,53.07725112663303
26254,48.39875912538652
26255,23.603881884822833
26256,35.4704734928344
26257,50.99210749462664
26258,2.0074757924626354
26259,20.62566156695766
26260,43.15657167889321
26261,3.5231812700967424
26262,3.786266789566067
26263,-1.556946215125322
26264,47.66212878735182
26265,32.06603566496304
26266,59.55265664870633
26267,0.21478404059472922
26268,9.366414860480617
26269,56.29655341228294
26270,-0.8631592550793599
26271,44.44193503142159
26272,18.559051067874346
26273,-0.39149664937617956
26274,63.388758116774184
26275,48.58139540815122
26276,12.63766382667739
26277,20.618587983794754
26278,46.462399343982305
26279,1.260053575863921
26280,44.75980495596376
26281,48.8687777098008
26282,26.439122575551032
26283,-0.42990964430769907
26284,50.68686658728281
26285,52.2847964602996
26286,35.81276711918467
26287,4.389688364455381
26288,49.19714137007393
26289,19.313650181516245
26290,76.99366723273022
26291,23.70388047660214
26292,24.736961642823598
26293,39.186084418807546
26294,23.77345843057595
26295,1.7454441020818692
26296,35.505211689493194
26297,62.793503618694444
26298,14.182910790295583
26299,46.08701615387104
26300,26.75849473509892
26301,55.15777607721016
26302,34.62713061987817
26303,25.18638220757086
26304,39.98241786224142
26305,40.370124822877116
26306,3.53692242207417
26307,27.265255706095793
26308,44.849458282145996
26309,38.51725853768921
26310,46.18530780973925
26311,50.6840245050655
26312,45.386315720962656
26313,48.60281307670651
26314,21.3745453758389
26315,57.48479801073491
26316,28.794980494492926
26317,45.610242274915294
26318,14.401339348810772
26319,12.096046220792147
26320,22.756278805358374
26321,69.96630875854969
26322,58.96399670025153
26323,68.38149953548687
26324,60.85054057187583
26325,17.544045608153375
26326,16.517677939158283
26327,-2.019541441305286
26328,23.145798476981962
26329,24.900657129443875
26330,1.4045861091238052
26331,-0.47790871919577427
26332,43.145574202700246
26333,2.6322306035710703
26334,27.24974359656885
26335,1.4961075672743682
26336,27.078557750128475
26337,33.51404514438737
26338,49.40707561515726
26339,-0.10676599041357804
26340,9.325974730881743
26341,62.80336246596017
26342,65.32811758694297
26343,45.45614779599629
26344,26.255791015919936
26345,28.45510534614327
26346,30.33056299388842
26347,-0.5171333195774963
26348,0.4107401818721925
26349,2.2106269484147454
26350,41.60899757519121
26351,6.515067083990431
26352,60.18331388310261
26353,0.9169135706339233
26354,57.60131965838825
26355,-0.4278865184939207
26356,70.16599673794789
26357,2.5439583875755183
26358,4.841373795204326
26359,58.630650270010584
26360,58.5311497455248
26361,53.09585168778442
26362,19.287156615934535
26363,60.93152153762385
26364,14.171209382858528
26365,44.43927027586938
26366,49.21012026511194
26367,56.42190212174036
26368,47.23151934978498
26369,1.131401576662256
26370,24.11074183587072
26371,16.274525163890416
26372,22.71324684199308
26373,41.861599265137386
26374,65.80023601891506
26375,46.86500751020519
26376,39.70794427551227
26377,52.326533875101646
26378,44.72698523443155
26379,54.546479426330365
26380,9.325974730881743
26381,27.132692302304115
26382,56.57612298548896
26383,57.57118186402212
26384,0.8100400886736878
26385,64.00756621508071
26386,10.443971330682416
26387,19.20831328106487
26388,47.16647263051962
26389,2.6464510249044046
26390,-0.348665866854752
26391,9.664364800528745
26392,23.414212583002463
26393,9.17222442473274
26394,64.29399771803547
26395,47.30209263426981
26396,34.87645865090083
26397,22.448794586249953
26398,32.36422718186642
26399,62.00506708113913
26400,28.483347949414895
26401,13.071195346777198
26402,30.007196887930313
26403,0.5402520991982698
26404,51.55712293862599
26405,0.6720556975975356
26406,25.176980369756137
26407,39.06344987137281
26408,25.93633401694163
26409,11.65767806236141
26410,23.97816049129313
26411,0.4881879375299434
26412,60.478062719352124
26413,48.91099430190188
26414,18.09486717234281
26415,0.46023694713685614
26416,51.95189320747011
26417,37.52144521487289
26418,17.055732640461926
26419,0.1268649649513165
26420,62.28447199026215
26421,18.816614037145175
26422,48.209394127625174
26423,27.925404536426342
26424,54.80306807945269
26425,24.550861831086927
26426,62.47352288080617
26427,-1.1375416844198227
26428,61.09115415555921
26429,13.050483814356063
26430,62.04844343972476
26431,14.21853418503234
26432,55.896764672279694
26433,24.10088317068928
26434,22.494486731653673
26435,0.38690250118629166
26436,1.0125510098156525
26437,40.26105430448291
26438,22.451250970701068
26439,44.983971878387656
26440,5.2968499556963025
26441,4.7686994907558
26442,64.85424697203588
26443,18.602899834318805
26444,3.748408372906198
26445,43.361916373293376
26446,62.0259628350701
26447,44.251603534812446
26448,19.654116159498777
26449,50.8591500858486
26450,38.05578544671708
26451,22.630680708191296
26452,0.893405162396995
26453,63.358911814037
26454,20.005261155261977
26455,36.638748971546434
26456,-0.29622222619761374
26457,70.75955097754455
26458,53.062974493228126
26459,28.207914991723747
26460,53.443613425494526
26461,39.34257522680513
26462,16.194993051531938
26463,32.71691661525781
26464,42.35631083714277
26465,0.0311656922730279
26466,0.15236328121790166
26467,46.469496988449706
26468,55.57833569337048
26469,-1.3095225907752095
26470,35.828449650965624
26471,45.81900622495053
26472,24.655982949790147
26473,59.86233134622309
26474,18.52205644818326
26475,51.442226429134855
26476,69.45644406180352
26477,18.81897493858842
26478,23.553887030347592
26479,54.831443291525915
26480,27.17556712078205
26481,27.095598805937364
26482,51.8492347783378
26483,48.56823245857519
26484,26.687214252500084
26485,19.89076112956299
26486,45.012478404468055
26487,43.699483651485664
26488,3.609781609037011
26489,28.042059189742638
26490,17.343227550777463
26491,23.478475474749416
26492,34.71964908244735
26493,28.323141171186524
26494,28.857736395800877
26495,0.10493556275832816
26496,27.484785324585594
26497,15.489815001403596
26498,15.488144678371345
26499,47.27397347595933
26500,-1.4705070999554977
26501,41.637682555013356
26502,13.898580860735105
26503,25.149180063502627
26504,5.244987837992699
26505,25.719585458617452
26506,33.04239193359847
26507,55.37638127795853
26508,12.69060925291469
26509,29.76363547397425
26510,47.79683167026583
26511,48.59928470824385
26512,30.17624290542825
26513,13.811492117305594
26514,30.62569342816468
26515,-0.13153369708147267
26516,57.92947041201236
26517,21.425404143734482
26518,50.527806415116345
26519,25.882147838315454
26520,41.05547554094568
26521,55.662387442403656
26522,40.56378712504265
26523,29.14883002840225
26524,-1.4280174285300333
26525,24.55247349923536
26526,46.04009946950549
26527,0.9056987112924872
26528,42.47191826640267
26529,19.3428526906742
26530,18.81332898982005
26531,39.893535509677875
26532,38.48420189701643
26533,19.244906341908475
26534,28.18000536990078
26535,57.71241063169208
26536,41.40102488402586
26537,43.9062013927081
26538,20.511847308588152
26539,46.53589025099258
26540,60.879419642940576
26541,22.978774641354452
26542,54.67624509759489
26543,52.34006916862003
26544,25.414123234158737
26545,11.754305693729037
26546,3.116201714034535
26547,2.0637526372900865
26548,53.53857693824561
26549,-0.350378764455769
26550,17.754029143319194
26551,48.9032484344864
26552,35.257278456801274
26553,16.1436802857944
26554,55.07807341323691
26555,45.02811811485193
26556,45.48594586679009
26557,21.395507105078874
26558,48.52846637713869
26559,49.46186393718844
26560,1.781506197392897
26561,30.357028698485
26562,35.20144199076123
26563,23.56204350194956
26564,26.072520467898855
26565,44.97269860783717
26566,10.7856943989303
26567,52.71276501090384
26568,23.516196424670547
26569,59.36941151481921
26570,14.843242666471287
26571,46.3954161341519
26572,13.41930428127555
26573,4.587153468673044
26574,44.64620057877036
26575,21.828898071308636
26576,29.82226916907543
26577,44.0796785580993
26578,58.396759225057124
26579,0.3447383723723618
26580,49.343598451876446
26581,20.28348553871626
26582,28.17830743905631
26583,53.26224980758507
26584,53.39615094745548
26585,25.50744045242635
26586,12.307065628450566
26587,61.95289284964306
26588,2.8172831742026503
26589,64.23083556131068
26590,44.25603696527517
26591,48.537903734329845
26592,-1.3968069376887868
26593,41.516981367510446
26594,0.28760389613130855
26595,-1.1782423047953614
26596,57.8064045044259
26597,67.09023091151172
26598,25.17875203752626
26599,53.70678794934456
26600,55.37419687488428
26601,48.03081131828717
26602,34.956594072708675
26603,68.76005292021021
26604,18.783931434601868
26605,-0.7625025368109277
26606,47.11801658869449
26607,40.012913035444164
26608,6.266335030831364
26609,34.04946290897893
26610,0.18211061292105057
26611,0.5788310182586969
26612,43.933100482766434
26613,30.837378060460054
26614,20.641698069363656
26615,19.759014242245193
26616,21.680903136098852
26617,54.91626782626277
26618,26.080677445968387
26619,1.6812528165771532
26620,41.45456933028913
26621,24.337006392678358
26622,37.450940823550425
26623,47.6046346843892
26624,38.283192666500575
26625,10.511535784546577
26626,47.22680576418105
26627,57.11974100492151
26628,28.310482586297766
26629,47.794099154346284
26630,0.5296122678414008
26631,32.4933433893387
26632,60.86978501538393
26633,60.48942409799309
26634,17.872617084449317
26635,47.50911683955054
26636,36.55792293558588
26637,10.220014071614635
26638,67.69632357917092
26639,62.891269921115345
26640,14.984861954802515
26641,31.604877911669334
26642,26.703763883401646
26643,46.02840295476408
26644,9.312616428740625
26645,28.115452490628243
26646,26.7571529554988
26647,21.4468038280481
26648,46.37696200831818
26649,29.055038266373142
26650,37.76696477001271
26651,30.422954075327873
26652,44.09959722422635
26653,25.704514878769075
26654,38.912725122504426
26655,1.415850785192319
26656,54.34090885382287
26657,32.81057240227779
26658,34.89224256945943
26659,16.54348283633572
26660,24.155031931762846
26661,41.071209197983535
26662,20.902740609600315
26663,42.05511458435079
26664,22.413868691490066
26665,32.444238275218844
26666,50.372402384044044
26667,27.680876279067718
26668,0.27702125617795303
26669,54.45337779362463
26670,46.868214450416446
26671,39.29931951713283
26672,25.769146151176756
26673,60.14309928802845
26674,56.5051192533912
26675,61.089606852861706
26676,41.18530606642561
26677,50.28810770041704
26678,43.44420117005088
26679,53.47253117764235
26680,49.979553726651886
26681,45.43770973864791
26682,44.849470643682025
26683,23.450202797713587
26684,21.020124247292404
26685,45.75741674989983
26686,51.82731250089002
26687,54.75716726148228
26688,25.77475840511063
26689,15.495350889565458
26690,23.46175466626307
26691,51.15444545582385
26692,0.09740322711367355
26693,21.245917897533705
26694,62.542411449712525
26695,46.600631350066735
26696,14.307897874851484
26697,23.212666560554624
26698,29.650067317194257
26699,30.698215643263246
26700,36.557066133685176
26701,29.344258392720345
26702,48.59956777270916
26703,55.95765179028082
26704,69.14090046354139
26705,45.63534006554593
26706,22.779549672888976
26707,57.257967174265644
26708,3.738600886677517
26709,55.37612595841164
26710,28.443675495631254
26711,0.7747980596156694
26712,47.92819760305358
26713,0.9400227072131386
26714,0.3356077033284208
26715,19.3195611230364
26716,45.099912455796385
26717,15.346040506966876
26718,30.61355195990005
26719,29.730692217038264
26720,48.184486856629746
26721,42.55401493064882
26722,33.225967537240216
26723,38.11334439894735
26724,13.82601467691881
26725,-0.10255511395799743
26726,69.28879957631516
26727,49.506171208134866
26728,24.69999575506479
26729,1.533334557215852
26730,27.512501354918616
26731,66.05203324286097
26732,45.99254513068609
26733,49.91733417794286
26734,14.928155581964507
26735,49.34624267958044
26736,45.71372573374271
26737,52.46975438082904
26738,69.4824253557513
26739,-0.13259855429480893
26740,53.83033323959023
26741,48.95411029284587
26742,0.7699863480949105
26743,0.21826980439782773
26744,37.255990546810914
26745,41.06687493223921
26746,54.005869993398974
26747,54.72073975496144
26748,2.0324532351523317
26749,22.041334579128694
26750,54.44726595366858
26751,46.60269770639465
26752,3.5478640280046996
26753,1.199438428820443
26754,39.52935674144583
26755,24.27086618456431
26756,41.98010986889722
26757,35.50057087853653
26758,49.288918606764526
26759,26.792397437730916
26760,23.2844073594001
26761,-0.1244893401065994
26762,42.39833941452096
26763,-1.1736392376214582
26764,49.99008936301355
26765,-2.533770066313579
26766,17.224893559430946
26767,25.08275760770963
26768,28.61476167426784
26769,40.979592628327644
26770,61.87748222325159
26771,42.34575881742883
26772,19.345305361889494
26773,42.361515466013834
26774,27.262978095377534
26775,58.97691991386951
26776,30.16280306464237
26777,21.469961114873314
26778,29.929840812619965
26779,75.36488936779723
26780,24.802196725313316
26781,54.04058985215882
26782,22.899856217381874
26783,48.516000159747534
26784,62.11554603002796
26785,46.75600755803777
26786,2.9550500566969333
26787,19.141887064852618
26788,39.45748593819803
26789,25.37483327267375
26790,53.071654986999164
26791,46.05777602304578
26792,45.19120160848681
26793,15.154775406537276
26794,0.6350136554007548
26795,25.122320539591048
26796,13.663221726184432
26797,47.546828252926325
26798,1.55565387620927
26799,19.961353475432638
26800,4.249474616095952
26801,54.15378657241297
26802,36.93132058489577
26803,40.71388318154846
26804,61.439842715821285
26805,22.35621169191796
26806,40.30991967469755
26807,65.27020551013307
26808,68.57194542367247
26809,50.468349435607124
26810,50.51813653504206
26811,45.931810600228566
26812,46.5802607234818
26813,16.07078058634759
26814,29.768512340204172
26815,42.18111571406809
26816,69.8252888540167
26817,53.248754482035224
26818,46.818401684521945
26819,50.51574057042277
26820,48.7555860462376
26821,42.67155351462541
26822,33.159537054544344
26823,2.3773813264680292
26824,49.1940009051531
26825,47.22854316687565
26826,0.6964494793719638
26827,0.8396898929069323
26828,-0.22407474102475788
26829,23.287735429907755
26830,27.150464676701024
26831,47.641031809980376
26832,29.15683482692811
26833,1.5205138114430525
26834,-1.0601121050928342
26835,66.46049010428376
26836,49.91073361511623
26837,6.651057132805409
26838,52.12710162630719
26839,0.4993790219743133
26840,45.17930271513039
26841,58.979878426824136
26842,32.78952720373302
26843,23.685480518282905
26844,61.539489379090725
26845,60.650895526966096
26846,44.1059508034654
26847,33.947350952634345
26848,55.972711410993554
26849,36.32805877319534
26850,3.873748535881134
26851,-2.2904590682896853
26852,23.811764058275756
26853,54.82597167580823
26854,52.3172450521773
26855,21.93652376232871
26856,69.69704819228926
26857,41.40795544443479
26858,29.33352956214378
26859,26.53606621709295
26860,45.82820823748219
26861,1.9613258136170941
26862,15.861295563323953
26863,24.1627483185378
26864,45.23082840163157
26865,20.38935233222343
26866,36.05660412477365
26867,0.8166850031120774
26868,11.781655296387175
26869,14.809341111623159
26870,51.32745525624462
26871,41.238602831542536
26872,1.5856713972446528
26873,50.44488108598054
26874,42.6996168704481
26875,17.58909667719982
26876,23.21477645542076
26877,70.52173390911551
26878,11.016769871765483
26879,49.99346475809294
26880,44.78712878915198
26881,26.636220306316417
26882,56.39052899975931
26883,38.44483693155843
26884,12.330436377121313
26885,35.116248509202755
26886,46.121716923470956
26887,41.01318702053718
26888,17.879670091091228
26889,1.436463753626331
26890,50.065719985623275
26891,32.81134174372513
26892,27.95343993459884
26893,38.34547563340239
26894,40.66591802968037
26895,55.69064307026031
26896,54.26675071746499
26897,42.317766906605456
26898,54.65649080560069
26899,2.428756985070521
26900,32.707161653741494
26901,42.351892102312625
26902,22.03082146137024
26903,58.05855919575576
26904,49.27247956898908
26905,13.475003754231917
26906,10.667792411922406
26907,49.36299878170672
26908,37.33250296998915
26909,0.8531370182271161
26910,21.538417661923305
26911,2.2256123990553327
26912,1.0632326374847665
26913,37.49759225479746
26914,1.2149824963789086
26915,27.11790349607354
26916,33.15000374122236
26917,25.182408977682122
26918,39.2114010855001
26919,2.004375946280298
26920,30.607780796356415
26921,42.67716223206373
26922,38.6866148725976
26923,56.0891924057099
26924,0.13081804933587193
26925,26.88968909223999
26926,61.220138674018344
26927,45.05313049473871
26928,25.609499033688657
26929,46.62522889154678
26930,46.268101709757104
26931,22.876034260141047
26932,17.4470899559712
26933,32.62410355976772
26934,56.20551132771331
26935,15.134510882854347
26936,0.2563146494291715
26937,21.408284783612487
26938,56.091247217952144
26939,20.66882154641487
26940,56.02489574796493
26941,44.25557472242059
26942,81.29386545816268
26943,23.692907252162026
26944,58.427777609748325
26945,53.28575176217643
26946,50.646723580758874
26947,50.84284040111044
26948,12.993022974384804
26949,77.3201065442166
26950,14.056370042002563
26951,9.124691979624465
26952,48.70415168094077
26953,42.66892421231869
26954,27.59512158058559
26955,13.22053560270092
26956,56.193122340294224
26957,63.90640233297867
26958,56.960825399783616
26959,60.65521269055412
26960,1.008249159722304
26961,42.14903468055761
26962,21.090473253475032
26963,56.72244774665061
26964,-1.5758547658037472
26965,45.039616660715176
26966,18.178286286124774
26967,5.377171284336189
26968,47.21902052364678
26969,63.964653564000464
26970,51.40970420288927
26971,1.4170088680201367
26972,59.07982702380634
26973,28.721523634573376
26974,26.776459748859217
26975,33.51530845325217
26976,15.186065420258181
26977,15.426475346777927
26978,57.70519896307782
26979,44.96349778949527
26980,44.54663035737937
26981,41.62018253129213
26982,22.592575378130174
26983,70.94577080697879
26984,39.2444192003307
26985,51.12559782978327
26986,40.898525034853066
26987,46.513383673509054
26988,57.10176378593985
26989,21.826154310938268
26990,8.069131480522213
26991,16.43059761385102
26992,29.1568098434143
26993,52.803719614238716
26994,55.22930357793041
26995,47.717836597600666
26996,49.7050218448647
26997,0.7907165337265383
26998,3.253616440589145
26999,42.627713077956926
27000,50.23371981427731
27001,-0.3510880503924767
27002,18.160052836055925
27003,51.465319683683305
27004,67.31849635002243
27005,22.237059908516244
27006,25.773657127913488
27007,41.22121833905744
27008,31.14253558585531
27009,43.528116959018206
27010,31.55787517012359
27011,43.65978107419621
27012,54.20661301296978
27013,0.8758311794413984
27014,0.9834633207616506
27015,-0.05572133885518582
27016,11.863034208477558
27017,19.569815621935874
27018,34.38515057268095
27019,48.983770107471315
27020,50.4544098149225
27021,63.944752141600354
27022,66.36202267411576
27023,44.903679133681074
27024,13.763255256731163
27025,15.100060135100094
27026,28.306534893191056
27027,9.678903469084318
27028,14.039755774238131
27029,24.457750674249922
27030,43.67271015064726
27031,50.802349818849926
27032,1.7939787507955245
27033,-1.9614441354156966
27034,51.80725837141088
27035,40.241230566244
27036,45.41506623734764
27037,31.514388368011677
27038,52.56269606009155
27039,63.92280829148305
27040,11.971465786651528
27041,0.5688874006380971
27042,34.358952826781916
27043,41.92575965559642
27044,54.38591474059287
27045,16.706342681231533
27046,41.6314233759484
27047,34.71768596588079
27048,52.33535779683518
27049,48.76130618226233
27050,54.255735907823876
27051,24.51470143157446
27052,58.49765046388215
27053,48.27505187805044
27054,46.7208507945394
27055,47.8273333800487
27056,55.88991846130389
27057,16.461281039365865
27058,32.48114946861485
27059,46.96695548284717
27060,32.34364770595933
27061,0.676467271603201
27062,52.59145570736639
27063,21.660568310827628
27064,7.881864429479002
27065,39.70749288249495
27066,49.791283495040105
27067,37.31246518228612
27068,18.125444301790637
27069,17.574900460150126
27070,53.176791847182606
27071,17.37043158882826
27072,11.943975099705177
27073,27.60063144111312
27074,49.743748680291134
27075,54.985700437704324
27076,49.94174240651985
27077,48.25771220960248
27078,8.830538588575099
27079,41.421453282206336
27080,48.797049136283846
27081,3.656012701933978
27082,63.150551170741764
27083,1.0968918002278372
27084,2.158238220683536
27085,1.466090573146218
27086,50.76401195503992
27087,31.14084922557542
27088,14.530268637873782
27089,1.0358442288230592
27090,4.563161646592441
27091,20.465298416062637
27092,24.285631099620076
27093,15.375282131796414
27094,-3.117499537683649
27095,39.50054500741142
27096,44.14671660390404
27097,42.43803349406762
27098,1.6955337120851972
27099,26.347984677568466
27100,31.92255064740454
27101,1.060844611787715
27102,23.430082673447295
27103,46.77630129827273
27104,28.251822239082365
27105,0.7323053872708201
27106,44.76421006130927
27107,47.95877916802999
27108,12.381113323780433
27109,20.847657133003562
27110,41.09140071636876
27111,46.031030680093046
27112,54.41787711390495
27113,64.1321746990705
27114,38.55140977041772
27115,59.69018319604443
27116,49.09323318618313
27117,49.21341678959315
27118,23.125864643957385
27119,55.04314265562575
27120,43.402085994119574
27121,22.584267281439963
27122,39.12181226344056
27123,49.92004595446576
27124,24.43179930845762
27125,28.558384986468855
27126,45.3657727591059
27127,41.05512022335768
27128,41.69096147439229
27129,45.47920871370512
27130,42.75305081505716
27131,0.5397893100770759
27132,41.510728528241295
27133,27.921399727565152
27134,-0.38545487045218607
27135,0.8026287305048925
27136,46.27988249257436
27137,44.72094192970048
27138,31.752560615691728
27139,52.210589741770455
27140,28.380029927845317
27141,31.500109233647983
27142,75.28526887967087
27143,61.116285867096366
27144,19.394622231575468
27145,22.69746832711712
27146,39.74419917504081
27147,47.15041919165549
27148,22.603593986188578
27149,46.528463823298544
27150,54.917644752241486
27151,43.90757781648378
27152,23.054250001691805
27153,46.37805086639773
27154,62.609571630495
27155,-2.659830138685834
27156,52.09204035972557
27157,59.48808669055124
27158,51.866475689688784
27159,65.64889767995807
27160,-1.6886526253211613
27161,26.410897373707428
27162,15.199855418907909
27163,23.700788203248763
27164,10.650165241956632
27165,40.180427073599894
27166,77.56261232077782
27167,20.775414687596488
27168,48.804705496215604
27169,34.321518962200386
27170,27.011221212435586
27171,44.116165861836244
27172,55.628829733211916
27173,45.74566887584062
27174,-0.23678363950819659
27175,32.33539151366529
27176,29.224204773227303
27177,22.544052255878285
27178,56.40402455610696
27179,34.25453799166749
27180,38.91431865235067
27181,22.656316475909705
27182,22.020713859150334
27183,61.954923838920465
27184,45.39216732083887
27185,55.22544595860768
27186,17.93361728122262
27187,46.61466617494211
27188,49.430164511745815
27189,37.48242132486539
27190,42.627361761598436
27191,67.73443318243908
27192,2.1894785385485918
27193,23.86277901450432
27194,1.3124119316033926
27195,60.25320962261377
27196,1.8518197407528412
27197,-1.559107118756046
27198,21.504139974939648
27199,57.20679070096757
27200,80.40016993575361
27201,67.70120625740185
27202,46.93492626245636
27203,60.31627894377681
27204,65.45149703317728
27205,41.93954569295935
27206,45.46340329750332
27207,3.6640182934962873
27208,55.50482957845849
27209,29.946182635458264
27210,23.3877639018489
27211,15.83708425386494
27212,1.586528936081212
27213,2.813945284055194
27214,47.54940426273202
27215,42.32180224989925
27216,54.29423001197796
27217,0.42738469775019894
27218,16.45088885404789
27219,51.14696753754255
27220,42.00876977768206
27221,48.2094058928911
27222,40.11758561643952
27223,41.337042270989045
27224,62.73602798655456
27225,14.277817656090626
27226,63.96368051297498
27227,67.64762219856011
27228,4.294681317422263
27229,37.20415363023452
27230,21.42848592036006
27231,20.641198777937845
27232,-0.566823815658104
27233,0.7705337353852784
27234,45.10490940399418
27235,53.90952526080815
27236,25.06124771890685
27237,40.50029384642772
27238,0.6534541942262635
27239,43.469324647109936
27240,21.255782020028903
27241,43.12005562722353
27242,1.649269468279691
27243,47.75004349194762
27244,36.325529675638165
27245,23.589537277130148
27246,59.51146380607043
27247,43.84175604653041
27248,21.143559076572352
27249,0.4022366643238797
27250,45.00656564248939
27251,30.86812928654902
27252,21.88203931653909
27253,6.9932106752006575
27254,26.80250183451532
27255,15.70794103611981
27256,45.22647866133738
27257,21.724717635528755
27258,47.55978453608084
27259,43.81385725877852
27260,46.34873807880855
27261,31.076974221671577
27262,26.95121251897722
27263,13.766576344687877
27264,1.3595808267711469
27265,27.162143053256884
27266,54.9079205191438
27267,51.88456988602491
27268,19.673888682769082
27269,55.956849417961884
27270,-0.3417892891547041
27271,-0.45837924012354136
27272,17.469040495922044
27273,16.830463881897167
27274,60.9791456018044
27275,64.52206482033927
27276,44.807792119079565
27277,47.60636986112666
27278,21.397402546716908
27279,24.736179582406066
27280,28.015321742506078
27281,12.544399393565719
27282,3.7255598159367445
27283,22.17387352365578
27284,1.077544275836125
27285,24.813076321138908
27286,54.19761637368545
27287,56.06346790447701
27288,46.88910601349576
27289,50.737348601029844
27290,26.525182652817215
27291,22.320238502703965
27292,27.16996878142701
27293,-0.5308998207052653
27294,66.20050500587405
27295,50.3914810296367
27296,47.02777746609647
27297,38.8379861848283
27298,21.461114615695283
27299,-0.8814906375779188
27300,5.678532010002492
27301,51.18990833294353
27302,45.849864264668156
27303,-1.225563456371546
27304,56.79143152614107
27305,5.8958037018018565
27306,42.608466140261385
27307,13.102416410391264
27308,41.392164796419785
27309,18.993594608157487
27310,34.319672475968375
27311,40.90725540761947
27312,9.817162200853137
27313,0.2602919555170544
27314,52.01961363076828
27315,76.86128117691354
27316,46.4185484914135
27317,10.234688983710157
27318,42.62237730841814
27319,55.52277300496628
27320,43.705695475071195
27321,65.19637565608998
27322,22.92488748715755
27323,50.77189428857016
27324,60.18935797441328
27325,61.09366987734076
27326,3.9929144502834006
27327,11.776693710893358
27328,41.22500436451313
27329,44.64919368877246
27330,15.538077661832972
27331,21.9234476288783
27332,7.142965082995161
27333,47.89791397886308
27334,25.136481931007395
27335,22.416305658834816
27336,6.816412371529783
27337,-0.20768770412202997
27338,24.271112680279792
27339,51.39293440751594
27340,7.295553315064083
27341,-1.1099893804941559
27342,24.153299077003712
27343,59.139213412865914
27344,9.82700623595614
27345,26.300010830887558
27346,49.75658182517238
27347,37.53934303619119
27348,36.45727507882022
27349,1.4035783684249559
27350,7.105147567329514
27351,41.3871558954817
27352,-0.3791798939350741
27353,38.1683284421457
27354,43.084561313973715
27355,0.6788289652220385
27356,0.9245177107731379
27357,39.32772040702035
27358,8.689153668927847
27359,26.438621800140908
27360,27.980826489493527
27361,23.387785036043013
27362,47.05805247864912
27363,33.376835371328404
27364,59.71600947073843
27365,44.91903563321917
27366,17.83429450366863
27367,45.668956705882266
27368,40.91861316250233
27369,5.96691396365533
27370,18.298443084692344
27371,46.142463549446816
27372,48.48253111109201
27373,57.45057067686487
27374,-0.10357370204955174
27375,54.565501992860746
27376,45.13382481129965
27377,46.11311528529997
27378,40.95672592165595
27379,41.153622276322544
27380,37.107232617338056
27381,49.24749642412979
27382,13.242578924501515
27383,22.05622501697183
27384,27.68170377029215
27385,69.76791094238997
27386,56.639546556988094
27387,23.345006343431024
27388,22.054669244383405
27389,0.6605899578921424
27390,24.6953059046062
27391,5.048634743945122
27392,59.60027101898237
27393,0.13451808161725154
27394,51.50202226437851
27395,63.12698487346288
27396,1.3109383296417683
27397,31.37666115790339
27398,39.5128833327048
27399,50.4931560618445
27400,59.15710590712837
27401,40.53053439298799
27402,52.91454127001468
27403,37.48957273990164
27404,35.91287507857866
27405,19.43239360132258
27406,45.671975952948806
27407,0.18170567855418795
27408,48.01045138849087
27409,22.391396440791713
27410,0.9193405685339044
27411,8.165807303452386
27412,0.29544904493615576
27413,27.118575544236933
27414,41.90213977924415
27415,12.902363901773942
27416,54.58945002244192
27417,46.202618337527596
27418,48.188532979152455
27419,27.63023752737812
27420,0.5816253444534709
27421,33.45474037018562
27422,42.00677343329297
27423,32.009852694034805
27424,21.598671966189702
27425,54.95130139812329
27426,45.248929572433475
27427,30.528057455386794
27428,43.747337310311565
27429,54.59680804876993
27430,55.39325642243075
27431,59.214411299783166
27432,69.41074232456286
27433,46.829738034051076
27434,49.265370429909886
27435,0.7390262526990412
27436,39.834521019951126
27437,58.44370217928271
27438,1.2810198209247083
27439,57.49594460134828
27440,44.68928950886749
27441,54.37734791630035
27442,49.70293732434223
27443,49.51566901935695
27444,40.04413400070921
27445,18.438930648119566
27446,41.88513032718083
27447,39.87950684805117
27448,58.48493504152633
27449,-0.5347573847322593
27450,21.013399583731363
27451,66.56023979855226
27452,30.479936883935476
27453,32.49136001451024
27454,39.1997857550749
27455,26.70360974412721
27456,3.7303480222098315
27457,1.1266336459323156
27458,52.119543974142694
27459,59.51913203172506
27460,1.5120242381318931
27461,45.85478323065955
27462,45.93054696086145
27463,29.34881935889408
27464,74.59181683275966
27465,14.459727883180204
27466,41.93191489712541
27467,47.90255100827288
27468,50.43212631408163
27469,2.3501723364221654
27470,26.876689549705695
27471,69.89246973209467
27472,7.145078826325324
27473,21.124594495248502
27474,41.79519329611097
27475,54.08387948732059
27476,38.38756744198514
27477,0.9500429069197338
27478,21.376983369706668
27479,29.01365199187282
27480,28.993952008085444
27481,46.27384210419174
27482,-0.26637692710395555
27483,23.09380300631559
27484,33.584799784722065
27485,52.4117594152728
27486,23.34707518460373
27487,45.422411703311866
27488,22.738201210840117
27489,-0.18262918082228907
27490,19.771517118156883
27491,74.18237717478348
27492,1.4947868174179035
27493,16.625405372086153
27494,46.299798556465696
27495,72.13444832824413
27496,11.960657634611177
27497,57.596270699497985
27498,45.38417117253945
27499,53.88707653605118
27500,26.531246956677133
27501,42.05707691726685
27502,16.52070203447745
27503,25.906262498697778
27504,23.06825794256487
27505,20.486035350448272
27506,23.42080827026691
27507,33.40923643948936
27508,1.004284912460058
27509,46.79535172424279
27510,42.169354840066966
27511,26.266180692921587
27512,58.87133939450706
27513,28.408259856495476
27514,46.48122482695208
27515,61.47926643876248
27516,37.081601221838035
27517,59.65946754558461
27518,41.33734173577785
27519,49.919548686187134
27520,24.920623496769217
27521,4.204049588313371
27522,64.56989899059235
27523,43.18747161675818
27524,50.9402997916968
27525,2.942037219332022
27526,26.952346315777618
27527,59.41192178665726
27528,46.95633899408405
27529,1.6485596096466928
27530,0.1478342306707674
27531,-1.353097360241108
27532,48.75904562794007
27533,14.64269644393729
27534,46.911717056240846
27535,0.12623193267341293
27536,36.18741809042376
27537,64.54595931215918
27538,43.152235420803706
27539,41.11398284562483
27540,35.41550379434645
27541,48.817252211946276
27542,8.58496337984078
27543,41.949497779640986
27544,5.691513436571306
27545,6.2215052420335155
27546,26.625290006766605
27547,28.53632067407786
27548,15.349450025430087
27549,21.631170057953728
27550,47.923696532360665
27551,1.258427335697526
27552,44.205495031333086
27553,41.45772988525634
27554,57.638636231529546
27555,25.355426828093314
27556,7.056179535836268
27557,49.621888226236216
27558,22.176794299000214
27559,14.208712635375559
27560,24.10882284772515
27561,0.5126059895418607
27562,46.037808235278064
27563,58.01650175678135
27564,56.023648522395064
27565,0.6733362194604524
27566,25.027564452482025
27567,46.59957753659097
27568,47.27378159669688
27569,17.205003709729205
27570,58.45912366650051
27571,10.97825342852149
27572,45.76313410148166
27573,49.883365241476994
27574,27.2132233667172
27575,46.24931846407281
27576,45.5040150803268
27577,55.791589198951726
27578,54.55515731171765
27579,43.42149429103145
27580,44.3545159947453
27581,53.62460844336053
27582,25.664835523454823
27583,49.21540161281116
27584,59.07291512305554
27585,43.82385732699879
27586,12.519701869560791
27587,53.925642463019386
27588,27.92503517123526
27589,20.633921284905266
27590,46.797182572422045
27591,19.478733259504914
27592,35.414408698960735
27593,13.484913444942233
27594,27.04243101014166
27595,28.13227934009465
27596,21.925511746906253
27597,40.9009275931921
27598,16.473190352059433
27599,11.88110305444815
27600,27.50860523105336
27601,61.334623972011705
27602,-1.0493495627431955
27603,22.183172099657284
27604,0.7322230196867636
27605,24.068640881543203
27606,39.51596582227913
27607,26.410824780184747
27608,47.15922815988116
27609,22.732202446422512
27610,49.421749369226816
27611,58.46545920584667
27612,35.64247753483103
27613,37.07454307444795
27614,31.3204051155428
27615,34.3661357266526
27616,38.92866429337983
27617,0.22002909942575144
27618,29.65084535882967
27619,44.67069063311254
27620,68.2939987484865
27621,-1.070381619269618
27622,36.55698228574657
27623,46.363255508877465
27624,59.3143619543977
27625,68.58333477010999
27626,29.033799785183827
27627,46.79678539089019
27628,27.29193738607388
27629,21.618141028497696
27630,-2.0215846588136586
27631,55.95848211620492
27632,2.6772386115361684
27633,42.71828489028513
27634,39.395643669205604
27635,55.968574025185674
27636,60.951820367293855
27637,41.972523178362906
27638,48.33511595449213
27639,34.018262402616436
27640,20.482338202654795
27641,10.525962213793743
27642,23.414515227524806
27643,0.972033137271616
27644,-2.6672520858399835
27645,2.9216660973758977
27646,18.841618179091178
27647,-0.761259759190736
27648,17.372529372717636
27649,41.32347517713531
27650,24.865475968464217
27651,10.048167181190852
27652,59.3478160645229
27653,21.565665541452503
27654,16.54300932968903
27655,59.35276584366552
27656,43.33034065067843
27657,26.613193496310593
27658,0.4455761861948133
27659,38.477332355026164
27660,61.52863290799915
27661,50.567897608753526
27662,30.866721442621397
27663,2.553388578719421
27664,18.182497804743225
27665,57.44064036563954
27666,41.752116376330406
27667,44.40656492933124
27668,45.09959811873595
27669,54.03153377106614
27670,24.417600945089024
27671,40.55668397035308
27672,3.0718656609513815
27673,23.996953854767526
27674,69.64192904168283
27675,-0.20874824737673237
27676,41.02261903908094
27677,18.415643656544017
27678,53.4543477065441
27679,47.717865745678886
27680,74.54701822696305
27681,13.42852684497133
27682,5.034206548105541
27683,48.59602701756834
27684,53.77601282610993
27685,44.73512811554414
27686,-0.3028999160449857
27687,0.09987333147878275
27688,55.20228556550165
27689,10.245875794408015
27690,49.46024395399513
27691,37.87080032265796
27692,0.026041726085786365
27693,16.54634848995708
27694,66.5984733363984
27695,22.10674040376881
27696,48.43263355837152
27697,27.87951017731739
27698,0.6932466264638819
27699,47.32000813487364
27700,26.154918744298534
27701,28.196693075007758
27702,1.4714928342232199
27703,53.074091783006224
27704,23.189256835617854
27705,47.83683909882046
27706,48.37689827161485
27707,16.467449676238456
27708,24.840987961767127
27709,64.47475050249197
27710,-0.03586904241007716
27711,26.03367647527101
27712,49.40781505341832
27713,0.8730687522913883
27714,48.23418850285576
27715,69.15343461449768
27716,3.228004341016007
27717,34.49676555483093
27718,45.64470980882939
27719,40.19865542899221
27720,52.967375722027356
27721,55.09895942810029
27722,38.5372182579664
27723,41.14978250246353
27724,51.1522463480742
27725,12.398483330830611
27726,30.77643309545765
27727,19.690299918179015
27728,57.40784671548518
27729,15.687104289873592
27730,50.79209759261436
27731,30.372583841978987
27732,44.116039952149364
27733,26.75950634224872
27734,43.35982301912861
27735,17.05000695710155
27736,24.098251177980796
27737,43.51245602828952
27738,68.2748732820672
27739,43.0379779132398
27740,0.02711371832533871
27741,47.94839846314336
27742,34.91010649800105
27743,27.980178289366442
27744,51.430863787789704
27745,0.9642324189686775
27746,51.95275016092597
27747,0.17039420749655676
27748,58.13997002408393
27749,9.705254825720758
27750,44.392894320230305
27751,4.887333293452208
27752,45.84984275116414
27753,53.34985757015605
27754,45.740563652381155
27755,34.639030866315444
27756,52.734726981978135
27757,54.85513293014558
27758,45.76280345933665
27759,20.649348702342145
27760,56.47124984894599
27761,53.63712585868889
27762,41.2040500149302
27763,23.351781797266092
27764,23.719003704414455
27765,-0.018493532984393823
27766,57.901886331386066
27767,56.880576206894645
27768,29.48766368466498
27769,25.141806521584833
27770,22.288563354463232
27771,56.44491797824793
27772,51.17023218976864
27773,58.89703402031232
27774,0.033216691532494735
27775,0.1706646468236741
27776,20.822425484867548
27777,24.959170153484763
27778,2.430720818431414
27779,49.62674973767264
27780,24.668956715300418
27781,2.338712371496186
27782,20.565088971410916
27783,18.21614876172194
27784,35.70459814473228
27785,3.8149806643497186
27786,36.96072129911589
27787,23.917515111736577
27788,35.05256920833977
27789,69.92707996145083
27790,19.854464460781642
27791,54.73217922232239
27792,45.60741929182978
27793,19.999475292702616
27794,0.45349911907175056
27795,19.221964109040478
27796,27.32511909115185
27797,0.16674470088064197
27798,16.18728172325465
27799,46.05924069565992
27800,0.6549033769981492
27801,-0.13413902122395882
27802,42.41141771807227
27803,30.64859211150811
27804,50.71925971519664
27805,43.959785112283456
27806,54.324782061863104
27807,62.04501000248675
27808,20.69064441071475
27809,58.15589214012847
27810,1.4507362502207322
27811,53.842381549792236
27812,29.046844470968246
27813,55.71034343849563
27814,12.187637833032685
27815,63.54541966358457
27816,34.94773785528397
27817,56.0147842562677
27818,40.96660480287737
27819,38.52817572518725
27820,33.72625291722368
27821,5.274649837315295
27822,44.12464644040773
27823,40.45844622387673
27824,45.63269943041577
27825,24.468979154738413
27826,44.58402525725539
27827,43.847917869717335
27828,41.17733391204825
27829,0.012854639291838055
27830,33.79895085359004
27831,19.595960986526123
27832,2.971166765202252
27833,37.77732119736463
27834,51.065648836756736
27835,27.487537383951683
27836,39.46541674139102
27837,45.487607553476536
27838,40.43194862845753
27839,1.5918023210039962
27840,65.25709451242136
27841,45.67475890635029
27842,3.874112038363684
27843,25.40904840213203
27844,25.054627056001927
27845,43.36302350112686
27846,25.919778589195943
27847,0.9722883638248732
27848,55.22088231218664
27849,25.793605021862298
27850,53.89574852860363
27851,0.20343476968021434
27852,41.20251835364896
27853,45.489086714794404
27854,42.55736893574232
27855,58.18418389939765
27856,47.92314724665274
27857,46.36792784215292
27858,59.51600487064674
27859,49.11307147036018
27860,53.984488549037074
27861,50.34623738414652
27862,39.997495940456474
27863,57.09619934642127
27864,30.841032605838844
27865,56.55697067377282
27866,31.34352949260963
27867,42.33593045725776
27868,10.377025769286906
27869,25.77434580590853
27870,3.346556359699239
27871,57.803470942162775
27872,46.610585108993355
27873,49.517845434051495
27874,25.760009566246826
27875,23.705302896847062
27876,45.60410038097043
27877,23.18778703130147
27878,25.588202188233453
27879,43.50062289686631
27880,25.777094790366032
27881,80.99088929681028
27882,31.771060666585345
27883,0.061891487726086325
27884,43.84822138225119
27885,38.223163720960265
27886,26.234864835043602
27887,22.30173664156655
27888,6.856080771822839
27889,22.775874895117127
27890,45.32886541036874
27891,51.48816780671525
27892,42.72779477849295
27893,43.58782874291351
27894,23.31670331266729
27895,54.12760523479139
27896,44.427725789331866
27897,31.342069644847854
27898,47.95796191534971
27899,36.88704748832786
27900,19.07072802763481
27901,0.6384303905102158
27902,41.933181065151246
27903,10.275577044553778
27904,49.545278101202065
27905,72.61499603356381
27906,9.35394689462164
27907,54.866210444207354
27908,0.2536251559834355
27909,-0.7878806580567002
27910,1.8144797965500423
27911,43.549109725343584
27912,36.74617748267005
27913,45.648648854005366
27914,3.2435068052811964
27915,48.427579008866914
27916,-0.9352238474642718
27917,67.67725243614288
27918,55.39617590983788
27919,2.610258439555029
27920,76.27216257703186
27921,42.07471353567895
27922,61.446878511194356
27923,34.82576192497696
27924,35.770789053314864
27925,39.59101002544648
27926,74.60196795807367
27927,50.93080848326231
27928,30.876396780097387
27929,-0.8687484205451739
27930,11.09073248801365
27931,49.971564730122694
27932,36.70073291595285
27933,23.378970660601073
27934,64.29478199146556
27935,-1.2027407350695682
27936,36.41456361255019
27937,44.29581936636557
27938,37.465567804734945
27939,20.749973326824154
27940,43.80660956423211
27941,47.436477235407466
27942,14.525615936504376
27943,41.883427196118866
27944,46.73025931253796
27945,51.689609538598184
27946,24.6220700623203
27947,43.71561877426286
27948,1.5069557099624546
27949,40.005535714277656
27950,57.83941598034917
27951,0.6377690566367349
27952,23.09353229279999
27953,35.83552811800349
27954,23.30129341366407
27955,0.009462303762553859
27956,16.90900511357501
27957,41.70833593730307
27958,60.041046279366185
27959,37.375140238019945
27960,0.5578054544542397
27961,38.561391789285885
27962,43.76412012176186
27963,53.39884520126833
27964,45.02061508677735
27965,37.44452752225035
27966,1.7526921018390347
27967,0.13460372776521723
27968,51.62873573508368
27969,46.19923894695203
27970,5.225123680455624
27971,31.703928808582972
27972,52.86317833036936
27973,46.11873524175597
27974,45.694755444753135
27975,49.90877939932388
27976,-12.422347584245486
27977,34.17921915262599
27978,71.59516331173742
27979,27.670427567375047
27980,44.569987648906796
27981,0.7576865287265591
27982,22.073983452990905
27983,36.65317872598185
27984,46.03196993445696
27985,52.10411992567464
27986,56.918509778370534
27987,21.052867447642303
27988,42.5060348351446
27989,0.17455509230426003
27990,21.82341559081609
27991,33.8194310312246
27992,19.66818209257535
27993,1.0855931471492326
27994,45.8119227817978
27995,51.417986290471305
27996,-0.7782616585098694
27997,30.32318787156158
27998,69.41072217389724
27999,40.44370581155669
28000,54.90096854278999
28001,61.964763819310576
28002,21.11028549418961
28003,18.10562100396789
28004,45.12375784577726
28005,30.967645788235085
28006,64.921812729683
28007,6.145292972874106
28008,48.60968559863211
28009,52.39905339907138
28010,51.34048229649487
28011,-0.6456360587851293
28012,35.546699773116586
28013,0.8842462437990903
28014,39.35634714895282
28015,47.29015456057415
28016,0.4179240580455499
28017,53.26399887929172
28018,55.41336884444398
28019,0.19884289247711706
28020,42.48188750225525
28021,54.93830756841848
28022,22.726188933498864
28023,27.75930485074373
28024,50.24828999727163
28025,0.9122862848270046
28026,0.34024797515723293
28027,-1.3838067440172708
28028,24.296553327387546
28029,61.04170807979606
28030,48.082647263962585
28031,0.24198067812503155
28032,26.67220135379191
28033,46.04641701622212
28034,60.471828233584745
28035,19.633448360258047
28036,21.782175112631787
28037,53.54397955188247
28038,21.531941015178717
28039,5.543131641785465
28040,0.8296911712604782
28041,20.627649863854337
28042,52.4911886785365
28043,23.115264282725576
28044,5.58621867619507
28045,48.56125571687649
28046,-1.2200436228200076
28047,69.38790971374007
28048,49.71074575376963
28049,47.0805465399324
28050,34.81512899701427
28051,43.96416407388374
28052,14.687107050683064
28053,36.57642003817697
28054,50.89796126887843
28055,44.40058621288439
28056,54.71732043983384
28057,43.40436319069542
28058,26.367533439294327
28059,17.214912925529656
28060,2.778309055838676
28061,34.36392150793836
28062,5.029083378875079
28063,31.729623161147554
28064,26.496427481316168
28065,1.6127396670623
28066,26.670543551903496
28067,62.138945236522446
28068,0.1999178209887873
28069,14.816628092053076
28070,0.10397830178187206
28071,24.388176746895425
28072,53.839250981776715
28073,4.948617971227655
28074,2.7668149907819455
28075,-0.5347573847322593
28076,0.34036025373299594
28077,43.325398177070724
28078,54.81416047883262
28079,48.2921211935137
28080,3.057239991465739
28081,26.725248372407044
28082,3.7348577150779363
28083,43.09911325263429
28084,41.41384459289431
28085,50.22233156582794
28086,57.19152072812764
28087,21.360014224029563
28088,54.841788024610764
28089,45.265423856574344
28090,15.83214086575283
28091,39.50796349531565
28092,-0.433105327562167
28093,0.3736683385982573
28094,57.09490156380445
28095,49.22645844209329
28096,45.04632229394179
28097,34.86350338549313
28098,22.010404629446693
28099,50.71815376891921
28100,77.223325790619
28101,15.738819529151499
28102,21.827842951000008
28103,52.167049748345654
28104,0.5201770083982282
28105,35.285529292092626
28106,46.65257634524714
28107,63.505293472072154
28108,2.2810498099727745
28109,13.037381041664382
28110,51.23443824193828
28111,53.45954377438583
28112,37.102804606038255
28113,47.59134890917589
28114,19.334775007634477
28115,26.4927271417295
28116,76.56484637764234
28117,15.556488814120737
28118,0.08248739481255996
28119,7.934905591296342
28120,31.17447996460917
28121,48.08095880228412
28122,12.112768314919986
28123,58.823569936153085
28124,25.528102135602392
28125,19.18455017884731
28126,-0.06849588155412079
28127,38.10820378276239
28128,59.69360795112463
28129,23.92022783991994
28130,29.35252944058637
28131,30.93913707293334
28132,42.59589587111495
28133,10.739174990039558
28134,43.05512782449094
28135,53.27365869788113
28136,28.39435277091772
28137,20.56083586718748
28138,0.10398657827376923
28139,63.18936494723728
28140,0.17067062296476365
28141,52.10278367384666
28142,25.851784063777338
28143,3.6766348997996765
28144,17.514936520548147
28145,17.344981901721233
28146,51.495955946619894
28147,57.55180383258703
28148,48.13056884863124
28149,64.05111627291774
28150,39.67579271188981
28151,48.56388818353311
28152,37.89068423399109
28153,20.76358188797755
28154,52.45955122407915
28155,3.0999850653051233
28156,24.469624299628713
28157,48.16121859988934
28158,45.04519318116033
28159,15.894545145833959
28160,28.801891926162348
28161,23.28388067150034
28162,48.686612544800624
28163,66.05950693122884
28164,57.38943772977198
28165,30.339406600705356
28166,48.547970912911644
28167,0.868797604726737
28168,28.157211587135833
28169,35.666235445617005
28170,61.764909039772256
28171,3.4481536860282063
28172,31.80034230023515
28173,52.46478364902454
28174,59.79398739795972
28175,64.22362088287406
28176,-0.23852281362874805
28177,62.805292760394664
28178,29.84501251852204
28179,11.929102267542145
28180,-0.16679452910666015
28181,45.17977215630316
28182,28.339722732994357
28183,26.341858641404166
28184,50.845423431066926
28185,14.30374806376474
28186,67.35140310950776
28187,26.258455826763925
28188,42.22961848473351
28189,45.20032498356599
28190,22.42092156560051
28191,37.588735562194884
28192,0.12974165514963687
28193,-1.477247919686313
28194,1.1531670032301307
28195,39.91885657122029
28196,23.146491701348246
28197,29.036671025124797
28198,65.68434388775161
28199,25.588560906519135
28200,14.547806208124964
28201,24.681865940504778
28202,43.96827878536414
28203,1.3808465672453458
28204,33.62175448747154
28205,16.290198519879773
28206,2.3019841164597885
28207,48.37625558377674
28208,46.75765098810889
28209,14.288612771560143
28210,16.77561570918429
28211,28.66314257133112
28212,2.919462595720063
28213,48.02027265004386
28214,2.2350763788425283
28215,65.22483416467938
28216,51.10568142012123
28217,41.857968777026265
28218,70.10360836380812
28219,0.5633873565456184
28220,26.806211508984905
28221,1.240593270788949
28222,2.113683629975352
28223,0.5039000944335967
28224,54.88031411963382
28225,43.80762315673937
28226,41.793399249963194
28227,59.53015133181124
28228,55.43198450897994
28229,23.35895375170215
28230,50.318123392528236
28231,1.5360388341888012
28232,44.66469317077995
28233,23.199048233831697
28234,0.17559225527464406
28235,49.830711835124106
28236,46.0980039037175
28237,49.02496141839077
28238,49.47366250488604
28239,62.41007787557571
28240,44.4758301281531
28241,46.48681381454849
28242,37.64145854942245
28243,23.0040709857628
28244,0.4001409660817643
28245,41.10127555323195
28246,27.615341688085238
28247,2.163491805571393
28248,21.2607744487787
28249,49.195054541481284
28250,44.07118077941348
28251,18.559707854617734
28252,48.98795495204409
28253,2.8512303935809804
28254,25.756748333735096
28255,49.042715998962294
28256,7.038715907801002
28257,53.36086501862101
28258,27.660190981116397
28259,36.25249181844518
28260,30.953998503843884
28261,51.91622399486238
28262,27.2616760283326
28263,34.08530388567786
28264,25.12873853009826
28265,41.23828093943425
28266,75.05554347324028
28267,19.334775007634477
28268,55.28811183441965
28269,48.886777811249566
28270,19.878076290503756
28271,45.237169683367
28272,54.807271244377716
28273,39.301068878392144
28274,24.0187258621173
28275,69.3168648168141
28276,56.55469573496339
28277,49.24434795116552
28278,2.244798972733868
28279,41.0269039910597
28280,46.728809262918645
28281,29.07833236626344
28282,20.12771885839409
28283,37.72260613288344
28284,42.23320524135194
28285,36.25291557757658
28286,20.48897866131196
28287,19.535977538767263
28288,39.805342942020886
28289,0.7088130568527404
28290,41.70635877243308
28291,51.565944249287256
28292,19.91656444867848
28293,28.65809480245743
28294,41.72366450391192
28295,-1.750141978738668
28296,37.48476206650833
28297,31.553680606327145
28298,34.70179972196343
28299,1.3590509345964392
28300,41.48709357030988
28301,23.022650128654035
28302,40.83425256915728
28303,31.554341593188784
28304,57.65341998011549
28305,45.671715767686514
28306,58.96218981068827
28307,0.8350302514934427
28308,35.64982156047322
28309,44.07226519838498
28310,67.75523234511732
28311,1.689737289463526
28312,68.96879724456011
28313,3.27339796472549
28314,21.504459176967046
28315,42.56476545341157
28316,6.55643822730007
28317,72.17531251557365
28318,0.9558742279062074
28319,54.064346171815274
28320,52.751233731950485
28321,39.79971462893749
28322,50.269841987142584
28323,37.57839423505326
28324,22.197987004348946
28325,8.641175683700894
28326,2.4627883144630225
28327,54.793533458976476
28328,0.5804746047589049
28329,24.06713298664984
28330,26.36307536410613
28331,51.462901912368395
28332,53.28720461594423
28333,29.94396128457124
28334,46.90722916150903
28335,50.16755685685645
28336,21.33458522760265
28337,31.615542180688788
28338,9.48058413844032
28339,0.5176797393988579
28340,36.093050737544125
28341,66.032453910387
28342,48.301438253268934
28343,53.42611213559873
28344,44.218676474581734
28345,11.88630504051217
28346,24.93619117096864
28347,0.5312573479736713
28348,62.67660275832049
28349,50.492383640370115
28350,57.13665623266337
28351,32.16099589371315
28352,24.71580948592095
28353,70.30170706806882
28354,51.20448093402809
28355,30.918193182719914
28356,42.262842964914306
28357,0.900362647132134
28358,24.022732344492148
28359,22.35303843181977
28360,-0.8924818679410507
28361,14.751360668759819
28362,-0.011229501652927354
28363,65.1423882380785
28364,52.521913597700504
28365,0.7331586439727715
28366,1.7184566632172498
28367,32.913845863922504
28368,21.212108315485658
28369,5.452782049066538
28370,34.640400942648675
28371,46.99998863781269
28372,63.068168451864196
28373,16.246549942537268
28374,37.106926446362706
28375,17.855749435912493
28376,3.354600347229532
28377,0.9643432641370637
28378,28.88693840577211
28379,1.1979548110775653
28380,42.85014328784245
28381,28.78505914206376
28382,43.442144058236195
28383,20.209635705283052
28384,47.93483767215033
28385,21.64361559211222
28386,22.13952928217712
28387,54.64839060264344
28388,67.55656887014428
28389,47.048756056422285
28390,56.21236446829643
28391,62.35734357217983
28392,26.25441736972102
28393,54.81225518505576
28394,36.2857353268924
28395,55.208464371898394
28396,4.276170947815373
28397,47.479905256451396
28398,19.737469462338858
28399,42.341631787414926
28400,24.284266452986948
28401,30.290012664922678
28402,42.602753150934554
28403,35.59057218604678
28404,51.92150825889003
28405,35.13772320178468
28406,30.03226857259777
28407,36.44074470827073
28408,11.972987510726565
28409,42.70072895691037
28410,49.93660693073545
28411,58.902176067918575
28412,42.06864247869818
28413,43.436816220371945
28414,-2.51781319396639
28415,42.688662723163475
28416,67.17959807697147
28417,28.768113088564384
28418,51.694098435391055
28419,27.609466552670753
28420,38.825738747139326
28421,24.187647382794083
28422,60.517666188271654
28423,5.180497936206358
28424,15.418070909931966
28425,25.871058910586047
28426,57.589175679220006
28427,14.545698981232128
28428,46.584584528866735
28429,40.52446650219152
28430,64.02108539850832
28431,58.65573026973331
28432,44.168771676181784
28433,19.64864015384768
28434,54.28689341576211
28435,-0.2112970110239658
28436,27.16934370406569
28437,58.59926448561407
28438,17.092873251878167
28439,1.2268042821191827
28440,21.04422327354971
28441,54.44806674521455
28442,28.16012444774364
28443,34.81553361437253
28444,26.928949462663727
28445,25.096862319860215
28446,29.532406950117274
28447,55.641476961071675
28448,20.549961391347473
28449,51.468713525629035
28450,0.5329184323155829
28451,21.079163138769562
28452,-1.1965463331933677
28453,13.011044714950089
28454,21.91284794981027
28455,51.967184039351025
28456,47.41677535185016
28457,4.297209080544693
28458,49.17066622512525
28459,43.95210712873852
28460,0.10128567507911157
28461,8.391013929843982
28462,0.2114296761770973
28463,-0.7502239856055368
28464,23.10697892152438
28465,-0.33765940573742625
28466,1.6966797434038732
28467,55.12861198233097
28468,45.11135144126598
28469,35.543787753758885
28470,52.03728333736173
28471,48.005052545030125
28472,55.03119267841855
28473,4.559491047882339
28474,25.818357914635794
28475,56.755623852033466
28476,0.3806647156286047
28477,10.324077879501683
28478,56.17625073582221
28479,51.47074694028515
28480,69.75178457360408
28481,43.02456868361493
28482,0.7968485870458579
28483,-0.632969610090754
28484,21.925235292461217
28485,45.984005957393364
28486,34.627608293464625
28487,36.48005711875143
28488,35.65710287221996
28489,45.24387868599092
28490,45.43653166839026
28491,37.763966600073985
28492,22.04447606142959
28493,53.32851998685106
28494,28.410976947976234
28495,31.465893615829913
28496,0.8693544535316775
28497,20.14983171498237
28498,28.231364800137428
28499,43.241401652215586
28500,46.94035072571052
28501,0.5749705792516195
28502,-0.9223454050525035
28503,43.8198928036543
28504,45.300390816674934
28505,49.00180383070897
28506,46.6905086666608
28507,27.380845767969337
28508,2.3094779024552743
28509,1.7381477216710515
28510,25.08219803710409
28511,42.37721178148145
28512,63.060575828970336
28513,44.44258064920365
28514,34.38668792989086
28515,39.888142898436854
28516,53.02590151199515
28517,-2.3212385343956328
28518,17.268806434000357
28519,-1.2688254658933502
28520,70.98887485417568
28521,31.788992439008418
28522,27.632978382554498
28523,39.65415226229974
28524,1.0954411182452972
28525,34.352259231272875
28526,53.66859202479746
28527,-2.240520467878973
28528,64.98045707438477
28529,4.24119364203063
28530,41.24090301454018
28531,69.32408880847956
28532,42.49648943073652
28533,10.43429523021894
28534,48.7768554212636
28535,45.81716007590242
28536,13.040021922351059
28537,46.30251298154607
28538,32.458475977741884
28539,22.046376618794913
28540,19.449043706723387
28541,34.19971035895085
28542,3.9538319998579006
28543,25.242132399751455
28544,46.327302062336535
28545,44.66722434438074
28546,53.08894581914515
28547,43.83128289721075
28548,54.06644177606397
28549,20.736368779114134
28550,57.35143710200673
28551,1.176034874566767
28552,55.8223842971222
28553,48.608000572679785
28554,23.209823616820366
28555,40.542392711167324
28556,0.29225306007328555
28557,-0.41119236249568303
28558,3.5378593164180074
28559,79.32196969617894
28560,42.335572485488335
28561,54.2564071995381
28562,41.02656603490319
28563,0.5083409275727888
28564,15.314134632259531
28565,28.567401879559753
28566,57.629264608661614
28567,38.16615792430401
28568,13.489096139073464
28569,31.1987866295639
28570,11.275538740582945
28571,53.574733511051875
28572,2.0382307070805545
28573,55.20864302777133
28574,37.17900241583065
28575,60.51174359647295
28576,61.72546833860537
28577,46.73591451302959
28578,34.16434083846734
28579,51.14490531982415
28580,59.626023598034706
28581,41.69962347947164
28582,54.29839932049268
28583,0.3937425806027832
28584,41.68912436568957
28585,38.277321539853695
28586,67.59640518009486
28587,0.9439845584256403
28588,56.922591616225674
28589,13.880211271610953
28590,2.946690545917484
28591,37.70311189920502
28592,63.64657332522249
28593,45.83877473674385
28594,45.454420422248376
28595,74.53674550875091
28596,1.1776984950498317
28597,37.211170689417784
28598,46.57353993626097
28599,29.12859974129269
28600,42.16355171403828
28601,48.55418027010442
28602,18.83241244905465
28603,51.478878755907644
28604,43.982075166367444
28605,-1.8256926817613461
28606,19.683928794915623
28607,0.4941665824964332
28608,22.33983721495408
28609,14.03700255434881
28610,-0.523921588188152
28611,71.0161881978419
28612,22.642129201044497
28613,42.6084005641773
28614,1.701741679525938
28615,3.353431392505499
28616,48.925006139804864
28617,0.1706646468236741
28618,29.934839266785566
28619,39.53782231639799
28620,19.93152012494481
28621,14.938293828169662
28622,8.084418378812202
28623,-1.1566317774588626
28624,6.515132161215536
28625,57.053677591969326
28626,0.27075676059705955
28627,2.335098010979909
28628,29.123092740540375
28629,10.442516372271601
28630,17.61610913497556
28631,61.82024869088597
28632,49.88264545744289
28633,0.28806854436853513
28634,18.36813406998234
28635,36.591524084749125
28636,42.29933550221257
28637,0.26149880117527147
28638,44.90466281466989
28639,17.011790213396342
28640,12.42129796947896
28641,1.2182374115136625
28642,55.218376111146554
28643,0.5763246893240108
28644,60.3452893792488
28645,45.123431287847225
28646,7.263290148963566
28647,56.55963052438622
28648,26.559209768483818
28649,42.703165935445654
28650,48.161061327554236
28651,56.94338075585077
28652,21.39732461082587
28653,40.941523829644076
28654,37.77940880573766
28655,1.1072991998706314
28656,25.018033193590433
28657,-1.4400172970951672
28658,65.41435547967905
28659,0.33379108789539913
28660,19.40753905668134
28661,44.831521473166916
28662,16.82940768695796
28663,29.627073074062604
28664,12.867933985737473
28665,41.74142819850675
28666,36.143109591363476
28667,51.779212881783394
28668,47.32554973468544
28669,58.81480225068934
28670,51.27815337520111
28671,56.981684396978466
28672,43.56109201658751
28673,59.07358863104139
28674,55.34157568318481
28675,58.79822070539094
28676,48.73156991519509
28677,30.037546268709008
28678,37.32985803685786
28679,1.653250969536149
28680,38.45227395021947
28681,56.81080452265323
28682,4.124320458507434
28683,29.110343948596867
28684,15.44593034951344
28685,54.486490411335154
28686,-0.6766449622521691
28687,49.60583557087221
28688,61.66931930219803
28689,22.54703425691328
28690,54.18245951631131
28691,-0.06435202647140414
28692,20.990792757010205
28693,36.461754784000604
28694,17.687350480678013
28695,59.3242883806679
28696,16.01032235901183
28697,32.40496919519089
28698,21.650308364181754
28699,43.697951597739554
28700,0.5186174569682649
28701,50.43057246008773
28702,47.75645537515949
28703,49.08793804762332
28704,43.34240697825731
28705,26.61576017249564
28706,49.805887716505545
28707,58.36935009783038
28708,44.65245090710086
28709,64.80701718939562
28710,17.472720402399347
28711,16.36866203428061
28712,3.880574241240595
28713,46.239658600255645
28714,54.759882602885085
28715,25.979966443840993
28716,22.842980310191187
28717,19.838751252336934
28718,45.08012511473254
28719,56.42712603073177
28720,65.89149756439136
28721,41.771971118741234
28722,61.63265193493814
28723,43.79272775415087
28724,54.242521052734496
28725,21.618472075787416
28726,65.79341141308952
28727,16.215223389713692
28728,33.543602796085835
28729,21.731078361277085
28730,62.19435809627798
28731,58.445710222739834
28732,59.144126465730494
28733,30.77367467780554
28734,43.570600809527406
28735,31.231225892056653
28736,53.295830393130686
28737,43.58423682530109
28738,6.694588610029168
28739,11.435172954242194
28740,63.041345892446515
28741,61.95438328902348
28742,11.44690329882598
28743,50.73786872922028
28744,27.153084759033177
28745,52.83814294529548
28746,39.56812985673811
28747,43.346686996295155
28748,19.077490252185513
28749,24.442467022849094
28750,50.81589947223274
28751,5.625026256664174
28752,60.62919210778028
28753,48.189284958674804
28754,54.938189278207744
28755,41.58082598614861
28756,10.209577817696779
28757,7.637833871051619
28758,51.846180724612765
28759,7.463958807676125
28760,21.926381202565473
28761,46.84259096400244
28762,19.165760059098474
28763,44.141596966407846
28764,20.912124159648275
28765,1.3277900277699501
28766,61.81471585209768
28767,44.04830953783584
28768,47.9736280929102
28769,17.315175210274372
28770,45.64579564834725
28771,39.097642867020504
28772,10.623149923660147
28773,21.832128546060392
28774,0.5914903562637264
28775,41.26136809198795
28776,54.71132206141492
28777,52.95815799500588
28778,1.3198078867068048
28779,15.228808646038193
28780,48.69156929134634
28781,40.812513632033216
28782,11.86942202193497
28783,42.748214009206535
28784,65.7665111596726
28785,22.084030131693822
28786,50.722192745772446
28787,55.0472221709566
28788,47.690706189924065
28789,80.38891324786374
28790,21.82504865081986
28791,23.05627217871572
28792,62.22934533517494
28793,46.346042358951166
28794,48.64305495849516
28795,58.542018276834256
28796,0.0017316290923616862
28797,13.979291209639253
28798,0.34317299492714426
28799,59.96413851940676
28800,9.707257522993782
28801,41.89322286237343
28802,52.77247933439497
28803,40.38980643498604
28804,39.42163827525916
28805,4.4612906765735545
28806,13.080920919919379
28807,58.97120018779145
28808,23.58916307132122
28809,26.8982524251313
28810,22.438077136002832
28811,58.75290437339179
28812,41.22063863904005
28813,71.81600220876436
28814,9.888550773315682
28815,22.23815328785542
28816,59.03790989520199
28817,47.22634297820677
28818,3.9915989169910837
28819,29.61538644497214
28820,47.7766539047579
28821,41.8775812497939
28822,39.96497796624513
28823,21.795005949167404
28824,40.59908602215604
28825,45.227198481030015
28826,26.710613288074008
28827,29.381972584053003
28828,44.20306937729649
28829,1.6136624954986871
28830,0.9629619649996997
28831,19.83585304471129
28832,46.318034091048
28833,49.750564569391656
28834,52.22922673566002
28835,1.6609441662352644
28836,54.36065750622563
28837,0.6002644887141031
28838,32.12715617684513
28839,38.237593771605454
28840,22.057916277504496
28841,56.5599842579758
28842,49.12955603487606
28843,-1.0482657635370174
28844,9.106453957459358
28845,1.3838311898206292
28846,47.27501176356304
28847,19.784349849454784
28848,44.334759005361235
28849,39.84921076842097
28850,0.2431448599942172
28851,42.8607791183551
28852,22.88224299286791
28853,39.03437646986487
28854,31.840676709387672
28855,47.44827615933182
28856,75.5583556910932
28857,50.52992893223329
28858,-1.2896575426733676
28859,73.26965753134476
28860,62.231015089488295
28861,16.550085830836277
28862,0.4087235434190859
28863,22.3273906406782
28864,42.27407331741425
28865,28.129389773266723
28866,0.7034156632937822
28867,45.2780948598748
28868,55.676506921761614
28869,50.60067636738321
28870,54.79948623624524
28871,44.03992267800322
28872,44.70610926927592
28873,57.85806513827849
28874,32.35100150156051
28875,44.07596181092418
28876,23.34284726377122
28877,13.983816079251703
28878,45.65341400078544
28879,19.22150229272048
28880,54.52736104667094
28881,27.482012112816946
28882,0.31311963001017773
28883,3.1694508107912185
28884,12.636125772713157
28885,22.116211916544295
28886,31.73201399699182
28887,1.0312150486956781
28888,61.89945851645128
28889,68.1647871011696
28890,12.060698643004436
28891,43.63079208829383
28892,21.942806937995236
28893,49.38983123546642
28894,28.883825183040848
28895,54.29712000160074
28896,4.425229609349628
28897,24.533532508888403
28898,1.6960294927949633
28899,1.06179699487177
28900,21.85577618714982
28901,11.288899517457548
28902,46.443582324165185
28903,27.296805019121724
28904,29.858448102828
28905,41.194661914538706
28906,31.447937710553038
28907,42.3170178682459
28908,0.24732748768245472
28909,-0.19238165519725214
28910,35.05637691087857
28911,-0.19249854233321173
28912,9.583889626373466
28913,63.00907722456304
28914,14.106078219475329
28915,0.874825576089485
28916,69.00760732023468
28917,1.286293649724417
28918,31.140832193413864
28919,3.2526833565548117
28920,40.016576727964804
28921,21.034307313567382
28922,43.411613575307
28923,44.04580585398931
28924,35.68467542827276
28925,27.909565990254684
28926,37.55580696673344
28927,16.67427736517914
28928,0.5130075833750709
28929,13.424878789273716
28930,67.62369584067235
28931,33.48049548462987
28932,43.64806426347004
28933,2.2002804960966316
28934,-1.8950394395644352
28935,50.79146460239791
28936,20.811255299169492
28937,50.615647556758844
28938,30.95038679331585
28939,24.56446443850967
28940,2.9896025690792634
28941,52.39799649576436
28942,1.944071638139384
28943,25.392655652232058
28944,26.63547803979425
28945,42.38844493137459
28946,47.79032730766459
28947,43.00797931641631
28948,43.14514505128366
28949,53.97741177221789
28950,51.6721339707686
28951,46.45539007427843
28952,47.19574119723748
28953,19.063225984969556
28954,37.43563057747544
28955,56.50696889479917
28956,21.658676701655388
28957,65.51048893232786
28958,64.91914120836235
28959,53.82064150050883
28960,38.96147406080112
28961,-0.14337562791676817
28962,42.724828916765304
28963,27.330743922502627
28964,56.709459790532364
28965,62.79706956735206
28966,0.03941467337267568
28967,7.2127784848652965
28968,26.490308233818237
28969,75.14626831647251
28970,0.48503457051422316
28971,63.16803597360266
28972,20.049760683967605
28973,3.322991163576411
28974,-1.9876132700866762
28975,13.332156712045613
28976,48.754214594804424
28977,46.69856558341036
28978,34.178425419229534
28979,25.857122935756117
28980,38.030893819471295
28981,1.7660695800250643
28982,0.6720173739467157
28983,-0.6854445107466418
28984,0.5521169213721748
28985,39.51980091838095
28986,40.20031369554937
28987,55.98237133979535
28988,1.3018351537395567
28989,18.724280306119653
28990,9.571014370075368
28991,18.453695012095753
28992,14.690199606437357
28993,21.85960505627679
28994,26.98664579835623
28995,46.43903227707651
28996,0.5471190301362654
28997,1.5653876120605688
28998,64.30167171506879
28999,46.16948545183029
29000,20.95980843893159
29001,29.487925076782346
29002,49.14648774777301
29003,6.117434229601301
29004,19.760971986167185
29005,60.43803659322144
29006,49.37510605863705
29007,0.2651104917349585
29008,4.314319597393659
29009,19.987946146042955
29010,57.54902408867538
29011,20.116017049905537
29012,16.966377205840576
29013,64.81989155062476
29014,23.008757218532825
29015,-0.0423748318158772
29016,56.096518605755094
29017,51.355938773905166
29018,-1.4466834501841532
29019,49.06686290307856
29020,1.3464928959907319
29021,25.486891031072012
29022,16.626753361649023
29023,65.19787199244536
29024,53.35806181802394
29025,20.324509040602482
29026,49.87552486637199
29027,31.236981312092674
29028,-0.5677194854343028
29029,45.83413377616725
29030,27.629549549621455
29031,34.96672570857862
29032,50.309355831160474
29033,0.12973705193833496
29034,3.272644710471141
29035,9.238374856192639
29036,54.88041871564138
29037,67.2253036780801
29038,37.8726456191027
29039,21.380776166678416
29040,25.100393544048156
29041,67.08074202190494
29042,0.5205621039162622
29043,-6.844979084878027
29044,46.108237548929594
29045,43.235045017423744
29046,1.8506614260728824
29047,-1.1499233455502775
29048,47.01480317666311
29049,56.19506984161528
29050,8.220442385362077
29051,28.167581169784505
29052,-1.9129499074404706
29053,16.634254003821816
29054,52.67463577064112
29055,38.99870606548558
29056,44.630027896940014
29057,47.89356186397157
29058,-0.6287689312161717
29059,45.654807919971645
29060,18.08527437413873
29061,48.756112564039235
29062,57.76779192684677
29063,15.411955620042178
29064,0.7579896288999564
29065,55.35554101240201
29066,-0.23056779326800836
29067,18.185980141849136
29068,64.42679632637297
29069,50.88937275839426
29070,57.9052978571377
29071,23.529563125618633
29072,47.47174010540245
29073,4.344569620802794
29074,69.67535552213118
29075,56.45622895690938
29076,25.1490150378346
29077,25.725977299144052
29078,47.611861885193974
29079,49.147779490724616
29080,0.4525794251630302
29081,2.8494602152421784
29082,31.853432841236742
29083,43.850892237767084
29084,48.46624760131776
29085,43.28887359582846
29086,20.09886922917894
29087,58.59465454688699
29088,64.30428289849307
29089,53.79857819628661
29090,50.97534149709262
29091,53.668269109918846
29092,51.55157644448976
29093,44.57216062069402
29094,43.84319866623167
29095,23.541996036868277
29096,21.847780358153713
29097,27.882213502631323
29098,40.97180681897733
29099,27.51985695554211
29100,29.372973101911818
29101,-0.1550497763857308
29102,62.743913718134124
29103,46.47976562099677
29104,17.496315243236246
29105,14.81001061534118
29106,54.49054689193227
29107,46.171574127419916
29108,52.29840740781498
29109,23.1516202637225
29110,26.16070747034283
29111,-0.14954876421236207
29112,2.4115174616478967
29113,25.354707496679623
29114,45.71983737615633
29115,50.021621429187846
29116,58.20565938383055
29117,21.458860828148005
29118,25.835958747894033
29119,36.0599295626349
29120,41.76811084792538
29121,44.8656591604794
29122,28.4054573039332
29123,5.92756155582434
29124,3.3427476844395443
29125,35.98265347264843
29126,51.03990688039184
29127,0.8225622002400854
29128,34.86521605699885
29129,21.736055996728737
29130,43.281651550329414
29131,51.53177100620475
29132,46.73175721941074
29133,43.83235139412331
29134,25.752211638152392
29135,31.359346429710122
29136,56.27657693691327
29137,27.727785095161806
29138,-0.8201128142562126
29139,-0.2266133198799949
29140,-0.8749045993376043
29141,1.5780310707059613
29142,0.7867305631093373
29143,45.370105602639846
29144,1.0448144264754191
29145,17.786474286101026
29146,28.86782141725999
29147,37.61812512644558
29148,0.676467271603201
29149,40.84142187967312
29150,28.90599726929802
29151,42.095126845366174
29152,63.97160451236539
29153,57.87277577248987
29154,1.1328217707868404
29155,18.585192652427438
29156,34.69693234901172
29157,25.66114054346822
29158,20.386898572008246
29159,26.93632590166496
29160,26.941610675474905
29161,19.40279103416383
29162,57.43190000333283
29163,44.64212491815119
29164,22.266424449645548
29165,2.1647815003364883
29166,4.668132752618742
29167,0.4655373124963944
29168,19.767275659247318
29169,-0.19223823670130713
29170,-0.09713552925857982
29171,15.097216391736314
29172,17.15313053708307
29173,0.04368668792367458
29174,18.335395108289863
29175,49.963312147156046
29176,57.44004542627758
29177,28.708097341345823
29178,62.63631110874895
29179,27.057557777914155
29180,44.539860229775385
29181,14.465247824041644
29182,17.991641245966775
29183,57.76828943290721
29184,58.75385069430503
29185,22.818585560059276
29186,49.875725424248294
29187,49.86785370039623
29188,43.72670713016539
29189,28.136705638028015
29190,41.94780857401062
29191,51.83765535550614
29192,44.448566635947074
29193,21.0097139570669
29194,24.000085965978293
29195,19.38557795293993
29196,18.732753043076407
29197,40.266535225151785
29198,19.158420465526106
29199,31.125096013153367
29200,27.57281303128765
29201,-0.6196249034800445
29202,53.0860687848385
29203,40.63877516695015
29204,24.204817833165617
29205,25.962573433751643
29206,28.03091342217417
29207,14.791599492667906
29208,32.090066701883885
29209,41.165498304936314
29210,31.65395526384573
29211,21.512794402085532
29212,45.75637473448871
29213,10.056862218756756
29214,22.658542306334787
29215,48.38075081236386
29216,54.26231785602164
29217,52.97056977475576
29218,26.81903471777156
29219,61.75242206472325
29220,43.32286548080641
29221,47.36563055942942
29222,13.95582843867388
29223,16.56369254264111
29224,28.192930228062522
29225,-2.0753392486495343
29226,2.020303052627767
29227,30.00018955433204
29228,51.03837138226614
29229,30.13477709430034
29230,41.165011948493245
29231,0.5344277969512845
29232,20.359937305386012
29233,5.411461377996744
29234,24.90864948436552
29235,51.99219798928472
29236,68.83571398375693
29237,50.92855943788676
29238,23.352598043332122
29239,42.08769823328485
29240,51.88794251118604
29241,40.66524839756946
29242,55.371304390109536
29243,21.137088221697
29244,47.760312315590724
29245,1.3336264353788785
29246,0.6349537944957788
29247,45.97207995845531
29248,34.980960769001975
29249,23.140422369717115
29250,45.940010310951465
29251,24.33773023464444
29252,45.12338826048147
29253,-0.3701044991073559
29254,56.610758943673936
29255,44.0943699129572
29256,62.62265370817025
29257,59.85949378111913
29258,29.02997481836223
29259,4.569809433373084
29260,1.4020955411783085
29261,48.033120978293
29262,49.344551489283035
29263,29.419270071689162
29264,23.258092236764853
29265,0.20912222793509017
29266,4.713548656711438
29267,33.98232402484829
29268,3.510602428376206
29269,0.8264221878268856
29270,55.744354461210435
29271,45.444925607575
29272,36.76027617474222
29273,28.120022115162687
29274,37.13415130544918
29275,30.115737657504578
29276,0.9713457084974237
29277,46.73585989654385
29278,50.136209841610935
29279,38.44305747356261
29280,12.925813049855922
29281,57.56164038814531
29282,18.136154938578706
29283,41.929657715728496
29284,43.067438354663864
29285,12.569270923356864
29286,57.32807604957071
29287,44.2621930785399
29288,26.248302104058997
29289,21.73483430031618
29290,35.11344048521952
29291,48.760299448189926
29292,51.85979174615281
29293,39.59988799885156
29294,62.19172058214994
29295,22.213691803751637
29296,64.8504916360718
29297,46.80206354102314
29298,36.98620270685986
29299,46.55203013642881
29300,54.07359710932375
29301,61.2518014373381
29302,14.399532207977046
29303,1.4299933788325347
29304,43.178326414194025
29305,-0.4376424739518825
29306,30.406944907493376
29307,51.15854396361948
29308,11.606471335538718
29309,41.56710900157836
29310,50.057296952417495
29311,61.37324307167587
29312,52.543770640751625
29313,44.99508480622316
29314,60.20516730156283
29315,0.5284474075875991
29316,44.43787705530699
29317,54.50963111321137
29318,18.953822630828597
29319,6.268068612095604
29320,47.692053677304514
29321,-1.9704702507251994
29322,1.602981953553197
29323,-0.9935049191779513
29324,42.21184965857487
29325,26.236694343611997
29326,46.74379983211496
29327,35.90041522552998
29328,11.773487088496854
29329,70.19876158943339
29330,38.45222258226282
29331,41.340608378193195
29332,23.563507950387333
29333,49.095771908100836
29334,36.50304889556324
29335,70.2261709922418
29336,0.6889848647658852
29337,26.646538843663443
29338,64.35352738705465
29339,12.763816137127858
29340,25.230931060224584
29341,48.918341218267216
29342,39.310233218440466
29343,6.204558806860437
29344,0.9416175460944913
29345,59.72844653224675
29346,19.68588726930279
29347,11.765780443554355
29348,44.30632028496045
29349,20.825761838582547
29350,21.420426799210475
29351,28.534612679186058
29352,41.45711993609802
29353,19.78797382347751
29354,3.058343051090162
29355,41.95820058141942
29356,22.053905788215594
29357,48.0790021764123
29358,20.89325338123654
29359,42.46238461902706
29360,33.76014588128605
29361,41.96991689949043
29362,40.26756512357723
29363,47.247443827749656
29364,25.489567442274232
29365,0.15397773907240264
29366,41.55400967521125
29367,22.004561348719385
29368,3.269404109666123
29369,50.56504562736293
29370,47.521088018785306
29371,50.87565043525373
29372,50.7552586788628
29373,38.96378391553502
29374,22.582798597283876
29375,58.115700457050814
29376,53.05172505429792
29377,24.549280188256624
29378,48.91341961432715
29379,50.176782002350365
29380,4.330204820167847
29381,-0.433476466664068
29382,30.064146212110664
29383,50.14589096477742
29384,47.788135423175916
29385,78.3497759992373
29386,71.89422111443494
29387,16.606578554971033
29388,48.95757009616874
29389,40.69447393670952
29390,38.361264670709616
29391,2.4330001409356363
29392,-0.06752216248985121
29393,27.940530314279417
29394,52.44384844420688
29395,67.91178533223285
29396,51.542028875109324
29397,8.407060778800691
29398,0.03901416401836855
29399,16.99938455130263
29400,-0.924778175897579
29401,38.8918794125821
29402,48.201957373166664
29403,26.134469584123195
29404,27.362888133950324
29405,-0.4427559442274358
29406,25.70192614485103
29407,45.67413495532588
29408,20.73570336330134
29409,47.10517675079399
29410,11.65878643289328
29411,77.72083161446214
29412,57.84983141423764
29413,43.810292448974266
29414,52.43986135062953
29415,45.80146095691937
29416,1.0413239905407181
29417,31.10192625001061
29418,0.2675378548283973
29419,48.365631229537655
29420,31.88144079525495
29421,2.1301809672700323
29422,54.21835066686286
29423,20.72865152421836
29424,44.037049092146376
29425,31.29250320474831
29426,18.675631977386054
29427,40.391840301510584
29428,49.10572984360994
29429,68.71286852103387
29430,23.208137983647703
29431,2.058722367809949
29432,0.26870510343987775
29433,45.03839792205993
29434,11.664169867395053
29435,14.766092448224143
29436,44.003707108318366
29437,42.34228409929466
29438,1.8718752917198138
29439,5.222384414433854
29440,40.47042843700805
29441,45.39180262329573
29442,55.08652752477787
29443,-0.1168543637670254
29444,56.35349019460787
29445,42.58157441564487
29446,2.443231999640915
29447,1.2815691537192926
29448,9.557349126028445
29449,71.38014901264907
29450,5.742024904634338
29451,-1.7646691890821344
29452,60.87361233574179
29453,52.67375606034504
29454,43.3483459797706
29455,1.6649183588064531
29456,52.51051010387155
29457,57.56697761880804
29458,65.83689100166353
29459,60.52330723941559
29460,40.26324726433594
29461,9.442971603525073
29462,10.350404445785838
29463,65.57116648396934
29464,41.72658073680132
29465,29.723568649954956
29466,53.707279056838416
29467,46.953183866912525
29468,35.16497688300472
29469,42.038021483226345
29470,35.078838436419666
29471,61.450644049019274
29472,43.553418952007675
29473,50.51880031418709
29474,26.20844141176522
29475,23.68497476003312
29476,26.858823027893017
29477,0.9700780449735333
29478,40.68828039304999
29479,37.43282399675185
29480,-0.6506314306619743
29481,43.09776062416926
29482,23.518908267624372
29483,13.655633062823313
29484,53.125358924794185
29485,47.89527173017551
29486,46.78357774226153
29487,13.003451529763215
29488,30.739977165731506
29489,73.2606987571703
29490,45.6886820134156
29491,28.833535855884296
29492,39.8504426180159
29493,23.48076314330325
29494,13.393460837828588
29495,60.374919169467375
29496,50.500401289131034
29497,1.1208002275579076
29498,61.3525555500605
29499,40.23228845071077
29500,24.768941245969444
29501,41.6136633952531
29502,2.028404583332783
29503,22.115041566973648
29504,0.1018555101506422
29505,-0.026527696380071575
29506,67.48443249451768
29507,1.1215415533296422
29508,34.967935408603736
29509,8.18151151567276
29510,1.563904796774466
29511,38.48002006339793
29512,44.65589120215988
29513,24.34637562205931
29514,20.146805155557352
29515,56.37780260607263
29516,0.3653735512012588
29517,33.146932166420356
29518,31.07644252580701
29519,25.65403958342096
29520,56.59071400618052
29521,22.637934851365102
29522,2.002808958328636
29523,21.441935476503694
29524,25.201915363174926
29525,0.9720827786402708
29526,52.18523811154694
29527,19.56447539174605
29528,6.917071533824441
29529,22.192421356932474
29530,14.98688587684341
29531,45.83505134253953
29532,51.514057755036035
29533,25.160656553986556
29534,55.79250407816723
29535,46.080352494740985
29536,20.743710592763776
29537,26.653213509338666
29538,55.15825802577365
29539,25.36030137320219
29540,20.984320698083394
29541,61.94684288630022
29542,46.101562881840565
29543,56.382371435085695
29544,-0.5543871429221525
29545,1.3123269023727673
29546,21.154352676325452
29547,39.42092161979715
29548,22.45621163782795
29549,0.7281473060217891
29550,46.450796682387654
29551,20.549254384354462
29552,45.57016779540615
29553,-0.4550653249920771
29554,2.178637028990785
29555,3.034307087913799
29556,-0.20762385103906666
29557,40.6896810267632
29558,44.11670733541582
29559,9.344137862506098
29560,30.65688361502918
29561,45.57022865516176
29562,41.67765442859782
29563,0.41245645384562124
29564,15.59308160255977
29565,0.6915495982695887
29566,39.35156341431792
29567,52.97729892651245
29568,50.4387455580474
29569,43.16092586252596
29570,51.48494527843093
29571,51.72338995319849
29572,17.85410251744845
29573,41.77841403093518
29574,46.13815491695986
29575,23.44730293606652
29576,16.692379365782408
29577,10.045279427603347
29578,50.97557910374401
29579,1.2438246029197444
29580,45.64374655870931
29581,44.45589813770884
29582,46.17914053405906
29583,59.1603795624903
29584,1.0249213812832352
29585,47.86831472171751
29586,50.42769298646195
29587,58.348268127425726
29588,0.5786485200172393
29589,11.592957559142171
29590,48.55721112860846
29591,34.93685395669466
29592,12.460123946671764
29593,52.013593655368744
29594,18.391520246054377
29595,20.47208580539867
29596,60.985053454147305
29597,31.107501958376723
29598,37.34862816918173
29599,39.081927868056724
29600,1.7906656088566137
29601,47.6483814427089
29602,33.62479359326026
29603,55.30031147763882
29604,58.77938114113089
29605,32.059896193122384
29606,23.739840105779134
29607,17.85331477285552
29608,3.026893870423713
29609,57.244928951182345
29610,1.027622212251174
29611,4.029482043045505
29612,-0.7761010521054601
29613,-0.23387960980753064
29614,45.80922210585572
29615,23.326561961929173
29616,2.0041712339075453
29617,69.22321819770141
29618,24.885236585641287
29619,25.16557418018293
29620,43.09779734080218
29621,27.112244541564998
29622,55.31771832197047
29623,37.91698526979451
29624,54.27286048796979
29625,22.518215827699912
29626,22.6121112485938
29627,48.125982706285704
29628,20.529670464350872
29629,58.75385373879822
29630,13.282332900731014
29631,40.85497493820387
29632,26.823128236648564
29633,45.56214977458293
29634,-1.1664709275685041
29635,1.88156478198297
29636,29.62408398187285
29637,36.20737127092514
29638,77.51262241841809
29639,3.4752256068572933
29640,45.43670437935506
29641,24.54881848468967
29642,43.830209892694455
29643,42.36624745722329
29644,50.53446569067002
29645,-0.6677999124235185
29646,24.205751073755973
29647,57.52729305975269
29648,50.628310083883214
29649,43.013478606304595
29650,58.12500347010418
29651,33.165478082723766
29652,12.770935694090472
29653,52.68946711859498
29654,0.09116558515669482
29655,52.00681549672645
29656,44.381118138812894
29657,67.6068863623609
29658,0.5628396840166303
29659,38.0634131977709
29660,38.50703942460854
29661,0.6947913814736566
29662,23.668187105799092
29663,5.613756409707332
29664,45.909867518899276
29665,1.5478729074429012
29666,33.156302514546276
29667,2.202773139554939
29668,21.893974474574996
29669,1.6591299696856936
29670,42.895999649404274
29671,29.135820650250515
29672,49.22057692561687
29673,39.427108249761645
29674,40.505925564133086
29675,49.86877426690283
29676,-0.37444481009752906
29677,31.79791696426851
29678,-0.358932163169591
29679,38.232169512638144
29680,32.77077390198567
29681,14.258217647203313
29682,53.1512744001935
29683,20.74638802814428
29684,47.98377939197971
29685,54.33670637200884
29686,62.66727848366449
29687,63.51434339507878
29688,56.25323039863757
29689,28.004284635611235
29690,37.37846186681892
29691,34.44340697945068
29692,34.674072387697606
29693,-2.649578663419142
29694,57.012060959330896
29695,29.431680012475425
29696,36.28798442648368
29697,24.961707163576573
29698,-0.6602030398905185
29699,51.39728069652804
29700,46.89691803004351
29701,-0.14157728222186705
29702,0.6768286611230891
29703,19.154547749256096
29704,38.42109845580408
29705,44.27232384378272
29706,0.5603603883861652
29707,45.43683443772384
29708,56.337703993254735
29709,31.682268238435338
29710,41.53974055107758
29711,22.50227499575704
29712,17.86478301476653
29713,30.396030036759814
29714,31.991959580034244
29715,42.272450452570894
29716,26.694370006347178
29717,66.97171348730302
29718,40.568097909163015
29719,0.39722998697361334
29720,56.88749188295236
29721,23.715621091435374
29722,1.6123459023209357
29723,49.20763342054552
29724,2.6033768458358324
29725,78.79952852160415
29726,35.99909888193479
29727,47.0601560451025
29728,51.038224521958696
29729,47.04294062733291
29730,49.160290910995535
29731,20.670012474346997
29732,36.6666222251217
29733,39.842586724909694
29734,52.109941939170966
29735,56.991870351203005
29736,19.503144949577017
29737,50.81203285502258
29738,29.35623440573359
29739,13.06581082049511
29740,21.662807863278495
29741,32.181232324540034
29742,44.0480715883784
29743,22.78465733358305
29744,21.692510277051472
29745,28.54046689346449
29746,-0.2661552059342327
29747,1.0869109801280814
29748,0.9425864218227673
29749,60.617283448112204
29750,50.232027829531646
29751,43.91706732550445
29752,24.262995156986456
29753,26.288510261268165
29754,25.96611016601288
29755,1.4358360830964294
29756,42.67927992247055
29757,46.398155741724885
29758,54.765901564568786
29759,50.87502011446021
29760,3.415274849669288
29761,22.005377918360892
29762,16.015466413665628
29763,58.00029035186004
29764,30.193882557522066
29765,9.423782482990536
29766,10.31735100405459
29767,34.1512369880948
29768,15.871982042007783
29769,56.93452527760731
29770,4.412039281525864
29771,11.204265625298348
29772,50.34838435919747
29773,29.314507505371076
29774,41.97323519807378
29775,68.0011758118772
29776,50.98320127487213
29777,39.89796387901639
29778,60.78605551215669
29779,0.8635505994197175
29780,55.70949409004746
29781,31.728589990758653
29782,25.084186068520687
29783,41.718081346106715
29784,22.6348936061096
29785,23.83343004625847
29786,47.76997617563618
29787,11.120442195090572
29788,-0.06261325177745647
29789,42.963597415070765
29790,21.814517600684525
29791,16.0458457485118
29792,57.10789323362073
29793,42.42803653807896
29794,18.454599004169502
29795,38.11442705162008
29796,51.39557111562518
29797,62.85782886342993
29798,45.583358161134214
29799,48.96267851282732
29800,54.964146617491004
29801,-1.7742364682322957
29802,22.96718568972073
29803,29.303872431228125
29804,64.37856037889236
29805,42.35931838256828
29806,49.9951366941637
29807,64.46294190635851
29808,0.931336412151289
29809,0.2713924260914453
29810,-0.4782826903484505
29811,1.1480550337176751
29812,38.444443392594664
29813,45.97970897095256
29814,61.02662966057996
29815,62.588601899035254
29816,54.763877199312674
29817,41.7230444696785
29818,46.49467134157296
29819,42.10976274940531
29820,-1.335906027334147
29821,53.72979634609037
29822,42.38239154203671
29823,17.620284249936873
29824,47.007865546918225
29825,1.463958472758467
29826,57.19415622950867
29827,23.748605261900906
29828,4.979815030606783
29829,2.273871073508051
29830,27.197977310958926
29831,47.42429924491354
29832,43.20227476078522
29833,44.135544754287146
29834,13.221986789770384
29835,1.6709517804301939
29836,32.6843690540574
29837,12.416103542608713
29838,35.24304568689167
29839,50.52105776179552
29840,13.90389849228304
29841,-0.4446952034934597
29842,0.3121595239366499
29843,36.99571474220074
29844,2.2921582291304183
29845,17.339698228320934
29846,35.94090382961274
29847,1.7085003156674716
29848,37.18565409030004
29849,40.01805388734604
29850,33.54805159666083
29851,59.87198860554291
29852,50.386450751701275
29853,32.846228318560684
29854,32.45619353681244
29855,27.708139410727327
29856,54.62366611182533
29857,45.73680685903549
29858,62.10058873640855
29859,25.666078330972233
29860,63.459000302216296
29861,55.04716193566834
29862,38.78910340628034
29863,58.628902019869756
29864,62.422066422965464
29865,45.60483502771723
29866,-0.9645580780956209
29867,24.815029227070106
29868,26.834362858691538
29869,50.41833673215676
29870,2.4268674191203736
29871,40.740815241321435
29872,-0.8273907191503298
29873,35.03153383539675
29874,0.657682998670488
29875,43.55807407809353
29876,45.88535314581447
29877,52.524150837021054
29878,39.24388404431478
29879,51.6852604499332
29880,14.76390156643846
29881,54.31531003218085
29882,57.976965603820986
29883,28.115992548608087
29884,21.084276822216538
29885,0.8995960054595926
29886,60.0222504992974
29887,13.106136690478586
29888,44.72254382258754
29889,36.47080677586843
29890,-2.2978394575144563
29891,51.599652506115724
29892,52.969221153263504
29893,42.41148923381397
29894,41.01498661831059
29895,38.27481550406105
29896,18.113010340177162
29897,1.9691856994928685
29898,50.63385087845791
29899,-2.4252124130956574
29900,48.10906709578402
29901,38.092054387235436
29902,-0.22244381745825592
29903,0.46607306419711136
29904,21.36359121391587
29905,69.49607208980369
29906,7.644712939713898
29907,50.38496171649377
29908,23.380673704427466
29909,45.175171548858074
29910,50.11930632481629
29911,31.631701153339428
29912,17.030613901078855
29913,26.90465806625243
29914,3.8636503356471366
29915,-0.16535432826611896
29916,30.218121503107476
29917,24.08361681032286
29918,47.49116596263508
29919,38.668444115913324
29920,58.994188361150364
29921,0.0011233610056393672
29922,38.14773718360515
29923,25.303872270882923
29924,-0.021019924741743523
29925,0.1903670457570925
29926,56.52964150359755
29927,0.9789033840824573
29928,45.65050264336901
29929,56.70150298931334
29930,47.8073974652504
29931,59.41710562144348
29932,20.205243805566827
29933,60.59224159280744
29934,10.515363478346028
29935,0.8355265548612962
29936,41.60474162404271
29937,13.741039279390275
29938,51.28374689329418
29939,11.979314112307911
29940,58.41311758911691
29941,69.187384782474
29942,43.47720018696962
29943,-1.6359328572127154
29944,42.94599725286483
29945,58.527261747884765
29946,1.4517858115564763
29947,32.00686469263188
29948,72.71598077025814
29949,56.67429414602349
29950,-0.026767591611339014
29951,1.2247311457113028
29952,7.764584487852755
29953,37.02291446063925
29954,46.707895832912165
29955,27.81543933545857
29956,49.28534576770739
29957,52.575309485677494
29958,24.04230556326084
29959,54.1195350532826
29960,36.82524588916078
29961,7.602037730475953
29962,21.173737160629134
29963,1.019450274670497
29964,70.49939435546449
29965,70.87501170872177
29966,63.71387329057845
29967,56.37718011245606
29968,20.754286579737233
29969,1.4932138928463523
29970,57.88646214401901
29971,45.82829859887881
29972,55.47686729759232
29973,35.4454305348854
29974,38.29956778587114
29975,60.155803655081414
29976,4.4732536181700375
29977,42.47657326325603
29978,49.83405499778635
29979,54.0756256138289
29980,0.936663938718489
29981,43.73040202876189
29982,52.72815462548358
29983,-1.586202291254473
29984,39.82674997460119
29985,51.132600404820515
29986,1.5963090590344784
29987,59.41557654020722
29988,41.97362038285525
29989,39.70117255135334
29990,62.734391390781184
29991,60.608355375702686
29992,42.11336132371376
29993,46.01705771994481
29994,52.44134140405461
29995,42.16032956515039
29996,49.01545840657055
29997,24.610829660167425
29998,0.05798138638881767
29999,50.18348470875655
30000,51.902007938809476
30001,41.835409766414045
30002,33.378250053278116
30003,31.839932039298418
30004,44.10589467950775
30005,47.36681575574758
30006,0.5814608199776643
30007,45.23237147778989
30008,-0.5753038718209353
30009,47.453720515637265
30010,21.136564158441637
30011,21.704535632630694
30012,26.652081223302147
30013,42.54992130596974
30014,50.98702456143709
30015,29.98061764699471
30016,10.828220659256004
30017,53.81261535090124
30018,55.288029566924365
30019,49.20984251594841
30020,6.778280327963447
30021,20.107581514303035
30022,23.30582965133206
30023,20.985944550382403
30024,21.01413078609056
30025,57.33196965657139
30026,37.722974821255534
30027,41.41984331306236
30028,29.06073513337243
30029,31.831111870460354
30030,50.83222279040268
30031,26.941072061041364
30032,56.74605117067468
30033,24.06367074753424
30034,57.70412251849161
30035,35.03235508106047
30036,13.502428016844625
30037,46.15650031802035
30038,14.370917045668207
30039,45.105607708627396
30040,41.554785980808695
30041,5.681653172769938
30042,21.20034316453356
30043,46.590746965859054
30044,46.912386579962444
30045,10.679096919165747
30046,29.03448210879839
30047,0.563256698235989
30048,0.16588424962898785
30049,39.27254894591217
30050,42.75899128999849
30051,45.37674917070325
30052,48.94189229216968
30053,38.083034832572814
30054,11.4588009347069
30055,-1.309687940720103
30056,1.1912407045222864
30057,23.559269324879594
30058,25.298943432140835
30059,69.55120082167952
30060,0.023087984104442683
30061,9.452552076882423
30062,44.30962805953902
30063,21.380551110583983
30064,50.82872261758423
30065,60.44022434063311
30066,45.51309263776594
30067,43.222790206795295
30068,0.9588228403834691
30069,25.37594559537891
30070,41.283133542807136
30071,27.29163604427732
30072,64.24766349461535
30073,53.986423832081414
30074,20.960016107241003
30075,18.947610871200624
30076,20.1397189463907
30077,48.06264039776094
30078,-0.3320250667688853
30079,24.996573478175073
30080,50.149987299258825
30081,2.687697857113225
30082,40.676575474609116
30083,26.989845861428567
30084,1.2077932339388795
30085,25.83303726244921
30086,47.3044486360435
30087,49.05252538515119
30088,40.58331071114431
30089,47.25896617193647
30090,20.738910215967216
30091,23.238447682220176
30092,62.328853164755074
30093,-0.6318056383374255
30094,49.552063819096894
30095,24.910190812380428
30096,34.470763295719614
30097,27.06134525412856
30098,45.54361220395672
30099,51.60223648017893
30100,51.592089504123905
30101,34.538074338939
30102,41.39872300172116
30103,19.4112501053281
30104,59.70228309653687
30105,35.53651924266953
30106,22.03956546407833
30107,2.725690445058941
30108,51.24792488678079
30109,24.87299646348452
30110,3.387025133977538
30111,57.16329987732702
30112,47.79479673417014
30113,19.2347428876971
30114,47.018886775146996
30115,2.448989820108924
30116,32.63059295449898
30117,11.795483551327347
30118,46.82908290053163
30119,29.30009999583971
30120,49.915042799446525
30121,14.321892678505339
30122,1.2413691326427525
30123,40.38819151118547
30124,34.894263525981344
30125,56.38395932225066
30126,44.70893890788334
30127,48.510758817410995
30128,21.304271103126865
30129,3.345229689825942
30130,1.4795318538701494
30131,40.4473250310259
30132,47.45644168365508
30133,38.503334053044355
30134,30.53398184463086
30135,48.706030710676956
30136,-0.23420792305116578
30137,1.485977947976167
30138,37.56698008110567
30139,1.4026831986822543
30140,18.079764252718512
30141,42.14440249232721
30142,44.431876459743656
30143,50.97422030971483
30144,15.517156209910414
30145,62.49469305892825
30146,66.07075665399041
30147,47.14142542094153
30148,49.73765241461197
30149,50.665590644005526
30150,32.3424893869517
30151,40.999696672235594
30152,54.52773345981522
30153,24.12227320862234
30154,-0.368904634397218
30155,33.219186396147514
30156,0.9019404383008904
30157,25.86646543417281
30158,-0.18824847800919287
30159,27.10660270011134
30160,53.63953596724058
30161,1.9973307716760367
30162,5.945297665711525
30163,31.50296566005081
30164,17.95363641706613
30165,53.1798806230923
30166,25.448667369985632
30167,0.4451044802753259
30168,0.9757467257972365
30169,21.787850820984588
30170,34.338649423838675
30171,64.13592889201487
30172,1.7777481364770047
30173,25.646481550727973
30174,62.56878073407212
30175,-0.05169190827376724
30176,53.565788350604436
30177,2.545066607184605
30178,43.92024571861737
30179,32.36523880530511
30180,61.42863041178029
30181,44.47925397184466
30182,21.550155548912166
30183,58.98239912489977
30184,65.23826485609845
30185,0.3263941913290864
30186,54.09755014261924
30187,45.81081851526395
30188,3.504143572012822
30189,71.17157514024946
30190,60.67605354961864
30191,31.774116968662607
30192,1.055038942431814
30193,1.4954330551141979
30194,18.754812929299348
30195,52.93360038044929
30196,74.15888454847425
30197,57.62428414682965
30198,-1.9987073064536105
30199,24.9088127171634
30200,57.27535562682226
30201,49.81359405173326
30202,58.69290847362497
30203,-1.1617697133044587
30204,66.56787333726257
30205,-3.8692316755916067
30206,0.16144536935897946
30207,40.513089413697145
30208,24.815920573301163
30209,54.60708588739011
30210,7.946400323564259
30211,55.7698291128265
30212,42.99542486449806
30213,20.318777534129907
30214,50.99829268130223
30215,52.0029724323757
30216,29.449413933351885
30217,23.347646910961377
30218,10.400464835490904
30219,41.37459588782088
30220,5.758696378306883
30221,47.154733121105394
30222,43.53864995148336
30223,47.59179976414331
30224,55.74514686581646
30225,11.151332993033108
30226,40.685350038657475
30227,50.96763280586643
30228,52.98955563262668
30229,46.50936370792749
30230,2.5461486646045515
30231,28.172452383413436
30232,19.312328714030663
30233,1.2258864855787266
30234,29.11172869891889
30235,33.79299936480648
30236,36.84376688226793
30237,0.3309972940223176
30238,50.408335767239585
30239,33.28151185712505
30240,47.5630536705578
30241,26.8935681016238
30242,2.8234322816988318
30243,19.14454080783741
30244,63.36346938412251
30245,61.03118345759977
30246,42.7192105413131
30247,48.829690928271475
30248,28.319556367752718
30249,53.86761587130638
30250,3.468908611832589
30251,52.419800710151826
30252,16.497770531409977
30253,45.29597929000377
30254,-1.2932932508379054
30255,3.9665407394442944
30256,20.091390899716078
30257,1.0488626827499417
30258,53.5795698052184
30259,33.410818068280136
30260,54.77420214185504
30261,51.362714779852894
30262,1.1601662224714104
30263,24.55969590098271
30264,41.70243525772761
30265,42.34715769370288
30266,-0.9633602847494558
30267,19.098896489086343
30268,23.50406295531993
30269,0.4152308475220252
30270,56.37833285254492
30271,26.55567636215416
30272,18.08886141598407
30273,0.3055747880114552
30274,13.752550358552519
30275,56.028586187707944
30276,1.031555520810116
30277,48.02939518945611
30278,57.796220323628745
30279,22.943135506059967
30280,17.05859250603634
30281,22.87440751228091
30282,62.72151687992728
30283,-0.008391148089636147
30284,13.456725128281256
30285,-0.7012644062569251
30286,62.33550449150402
30287,43.69097986786531
30288,47.903505526334584
30289,53.45512004098466
30290,41.51443183891212
30291,23.140946539315287
30292,19.1204544328528
30293,55.79756374440606
30294,25.32185156903947
30295,28.375478522080094
30296,39.52239583362624
30297,43.490733857887996
30298,2.3461261293293205
30299,26.48966807729801
30300,53.66204279451834
30301,77.45626869986327
30302,29.67741193986416
30303,42.75328613718294
30304,24.964453730310467
30305,28.20113522462067
30306,23.705338943331974
30307,25.88884307214612
30308,-1.4032467916219176
30309,8.890471435681004
30310,49.31935627690769
30311,0.21766711228075053
30312,38.34307410035121
30313,8.902154378604848
30314,59.41730329146195
30315,0.7849773938896689
30316,41.5093902247291
30317,-1.397997738991684
30318,0.5676870612739293
30319,16.057675832813178
30320,3.7388556184995885
30321,54.29562382074843
30322,40.218415472716686
30323,1.1260739476236665
30324,59.28790935439228
30325,44.44667878520092
30326,55.418809094927866
30327,3.989878621206735
30328,70.95537269305632
30329,21.876208967774417
30330,74.6555499733922
30331,1.0153824282469728
30332,71.60043038810171
30333,40.06305601212425
30334,47.98336597469194
30335,34.844119224420275
30336,72.11414899691616
30337,59.49713015932063
30338,50.2334508514216
30339,18.320422213043983
30340,50.83696688049116
30341,44.391220951924325
30342,46.16054078745119
30343,-0.9827754590361266
30344,0.30200981744626887
30345,49.52695742520536
30346,35.844993209135914
30347,38.555519211967265
30348,40.75927037536558
30349,58.45464212490674
30350,15.846938496900737
30351,24.070519670640472
30352,62.87405946028255
30353,29.504744477799548
30354,0.5589175815972851
30355,45.34729594334932
30356,48.20163163331914
30357,50.59248012249609
30358,4.235718524679605
30359,31.058421790915666
30360,24.719406080876986
30361,16.334191896919965
30362,43.36393865487993
30363,44.43924337301131
30364,11.621550542243316
30365,31.484358943485812
30366,48.840927942592145
30367,19.83120163405696
30368,53.0571045414485
30369,0.2904338327622682
30370,48.201388486845964
30371,64.21238848935346
30372,59.66077815865955
30373,45.294845921219505
30374,35.57471154321396
30375,41.66799530747771
30376,21.971052543390634
30377,27.918769421750874
30378,0.08790723378664467
30379,73.87813420208653
30380,26.448478462640654
30381,32.03613923281783
30382,21.065868854873415
30383,13.290387397532971
30384,58.9299899391573
30385,41.26752091412707
30386,21.85929968128376
30387,52.3189555614173
30388,59.70443077401272
30389,34.45254766499248
30390,57.7566861167535
30391,42.99094615114123
30392,1.136794515339922
30393,43.47295498987258
30394,62.45991500291632
30395,39.645411286911624
30396,52.426447908897316
30397,48.8040013003919
30398,56.45581812534782
30399,44.85468852784994
30400,24.907414629045643
30401,24.543444860501033
30402,29.47186512901471
30403,31.247501811220907
30404,14.283095519893205
30405,25.279850310083496
30406,53.64209575316393
30407,52.455096709504986
30408,27.29227759348759
30409,2.984501383862579
30410,58.981263865425944
30411,51.3409591655942
30412,27.646518444778316
30413,48.48457824168908
30414,24.83380875723578
30415,28.547623147547604
30416,51.070697263641335
30417,46.43486735744932
30418,53.14826026325777
30419,71.22346987215548
30420,22.990612919746834
30421,42.5250526191716
30422,48.40488901114556
30423,31.88954832475286
30424,49.99958577673651
30425,11.917318330089401
30426,2.2405712625359975
30427,0.1854938892761595
30428,24.68978254636244
30429,32.17674540563935
30430,51.85516506771013
30431,4.370494244167396
30432,52.02730379217215
30433,55.252754217336545
30434,0.4797924567491023
30435,-0.1456846934014493
30436,50.39262701062357
30437,-0.8698748125862394
30438,73.35437451556655
30439,62.285970715357536
30440,47.48548966536999
30441,20.338955629433638
30442,18.82643370310608
30443,2.728826077516519
30444,31.002035326902543
30445,0.9834267264624899
30446,47.88141220861379
30447,1.481306444248613
30448,70.26231428386942
30449,52.10657885621852
30450,41.57513190432134
30451,48.14374795492883
30452,26.887530666670976
30453,42.01404590590644
30454,27.97882190004751
30455,56.46032950684808
30456,57.062185873883
30457,64.8277406563902
30458,40.556901640172974
30459,18.27040227798402
30460,54.69465874929882
30461,38.35953541728499
30462,46.944074680734715
30463,49.80187098594781
30464,21.95185589719631
30465,46.56275498009595
30466,21.955979614830344
30467,59.64956577110263
30468,30.019157814863146
30469,46.8339856175546
30470,57.268680546468985
30471,26.088267639598005
30472,13.523270790177897
30473,23.977751060388748
30474,0.7100994154614781
30475,0.629554730911849
30476,22.143687453886606
30477,47.91855387446635
30478,45.126861150637
30479,29.236798035665608
30480,1.751509445345679
30481,47.34529053603151
30482,61.775668201451474
30483,45.785665408376396
30484,46.15947085076833
30485,1.1012954338542045
30486,18.845543258783895
30487,28.06055992893919
30488,3.4657549658454236
30489,40.90302283477593
30490,55.65277004822872
30491,18.114853624980746
30492,-0.5161288359052705
30493,1.3370767051060497
30494,0.4045052744126707
30495,38.84572005823875
30496,43.00489033131642
30497,46.153649611933666
30498,48.89384156690927
30499,24.41465882396084
30500,45.879721703646354
30501,49.36513679587971
30502,40.44451606219339
30503,45.51374853225022
30504,39.2122654046592
30505,22.08515292878603
30506,19.515693235824152
30507,46.549968388996476
30508,22.983905385790656
30509,53.959900802170296
30510,0.5684493084740225
30511,48.62629689188395
30512,57.809103798811535
30513,62.21398151147766
30514,50.63231520936861
30515,57.28518765655084
30516,29.706112576416547
30517,46.308907509932816
30518,42.34557851116773
30519,83.87790586765522
30520,62.230969914237704
30521,14.281910846532039
30522,48.59137552606201
30523,23.60893491701644
30524,43.924069309041485
30525,42.00178031041286
30526,0.6331593545011032
30527,65.18784859752417
30528,14.54649693923831
30529,36.4359169857997
30530,0.45172992461530015
30531,47.99280401416772
30532,64.01913586774786
30533,2.898016588991034
30534,59.15619554231621
30535,27.742678231065355
30536,51.91624166880093
30537,29.029258718924176
30538,23.776788896993345
30539,38.514205362804155
30540,19.636362188141447
30541,29.0934788086278
30542,46.32450147554789
30543,46.87925978336316
30544,25.718237530435438
30545,11.427432553570029
30546,23.050997530889795
30547,53.452753543706734
30548,49.1015265386277
30549,40.9848034146666
30550,42.413411886339176
30551,46.44845081243665
30552,25.248878113556607
30553,36.60467128583035
30554,30.06069789523756
30555,47.58755523997821
30556,30.11628053530349
30557,42.03763916920285
30558,15.823388036699793
30559,8.84080682028053
30560,33.94361864253729
30561,48.02430917968965
30562,67.51130363422189
30563,13.133897386058585
30564,4.234327307796207
30565,38.59027842766315
30566,61.83667284799559
30567,54.84158776546377
30568,56.781132887715074
30569,55.019911266087774
30570,34.621782851399004
30571,0.7896916900991897
30572,53.77485132217434
30573,54.0409993939376
30574,24.127014127203275
30575,26.989907878554607
30576,44.46187918837045
30577,49.479103635868455
30578,48.89708570749933
30579,21.50884420821111
30580,60.483412581609855
30581,42.562007050896376
30582,52.92842852967401
30583,28.181515261258113
30584,0.9124445485442649
30585,68.76654710208749
30586,50.195769043563075
30587,41.81373024033713
30588,0.581196805143108
30589,17.45814839833217
30590,55.26025597876189
30591,1.535337113713819
30592,46.73773807850533
30593,-0.361409163647032
30594,28.11329035361405
30595,27.73609501897755
30596,14.100004738012494
30597,54.28764353742026
30598,0.5472956916410467
30599,42.06252048645252
30600,32.48468555558193
30601,49.27204374251141
30602,30.34650652509741
30603,-0.05403443689333187
30604,25.460174385195817
30605,25.321616002378537
30606,23.949695380864718
30607,14.293575784835372
30608,48.626707342606615
30609,46.19541787687814
30610,23.73636483059583
30611,40.425333907118954
30612,41.30175954072242
30613,53.92124151870078
30614,24.67598099153185
30615,1.1246696834461218
30616,22.533641605453806
30617,-0.624711815721021
30618,70.24029050860705
30619,55.03450053480143
30620,46.326764490296384
30621,41.72638047786564
30622,50.4667264967099
30623,32.98243972415637
30624,56.3147552604092
30625,56.94281921376147
30626,22.366521491870046
30627,-2.0335679965804943
30628,6.244119510038537
30629,52.6735283049362
30630,40.240674003484585
30631,39.648084096772905
30632,43.74433860065781
30633,24.604992334640748
30634,1.2159295255351026
30635,49.33882437886929
30636,30.748739879986378
30637,22.455948097302514
30638,41.387661750654736
30639,1.3011241435400365
30640,7.120340948102442
30641,3.9719223573545683
30642,49.74345196889634
30643,49.497549185025505
30644,49.61794131145494
30645,-1.2495453986458998
30646,40.65310396431515
30647,23.47215000723912
30648,7.626572458371772
30649,21.274109509452686
30650,1.442960306130331
30651,0.940729030617824
30652,56.045859346784866
30653,41.90872536543761
30654,1.0567660596267956
30655,0.8615311138312549
30656,43.30479341648258
30657,23.426780114532477
30658,19.62365338637533
30659,-2.0710628937518933
30660,39.91310601058634
30661,23.58454036187957
30662,48.90932726925642
30663,23.67175108333692
30664,40.43289172406209
30665,42.81634860735406
30666,0.6139622849789532
30667,56.816549827240536
30668,-1.9978073399102527
30669,0.8750802041771664
30670,-0.1483998827973707
30671,2.385830108909097
30672,19.550435924882052
30673,32.91670256520029
30674,-0.17810963079487863
30675,2.573896597825655
30676,67.60499169948231
30677,39.409440540286404
30678,40.056572327166734
30679,22.873343287990842
30680,0.5807335879740236
30681,2.2182911743334017
30682,-0.8320855649191401
30683,53.798905378089245
30684,17.915885346352315
30685,47.01296284694547
30686,34.369094627695745
30687,36.02389034065447
30688,0.7529318366569058
30689,50.27095048261357
30690,37.76113357525878
30691,23.951972696294877
30692,14.89116982377013
30693,64.71982760156068
30694,31.099927567925562
30695,25.588202188233453
30696,23.413985747204364
30697,14.293652288644545
30698,65.9097509621396
30699,57.23166841180961
30700,49.39518585642188
30701,22.291849721340974
30702,25.675780689665377
30703,56.3876323730136
30704,39.28751685175736
30705,53.89743202706043
30706,1.7206559718912402
30707,-0.916887026805469
30708,44.36855061673354
30709,-0.46004489512824875
30710,57.95046813898941
30711,-8.829126454329767
30712,19.375824537922973
30713,50.22167333412146
30714,1.0696107879753498
30715,27.052362918253593
30716,53.69859930752307
30717,44.07816203468764
30718,62.94914732950227
30719,11.441718496701867
30720,50.560814075231676
30721,1.84157000517963
30722,61.36646435915962
30723,-0.03249170630124354
30724,38.05480788666251
30725,41.55229286284245
30726,0.3447245255758986
30727,19.99639991453686
30728,58.38338972128783
30729,50.843010659863026
30730,46.19356323183908
30731,44.475649372041424
30732,0.9002666590840533
30733,30.340612511186993
30734,21.94225737448305
30735,24.07411835804416
30736,-0.33483726158132754
30737,63.082455104860074
30738,-1.4303090898137327
30739,32.412387909048434
30740,49.61064623386811
30741,1.4475121342227304
30742,65.499469568677
30743,36.302125343983455
30744,11.469998053355084
30745,33.24843466280342
30746,1.8543238808839178
30747,64.45365943324883
30748,1.1041317986740395
30749,39.40568192666706
30750,-3.671259012216808
30751,44.45347005794722
30752,53.30267529464333
30753,29.42929835847223
30754,25.02221515915781
30755,41.773700679031
30756,58.59364908612294
30757,42.86429262817913
30758,50.85938128999963
30759,48.64318835058612
30760,52.02158765085616
30761,40.14409046815186
30762,24.963150700607578
30763,66.99698231525414
30764,49.797540332208385
30765,63.6525962153375
30766,10.892757851991494
30767,-0.3921368675355055
30768,59.25157143010158
30769,38.497089189247944
30770,21.703019004829144
30771,20.905038576120383
30772,23.841866634037856
30773,57.559578439973095
30774,59.60017636548996
30775,28.041130864442696
30776,54.12923859601031
30777,25.28633008365
30778,42.793713269220795
30779,11.40416691307037
30780,16.633858154359434
30781,43.017211765378924
30782,33.23987886998986
30783,3.483578163493849
30784,41.590139862942195
30785,44.01670889513349
30786,22.23028749990923
30787,36.10944174540015
30788,1.5691973995645654
30789,32.32341089027029
30790,52.11615777837153
30791,18.75045214580925
30792,74.07151503845584
30793,1.0170259930775103
30794,62.90728442174415
30795,30.0587324805304
30796,2.467794033500862
30797,42.575774899874546
30798,15.644971680303396
30799,14.97923776027734
30800,57.83017040421147
30801,44.0746292981665
30802,65.6851751341949
30803,44.26980862026146
30804,22.837641669184592
30805,0.6637356018334089
30806,61.07021774653322
30807,40.620300505262094
30808,31.84338433716064
30809,56.612617121398436
30810,63.54445664589275
30811,35.127698799560214
30812,58.72752637081898
30813,49.753772254486776
30814,0.24667509643123964
30815,0.8786350734890434
30816,34.00766732509895
30817,11.790076154822632
30818,41.16454847457168
30819,56.1172848313135
30820,52.95383258825406
30821,2.241495782865165
30822,47.79667683226526
30823,27.896493442096354
30824,35.783461768439615
30825,22.039242198071786
30826,23.913164086321913
30827,19.910522086201603
30828,27.70289192418097
30829,25.54706221601272
30830,56.50253197856323
30831,21.729243816187115
30832,33.86581492672788
30833,45.85881764913131
30834,48.47993647246359
30835,42.40049184576459
30836,35.97008390724881
30837,21.93709689318441
30838,27.61640281288011
30839,24.461854422341588
30840,49.962368217447
30841,25.92913423033552
30842,54.898117275349904
30843,59.58111528174648
30844,30.272762924367147
30845,39.8125284844949
30846,40.03791088852981
30847,45.68890383045624
30848,37.22511951655449
30849,78.39348797521004
30850,41.4217201666183
30851,32.90740193016343
30852,46.3978720045864
30853,24.85038792512251
30854,58.207684409588424
30855,46.92400815008621
30856,45.44063515889905
30857,71.7485341820913
30858,-1.1208499939139855
30859,2.1190103313340956
30860,65.54804859466734
30861,21.541751338627343
30862,7.382386805305252
30863,48.26571798692545
30864,25.297359555991875
30865,58.892765828520595
30866,34.072872276100476
30867,26.509673755724382
30868,47.72747128550149
30869,22.15690068038327
30870,45.002955030636116
30871,29.89646459273326
30872,25.614703359247518
30873,1.0612272945337438
30874,26.090130019302332
30875,1.1708204835470042
30876,28.38692614189375
30877,25.539918656669947
30878,53.20270123780339
30879,51.557534262881106
30880,19.738945214865755
30881,44.225287252188565
30882,25.038909277233422
30883,1.1454680281464817
30884,3.068766242272531
30885,52.93513874879941
30886,62.65476435573148
30887,43.20111213164586
30888,35.33242787050773
30889,23.623053834230657
30890,-0.537542498836622
30891,37.9130379459754
30892,38.52879490056794
30893,60.59047102235729
30894,61.0965867417423
30895,52.02870118213379
30896,20.065520904589853
30897,42.32688970425391
30898,23.64549665624163
30899,1.6191692475323158
30900,39.9596016232678
30901,47.541333553213725
30902,52.67666443763773
30903,46.56343733125829
30904,47.88321820665347
30905,44.80604937661141
30906,0.5561737381265814
30907,59.278413323140256
30908,54.05264403544734
30909,4.430736908465178
30910,57.00206050945103
30911,29.283964740811218
30912,13.8210632755119
30913,22.15043431127264
30914,-0.23633928731578635
30915,49.89268123871747
30916,50.3349333304719
30917,32.283227855667185
30918,-0.7907105939803145
30919,18.095602513725026
30920,38.47314906161696
30921,57.624669328741255
30922,46.00188012297602
30923,14.284892768746037
30924,67.08279079321717
30925,48.95711124612645
30926,55.58063518365287
30927,48.79539317941965
30928,39.20943781945533
30929,55.57033820333746
30930,-0.10281595366459584
30931,43.64817501054767
30932,24.231788036551187
30933,62.91159747726597
30934,4.7529781551930945
30935,43.534807918157796
30936,51.64230117824751
30937,26.987536930681273
30938,22.051644962940628
30939,21.842715811650038
30940,49.29502485543105
30941,68.86576099539727
30942,45.31243735054285
30943,43.830352126382735
30944,56.135973877896504
30945,49.195980199453786
30946,31.602159055213534
30947,3.855242485979634
30948,14.170388279460536
30949,26.368025310078494
30950,46.26985220953864
30951,11.433814064485407
30952,-0.44524933493190133
30953,32.094781704213894
30954,52.82943203228008
30955,42.65988548292347
30956,51.521166266159604
30957,55.7914064508765
30958,53.452095876463574
30959,39.604315274514576
30960,24.650326617651
30961,0.6948285567422232
30962,17.117406049320728
30963,-0.41546424247982117
30964,55.915727271329956
30965,34.02473112301464
30966,13.170645687182297
30967,0.9142902269364441
30968,47.053173833712336
30969,19.436793214515397
30970,22.397199660825038
30971,63.118494164732965
30972,47.90521869498281
30973,56.85129845395451
30974,38.19934172629554
30975,-0.4637110089593861
30976,46.28612996491525
30977,52.51456709775512
30978,40.52974029398614
30979,1.7080578962352462
30980,53.38214884810627
30981,59.39101819594436
30982,16.522876003828827
30983,0.13389778687329823
30984,25.961382440731377
30985,1.0083870691756331
30986,1.0408092934190378
30987,-0.27318241045884406
30988,59.03292060707594
30989,2.197417405954294
30990,44.31170783154835
30991,15.442660776584663
30992,38.12117029050691
30993,69.92039427166523
30994,28.915510633894563
30995,54.95275873549092
30996,50.38078509613915
30997,45.39519647004342
30998,41.73497379402339
30999,14.146359236787465
31000,2.2543393093041004
31001,-2.9783482073250767
31002,27.12921455879978
31003,4.577456431618636
31004,60.88371989930856
31005,20.26837668684239
31006,45.42605227198736
31007,57.48454240029785
31008,25.986392834649813
31009,26.73362760714773
31010,0.05065206207523687
31011,66.08199691574376
31012,58.098318396070326
31013,66.61859542069574
31014,54.10842471598686
31015,1.1523977477972025
31016,12.979123271135567
31017,2.6538412867184356
31018,27.323761847781135
31019,1.5067430247436455
31020,16.679727934278908
31021,47.57701438455116
31022,43.786088714422945
31023,44.15062159583554
31024,22.846344236951886
31025,52.63532949353749
31026,63.20681654469528
31027,26.21212833006643
31028,56.81451469259478
31029,22.729520284736786
31030,28.89486330014821
31031,31.961367890449306
31032,54.15309920244077
31033,40.3717656175394
31034,38.76212935305119
31035,16.631678661054554
31036,20.80647142116024
31037,31.74309659240453
31038,33.48032944328885
31039,29.867882558349375
31040,32.0288045387361
31041,-0.14287351767711698
31042,0.4278264474509683
31043,17.799356799387482
31044,27.59960131287188
31045,39.429858067012454
31046,18.347936166733216
31047,40.52086417618114
31048,49.338774643505474
31049,10.568801502297472
31050,44.32059386313449
31051,46.26343725567814
31052,22.669006401642417
31053,38.853555065536646
31054,15.971367700038048
31055,66.43244793676935
31056,42.88274628888512
31057,39.802245350812385
31058,41.50572193340255
31059,61.413201777373736
31060,44.08090068329861
31061,43.32592248763055
31062,44.48580842459465
31063,47.74811134542288
31064,53.09005038463167
31065,-1.4627546277391517
31066,23.9783583976783
31067,35.74736919131601
31068,0.6681897479869932
31069,30.78781352264948
31070,59.239266441425116
31071,0.03615780703097471
31072,41.72281582162393
31073,0.7069578977898701
31074,0.8630741851989185
31075,1.2348108429965308
31076,46.46389040493086
31077,4.356592328422597
31078,69.27609356224357
31079,-0.07163042723551882
31080,22.47697564139812
31081,0.7792438971306552
31082,23.27002325364149
31083,36.25680491280995
31084,-0.5447302705490316
31085,44.50458536505964
31086,38.92410494595804
31087,21.730649212536846
31088,60.273080018607914
31089,34.88235256632373
31090,15.569638916829174
31091,-2.138324994478623
31092,1.2677984936386828
31093,-0.2607128397335998
31094,43.86219813599821
31095,42.066759743050525
31096,48.04329080147528
31097,54.008878650783174
31098,12.17326677334226
31099,30.491105492849307
31100,29.626584638644
31101,40.55313207894624
31102,17.71910557928789
31103,70.87263473902225
31104,15.865015443141402
31105,35.46981859002351
31106,64.83845641198575
31107,-0.7873167063987907
31108,11.843734227651534
31109,1.1310235201900838
31110,57.96839785914143
31111,24.71960411829057
31112,58.147027090423144
31113,22.46142966632518
31114,43.07554562945912
31115,-0.47238678036102044
31116,-0.23723124913168192
31117,4.642946869875864
31118,17.93685081363585
31119,32.25284037990201
31120,5.964499392653504
31121,56.53120570432338
31122,52.7181383960057
31123,52.083678193334265
31124,17.789110581033448
31125,-1.0632970746463997
31126,46.50203617313596
31127,46.17531168188392
31128,-0.34000489902900455
31129,45.478265652206325
31130,41.6727764910311
31131,57.14807106964088
31132,29.199040797250674
31133,54.41876952144494
31134,12.950435767658696
31135,52.53916540945789
31136,53.4071132521869
31137,24.97114167913369
31138,27.00435820335541
31139,77.53456555540933
31140,32.9799129230659
31141,4.175558723262071
31142,34.10340738704501
31143,-0.04046918258095644
31144,31.19809553438948
31145,58.24706490569273
31146,44.58427128324786
31147,2.1057509130309136
31148,37.081598589736224
31149,0.24093597070006467
31150,30.3292627914053
31151,55.91966029404034
31152,35.00641096765048
31153,23.871594089632083
31154,59.14345302949471
31155,61.32349981418905
31156,28.372059959889363
31157,29.690890293399033
31158,53.90914254412918
31159,49.86357389155372
31160,41.203875225902934
31161,0.9726865991478775
31162,46.54141691859775
31163,54.68134129482236
31164,62.665166637662054
31165,60.90341718120956
31166,62.04562652175531
31167,43.61882019246829
31168,58.50042144502382
31169,25.170543603950406
31170,41.730406621896165
31171,2.8848771068504817
31172,60.25801431056715
31173,32.50144008503342
31174,52.81929075226917
31175,49.37939721301485
31176,16.47713262802794
31177,50.42029487944875
31178,65.91335481441669
31179,25.97409713314132
31180,60.12402043774543
31181,16.85297814977377
31182,49.73010977613815
31183,44.0637103867801
31184,2.6541563251769027
31185,18.93504070801916
31186,38.856245145129975
31187,64.96591684135191
31188,69.8598317825205
31189,36.3815078812102
31190,25.906139244005807
31191,24.164464373355052
31192,56.676751133885546
31193,38.119783715201635
31194,12.76342923601852
31195,59.38061152260505
31196,-1.1535988986612153
31197,59.77909876649428
31198,23.865016310941357
31199,23.980112948824065
31200,11.152756262563994
31201,14.705352654115597
31202,63.82246004652487
31203,50.16467325700462
31204,57.021621718345656
31205,24.085782763960825
31206,66.3524140736312
31207,53.83136101544673
31208,30.38070177883173
31209,46.744783798969095
31210,59.259285128873245
31211,-0.42337449151033724
31212,25.647034068965795
31213,48.230491876553664
31214,0.9265860073192869
31215,22.2098041294853
31216,47.502611091826616
31217,65.2462177245013
31218,41.41881542674273
31219,49.43513270555779
31220,23.572877532503888
31221,41.78277585264277
31222,7.426432733265525
31223,-0.08394509444500642
31224,-0.2930253066937425
31225,12.910656255366995
31226,69.6630812779398
31227,28.63247709948122
31228,65.76156753383285
31229,52.91264562029437
31230,22.078174170955876
31231,42.72263724230962
31232,22.66819208839884
31233,38.974449764691215
31234,28.582963854271725
31235,11.84046038791302
31236,54.91781692511507
31237,64.99284393457472
31238,50.2819614498337
31239,50.364208569801875
31240,13.551441777907584
31241,53.15034886860481
31242,51.6356995049834
31243,29.021096749134777
31244,1.666159194911657
31245,4.110251015592766
31246,17.796740643609066
31247,52.77002143235655
31248,29.388791516578724
31249,-1.1635704410791945
31250,47.4692102956715
31251,-0.23720562100553622
31252,44.30724602615993
31253,2.783884818380777
31254,0.8385514498187803
31255,5.357685423544655
31256,28.064987946464754
31257,25.26506188038337
31258,23.535280596356
31259,-6.059970630499933
31260,24.30287198511968
31261,28.515687109525516
31262,45.49116080864484
31263,54.03336115796888
31264,34.510368522197574
31265,51.34156966505766
31266,19.848123433991223
31267,23.4630379010802
31268,53.5781919827578
31269,38.51665363254919
31270,55.88470650253683
31271,39.75457536020411
31272,28.65027897924274
31273,45.73463956679793
31274,-1.066158983509304
31275,20.224500282853832
31276,19.304741623971875
31277,45.08643946550532
31278,3.6651980243250257
31279,56.535496694701095
31280,32.49426085943378
31281,42.67310394314573
31282,-0.40026327295959163
31283,25.31990988588024
31284,20.437989736893442
31285,43.651782609598435
31286,38.58175665028568
31287,-1.2451455415269024
31288,31.912013867562514
31289,54.610820181469414
31290,56.54394167838211
31291,22.419265766494213
31292,69.86866897379463
31293,61.098035433213276
31294,27.076270842424798
31295,0.42868002996703325
31296,71.74372058857291
31297,61.62690821746186
31298,24.023384525485838
31299,45.884026963136975
31300,14.59046820562542
31301,46.4558508002971
31302,46.94718476246383
31303,59.81233999883418
31304,46.14033218582079
31305,46.26094218251237
31306,24.3925486707617
31307,23.338883950888146
31308,16.498546845410715
31309,22.329527383521583
31310,-0.014044001570766795
31311,23.9258692184069
31312,67.54155947060575
31313,48.82090236777327
31314,-1.053262994462706
31315,-0.31176379781532404
31316,24.249171385402754
31317,50.55805363582934
31318,66.11741489344354
31319,16.862810270281027
31320,44.12350770429031
31321,2.7412330253669914
31322,38.319277846401896
31323,22.92666993972137
31324,13.2654202078199
31325,-1.6005504923385274
31326,41.46513333774595
31327,53.69435771790403
31328,3.1047951536154024
31329,36.463906951446056
31330,58.8289733820757
31331,47.46556172416412
31332,-1.197119706305692
31333,24.002510255358654
31334,49.417717350578634
31335,4.552069134431985
31336,41.781527161403545
31337,48.51486644235726
31338,49.65716369760666
31339,0.5885737345152364
31340,13.250273148882325
31341,25.303806510947517
31342,64.50109812517974
31343,21.95072118138693
31344,25.851129532729548
31345,15.698955837084767
31346,31.52378629069359
31347,1.547497785710771
31348,66.68922883292362
31349,20.379070581455064
31350,0.9199991416857358
31351,54.00611162394406
31352,22.757145563334767
31353,20.008893083796316
31354,24.406651017465318
31355,-0.2947165119674864
31356,33.67085271372006
31357,54.12576492974817
31358,58.290156955231595
31359,67.34715381391585
31360,38.949087682424825
31361,50.31297682639702
31362,45.24094683607248
31363,17.7306158434115
31364,10.55716526072905
31365,19.83460730702359
31366,8.312435030567169
31367,6.34443162758247
31368,47.79211508056606
31369,51.92455872798085
31370,39.852346886490096
31371,34.99325409448319
31372,2.0372912221288573
31373,24.463971658703947
31374,18.970468060235703
31375,3.2136287932317202
31376,2.18914503871731
31377,53.0009491456885
31378,41.4011063173365
31379,-4.765688015401842
31380,12.489763046131912
31381,36.942947130117375
31382,26.16604345221912
31383,9.275121240496205
31384,26.49012198234852
31385,47.95356051121494
31386,37.435647498399966
31387,20.246772295205517
31388,3.3980111945688947
31389,2.8095296836172317
31390,52.5445987401104
31391,26.34098741447229
31392,12.84389505394526
31393,59.74717052369731
31394,31.974067462381136
31395,-0.6831933503178789
31396,34.67678733839516
31397,51.33233504527182
31398,62.733956626838136
31399,55.52763185506794
31400,25.27172794847467
31401,42.78108640441538
31402,24.05670833676605
31403,26.697539988294523
31404,24.588171949031498
31405,17.07143038294397
31406,3.9703571075068815
31407,39.276605282973115
31408,22.143175101397723
31409,-0.12440858374180408
31410,49.00988189229763
31411,2.080518069042057
31412,36.75235511692527
31413,30.569062757603056
31414,20.172681332292314
31415,12.075477877649615
31416,26.442821741199495
31417,32.63658524956351
31418,0.6336660081823169
31419,-1.3645642909897333
31420,42.891075716989505
31421,41.33889496785004
31422,2.9775187404384695
31423,45.633788123515885
31424,1.420924058940681
31425,23.077646750403176
31426,42.20351058146311
31427,0.7041270326526785
31428,43.73639919574696
31429,1.4433023921359265
31430,21.63874298927051
31431,61.636913225156945
31432,2.6491982339903544
31433,37.907293690869054
31434,21.082582258876165
31435,56.53485202771654
31436,47.63034490017971
31437,56.90296230363235
31438,23.796153212613262
31439,54.4700092882637
31440,-0.32152663705824125
31441,38.93758191795769
31442,3.439508373492238
31443,60.56866446103438
31444,61.2518157148583
31445,37.76131740108114
31446,1.0182509338252643
31447,27.38398029989753
31448,2.8687425113819778
31449,23.61504096041329
31450,20.552881919069307
31451,49.695293134014946
31452,53.3810267398021
31453,48.64897031090333
31454,18.599360485970692
31455,0.5749705792516195
31456,40.79717671215939
31457,40.65343399872034
31458,26.903086065280792
31459,21.4237438325692
31460,53.70806340620343
31461,49.60190598427934
31462,64.40969114942698
31463,43.996366145343146
31464,36.93132058489577
31465,38.18949061756748
31466,74.26664918698367
31467,57.204930510365955
31468,54.510999248064536
31469,46.47024560515466
31470,35.355945242133274
31471,56.2496576708845
31472,7.366851549923535
31473,41.62445215526549
31474,64.07595212986121
31475,20.747516200760124
31476,10.592473174618988
31477,36.11506666194832
31478,32.18220397217109
31479,58.53286703815966
31480,30.977659832560903
31481,56.942311289803634
31482,47.28281661111421
31483,31.098278669570526
31484,41.036957898855576
31485,0.5725290619142029
31486,25.642400564950137
31487,15.541648625667662
31488,52.64322988225922
31489,48.77966655842425
31490,46.41856692967329
31491,51.50839179142285
31492,8.821841574514664
31493,54.035046572780715
31494,56.208461046594444
31495,22.19268453219692
31496,-0.6526312435113795
31497,27.344457710068742
31498,32.719503265788184
31499,8.69185432391118
31500,24.955591162300117
31501,26.246907040308148
31502,46.41697379077832
31503,28.413392794168743
31504,36.05557726480155
31505,34.38207018041093
31506,15.409122250796145
31507,43.819725862501976
31508,23.136796139738564
31509,22.308382080125604
31510,1.5001003133074065
31511,26.916730798674333
31512,28.04084956636318
31513,56.848739245648545
31514,54.122631920482874
31515,33.49341796217292
31516,56.16088632549862
31517,44.122943058741264
31518,29.116710708475996
31519,10.512080259323366
31520,28.09334607653972
31521,25.789378394210505
31522,50.18761428890693
31523,2.282907882773923
31524,44.10744037356615
31525,15.648976972438586
31526,47.180228191891075
31527,21.296163830865233
31528,23.485645122989176
31529,43.81142001249466
31530,21.78900705057025
31531,40.95330447278161
31532,20.497206633069727
31533,53.19076493111052
31534,28.07573569317355
31535,-1.0886693110893475
31536,46.56909618992391
31537,35.35666840067595
31538,45.348448884882146
31539,22.614495141850945
31540,31.696748643093517
31541,54.41085703387455
31542,24.136877666606733
31543,-1.2324340584538191
31544,52.03380502706405
31545,44.180314199680794
31546,3.53757403766771
31547,27.861126951158496
31548,65.34958600807934
31549,2.324628583577063
31550,0.21582044767473008
31551,53.727701398187094
31552,50.33995765859417
31553,30.898899312842733
31554,41.8963993038659
31555,23.57892850054172
31556,24.149898415766256
31557,49.91167847546761
31558,40.60566669227477
31559,37.41047833803667
31560,0.4802127531386162
31561,40.89930664018281
31562,31.87981941518296
31563,19.49104118308357
31564,39.69581118350726
31565,14.782275202396683
31566,21.299926172556134
31567,58.23461597843547
31568,28.62374432614545
31569,25.930956815570568
31570,9.459269565666943
31571,48.34171555805178
31572,50.43839754205351
31573,26.341742028472005
31574,22.485966477065524
31575,23.472750107199733
31576,22.609750525118073
31577,48.337937788828505
31578,22.655058484991123
31579,15.916291374866173
31580,0.5830561112910999
31581,58.617571749467295
31582,43.770270012094166
31583,11.286058809311601
31584,26.13765505388324
31585,60.621050171194
31586,26.767396854422095
31587,75.87865684588841
31588,28.513310253302468
31589,51.69686575570093
31590,53.070624423698675
31591,48.43599661493291
31592,60.88194867828871
31593,49.694132778325056
31594,21.897462980493316
31595,-0.697108802535098
31596,20.997001012477398
31597,40.01293274191543
31598,54.92312803981332
31599,41.776506317391224
31600,46.180200497400115
31601,3.212968110439686
31602,1.3000206025508412
31603,23.718469089159534
31604,56.90099025816396
31605,-0.19323775450398983
31606,55.36958419058301
31607,24.715630088182266
31608,-1.046799486625119
31609,32.364851840562295
31610,40.376710919023445
31611,62.995711053979505
31612,-0.3337695933997651
31613,63.43189400998258
31614,17.910163479562463
31615,68.33895389496996
31616,57.460017420691244
31617,29.809292019497665
31618,12.235294278742312
31619,30.61963877091701
31620,44.586980864996846
31621,21.97830634990305
31622,0.4275962732382297
31623,-2.1245698419724945
31624,50.4305233636491
31625,50.96899582180542
31626,63.19679573731422
31627,47.128050151507196
31628,12.26683610504347
31629,12.603324318035504
31630,7.262988439491156
31631,50.852448404471374
31632,27.196979808326684
31633,62.74511458328874
31634,59.13406997786224
31635,0.06545338206193918
31636,42.78536741285048
31637,42.16373678814403
31638,20.965090247138683
31639,34.04900540946573
31640,21.539227530804347
31641,38.69428923509237
31642,51.18024242802973
31643,46.65145316202666
31644,30.70219396016711
31645,46.64824599772445
31646,24.035506976654204
31647,33.88121120499887
31648,45.85705315421407
31649,25.24250633445706
31650,53.09102655473414
31651,72.2243914715709
31652,38.34563617623914
31653,23.726841571517376
31654,50.25981971321708
31655,22.535341600660942
31656,34.61037004902732
31657,33.621899424157824
31658,35.625850655228334
31659,46.36833361984572
31660,1.1883652135793668
31661,16.08259490733426
31662,33.21098623644272
31663,50.71743451659712
31664,24.57248241129485
31665,52.00121435002229
31666,19.812115285102742
31667,38.3585876323081
31668,1.4930006365777473
31669,0.09931113289394489
31670,39.45701900053946
31671,54.90612992181167
31672,0.6863795186507602
31673,41.79840558446302
31674,0.6775736858108132
31675,43.81385653724303
31676,5.578827060980277
31677,45.53540525601192
31678,65.68439197813915
31679,50.738730801285314
31680,28.814594423131137
31681,46.83541823842102
31682,39.68022938461995
31683,15.964338259274644
31684,47.5209074438482
31685,49.98867614474763
31686,0.18172715294799247
31687,57.67047984481066
31688,26.63046456612438
31689,53.12827056872554
31690,19.89056684854907
31691,58.95664652820098
31692,2.2509098056495382
31693,44.67038867279905
31694,1.1083685860885595
31695,48.028337041629456
31696,40.80880399058497
31697,36.82657213561061
31698,43.423871502122296
31699,39.29754721128184
31700,52.704941778423446
31701,45.46295136192403
31702,31.809191876079144
31703,24.210439232077107
31704,29.42698448379732
31705,-0.8440676124977955
31706,47.40258822404577
31707,48.08014591065397
31708,18.981098399021334
31709,59.32498319489156
31710,23.376591623931667
31711,57.39697497702297
31712,24.61809956562676
31713,47.161486551197534
31714,32.035147227886
31715,44.32394802654451
31716,42.39465031289448
31717,28.824317172738013
31718,2.7169284925208537
31719,0.8534760414759148
31720,24.727203672132298
31721,23.262212657691983
31722,43.92949341782702
31723,56.41142683450474
31724,53.46587461172341
31725,44.263525301823734
31726,24.06208539536979
31727,2.9059345555387104
31728,0.4190568780484938
31729,42.01635013746761
31730,47.6463020931413
31731,44.09368957950774
31732,50.431864176492226
31733,30.16039706979386
31734,39.42811381692765
31735,58.91469698075214
31736,28.566874864715807
31737,23.020529758053094
31738,43.783112295924376
31739,50.15958996406836
31740,57.49974335582742
31741,22.707914729774423
31742,50.388604051342114
31743,26.353717851417766
31744,49.367128015374405
31745,64.82345855489719
31746,41.52691123988879
31747,1.4138154408798016
31748,17.786924941794553
31749,54.959914828647854
31750,46.166413807211754
31751,12.675302889598214
31752,23.36124659815082
31753,49.826438649874135
31754,19.69352335723145
31755,65.22965109030089
31756,15.9823618531396
31757,45.432905075313045
31758,0.24554656229810945
31759,14.699006266555251
31760,16.57908448827014
31761,11.500069868381036
31762,0.2555487956996103
31763,35.24740968681526
31764,22.444999865054143
31765,22.531021351679428
31766,31.153501434234098
31767,2.9638085310738624
31768,3.2094562648668727
31769,-0.5503777060172155
31770,51.44227579074062
31771,20.517833311921237
31772,28.39093100412947
31773,59.00560056070631
31774,6.931532214083479
31775,26.378539151883817
31776,35.53590496667154
31777,20.002826729646003
31778,29.92486920909567
31779,46.549127116083255
31780,50.14172975104938
31781,34.35067225697604
31782,20.747633989538738
31783,60.46381232908036
31784,69.0879731407056
31785,53.34427226306373
31786,57.49084178351953
31787,40.58626681719883
31788,-1.050427079970845
31789,0.6844534964964311
31790,50.12391457809899
31791,42.32573346610155
31792,49.83541406755666
31793,53.615711736926336
31794,43.936579018442934
31795,26.23244283732459
31796,50.2384031167895
31797,51.47876953115296
31798,23.909135934362467
31799,34.84754590220321
31800,2.911657034724822
31801,42.55345910743085
31802,28.80206642922181
31803,31.670779439225086
31804,9.900344090481887
31805,53.684828940829945
31806,15.394467503398758
31807,9.2072121181818
31808,10.102693757406183
31809,0.7537029891953466
31810,62.61226994796496
31811,56.35867551545984
31812,19.043475607312224
31813,0.9282073496251755
31814,63.02650625923109
31815,61.56191028163846
31816,57.747356293496324
31817,20.347067685016526
31818,-2.5420588264691375
31819,48.724539128543825
31820,40.898804318597456
31821,78.05262160474905
31822,49.088261893299794
31823,21.18566904922648
31824,39.98045819918199
31825,38.69476019983781
31826,51.62692639667702
31827,2.1034704520234655
31828,29.618498909327815
31829,37.16050612335695
31830,28.580254996489927
31831,43.31589645331488
31832,43.14390672715129
31833,32.85262766772768
31834,57.49347617255906
31835,44.67550607051605
31836,41.35037709238762
31837,58.89701414726049
31838,1.800628129942968
31839,35.67864143621876
31840,8.839329481262784
31841,-0.7924864762812334
31842,45.276152771115235
31843,36.57416297095466
31844,14.56602586333964
31845,39.83646461688029
31846,13.582015204495363
31847,25.56611548062636
31848,34.89339740254976
31849,36.47479878121913
31850,29.023041868710315
31851,9.429370442591882
31852,46.09215695426643
31853,61.67807124907415
31854,40.80372518202229
31855,0.6379924765506857
31856,39.74766362734733
31857,21.784856814996132
31858,25.030024534803683
31859,50.00479162672044
31860,40.4415547270076
31861,21.995515793916145
31862,0.22934485162199536
31863,19.969599905336672
31864,51.300136909033775
31865,14.887013779085109
31866,1.4350226953234362
31867,21.556755059846303
31868,26.64817242754838
31869,44.09386531548734
31870,22.767551478217577
31871,67.80635697880619
31872,44.77960185038593
31873,42.09947143142931
31874,-0.42696401480943535
31875,14.825339029360165
31876,26.080107674786333
31877,8.784681854383486
31878,36.4109990670488
31879,55.76591761619718
31880,21.23864577608372
31881,26.785847341796
31882,50.086756223469884
31883,43.99829203971143
31884,0.4389859282581696
31885,24.118599596163325
31886,0.6016485171947394
31887,51.507699585697196
31888,55.3805516258429
31889,44.81188755736005
31890,47.67150486379322
31891,32.31954854680225
31892,21.96144209228042
31893,49.491253404200734
31894,40.72911154184208
31895,-0.8614532153980505
31896,22.996435969026436
31897,27.00774329400677
31898,3.3239229056466577
31899,19.849319142441495
31900,63.40759570409011
31901,50.89753245511911
31902,45.073702278738764
31903,6.117446270042034
31904,0.9960398136710893
31905,3.561623312688887
31906,28.43619699336655
31907,65.35815893869608
31908,47.14015631929556
31909,27.917548812580577
31910,16.806039232679165
31911,60.173865516348656
31912,29.791148899618452
31913,2.217246553265671
31914,33.20230029859666
31915,66.33402671503443
31916,17.246034048615183
31917,68.06859634366047
31918,17.81473751798969
31919,43.00963445032275
31920,41.997251624863
31921,54.41204398349966
31922,19.557811547783256
31923,0.26944911150498996
31924,52.0338334441972
31925,41.32608113365089
31926,57.63361929451915
31927,31.82880312730078
31928,2.0562504023235455
31929,48.006256086908714
31930,23.50512096262795
31931,45.260944166572884
31932,1.7236812318557995
31933,50.218898439760736
31934,1.4635929075600842
31935,58.065380463220365
31936,39.08904505452027
31937,19.02451007685469
31938,50.27985369798543
31939,24.6909750656638
31940,21.853783399725355
31941,50.99706047699978
31942,50.529997233266656
31943,61.097882654695425
31944,60.94734997236828
31945,56.49247284878622
31946,35.40298977739561
31947,26.817290604962572
31948,61.84276076856993
31949,29.16415872249688
31950,51.88163343745708
31951,18.463205782610583
31952,72.10442210774622
31953,59.87382311791632
31954,35.51852755154956
31955,-1.949051159260648
31956,47.17598648112734
31957,0.045391462299072316
31958,57.510840885438846
31959,51.90158570406425
31960,28.18631812349443
31961,43.184193433082335
31962,46.41014020300844
31963,26.65499929624369
31964,-0.002455885150070003
31965,65.35690207273151
31966,29.88536945857376
31967,26.198903009632772
31968,48.00190569889128
31969,12.824457529127983
31970,54.02432559929179
31971,43.56513227976429
31972,21.95206445532832
31973,50.25399513429859
31974,16.09013508486806
31975,57.6990220315052
31976,24.1688925239919
31977,2.745033682798237
31978,56.20965954459412
31979,16.321459853326704
31980,15.159441639200363
31981,38.525425933967405
31982,1.7819477046636365
31983,22.369833437673265
31984,0.6878360522345659
31985,43.06936194334934
31986,55.14147484348496
31987,45.15844846181824
31988,47.47389187403388
31989,73.60277066017784
31990,52.71711066250893
31991,55.443075806858076
31992,-0.7502239856055368
31993,52.74794731668615
31994,22.967255465386224
31995,25.034355479774522
31996,44.15148766157924
31997,49.478980750400474
31998,18.912717915179513
31999,60.434472811228716
32000,-0.0608122363039314
32001,46.912556683995795
32002,29.281482424712127
32003,49.215778572178664
32004,19.311341519446348
32005,63.94681064181573
32006,21.022861404145285
32007,47.90565262486248
32008,44.09603975460701
32009,20.719359933747842
32010,22.907324429020854
32011,44.76287176186014
32012,41.664426559396816
32013,39.467626178829526
32014,23.080937677558964
32015,43.188411393740054
32016,54.133153326227074
32017,55.25765341750369
32018,43.853494082316516
32019,63.191208860047325
32020,3.524434562978044
32021,23.598612561261113
32022,27.464857776903838
32023,50.02513458845375
32024,54.10527057893179
32025,60.51758488096204
32026,68.21478443146185
32027,50.182107340104906
32028,51.65854834598346
32029,24.82331464748743
32030,42.62695316959248
32031,22.724002685371417
32032,-1.2022164535867077
32033,47.533641991995445
32034,0.9169704796364613
32035,59.195286754283465
32036,35.62937748600366
32037,38.298958884356495
32038,29.77660751123393
32039,65.71560916463275
32040,61.90657597192579
32041,1.0222986862946684
32042,46.852824336909386
32043,22.89555481557668
32044,50.59887815775463
32045,46.39944890649568
32046,45.56834523413818
32047,-0.39689885911494116
32048,30.53125471186277
32049,83.63753207512457
32050,1.3543791227183029
32051,49.067016115516694
32052,22.131807662557108
32053,51.07673207862899
32054,26.26143740391992
32055,41.763633132603736
32056,3.2733496663701125
32057,30.397736681149652
32058,52.61281113078019
32059,49.039928168197534
32060,18.299413817970937
32061,21.559826098438517
32062,1.7249222944560891
32063,35.803317631365445
32064,1.1713320902183213
32065,4.132173744233217
32066,0.2157468577703412
32067,44.75965508106689
32068,44.476722851726855
32069,49.71878170465916
32070,25.890210065399796
32071,40.18459164455711
32072,48.52601220140033
32073,0.25209285124478953
32074,74.90717912274158
32075,63.62181640437852
32076,5.450833069970287
32077,3.893722288204245
32078,-0.030287154694626395
32079,60.221746229932585
32080,42.46869162086443
32081,25.0391442363292
32082,64.14596691235367
32083,24.011784007156106
32084,31.8543214994297
32085,15.837087292574093
32086,43.35932606051937
32087,57.247063295179316
32088,11.41709578455217
32089,21.16976830367084
32090,40.29792653930781
32091,12.944102531167136
32092,13.875855288341015
32093,47.21586507759502
32094,4.026205707674386
32095,51.35537324203027
32096,22.26876282304613
32097,66.4555225619795
32098,1.5441975458978945
32099,31.654749739261035
32100,25.60658776076473
32101,13.17850572746438
32102,0.7428334179839737
32103,46.33368650502258
32104,51.46877869998472
32105,30.41751456770371
32106,33.60804155339504
32107,44.85199959775821
32108,33.03604998542216
32109,50.028094427011574
32110,16.64690218176407
32111,78.16496308829126
32112,45.528903440072014
32113,33.560340347627545
32114,49.0931151889143
32115,34.777935091630454
32116,42.6648648558698
32117,0.4027515865417257
32118,52.783563635347434
32119,68.27543050839944
32120,61.97839392940607
32121,0.07287496410271643
32122,48.2240374959946
32123,42.42258221508172
32124,46.43787405802822
32125,33.0743266476033
32126,58.15789943051083
32127,10.072694914125933
32128,44.490409279281685
32129,44.754271898806635
32130,47.44226652091917
32131,47.05485862755118
32132,17.883445021193623
32133,25.41480767107968
32134,28.55659634677252
32135,46.44506438153323
32136,49.6051844989193
32137,44.689574592866066
32138,27.257637212425898
32139,51.70876373036908
32140,0.25989178914682043
32141,46.32411381956282
32142,3.2955253037156247
32143,51.699261970751415
32144,0.25270164329208455
32145,16.543383681381673
32146,54.48497049395098
32147,34.11356974283277
32148,24.71905084540706
32149,20.56560526427149
32150,34.82455087045811
32151,18.105644436618178
32152,41.57905492611159
32153,50.732537853271275
32154,5.888773848618808
32155,1.783522558742309
32156,31.239487863690197
32157,24.97973991717567
32158,19.66714319952787
32159,50.29809276663964
32160,2.269719963305562
32161,51.695436631747505
32162,0.5615429915629022
32163,53.41423640490714
32164,24.694348773210066
32165,55.44006840321084
32166,8.550327825952763
32167,52.890228865569455
32168,12.005485876280535
32169,53.61243327357487
32170,42.51766132277476
32171,25.31637793625653
32172,37.79244711212883
32173,22.85368563816587
32174,34.825779763088654
32175,68.10790946665281
32176,-0.556711896934523
32177,42.20062148198011
32178,32.71613088139086
32179,17.20710549212166
32180,14.654478238766366
32181,44.573894314908536
32182,45.98676413266843
32183,35.52579983864816
32184,46.661364491742646
32185,43.96297122549317
32186,22.76962648006441
32187,45.244476561537255
32188,-0.11855522390425932
32189,67.22425518368797
32190,43.992649316305936
32191,55.85273307965329
32192,26.94874842335603
32193,10.168261891680146
32194,0.18099095182028435
32195,47.40272618302899
32196,2.0733652795758992
32197,1.8738282341927288
32198,28.05848987197217
32199,42.53815813233951
32200,24.36886090077724
32201,23.70759460921237
32202,-0.25391082431600154
32203,45.38700446715994
32204,29.30004878490706
32205,54.30748608384289
32206,43.51008011173983
32207,50.62621721622109
32208,55.36903420011777
32209,24.06926385174529
32210,52.60932205670328
32211,22.402698223058827
32212,-0.03574092358805814
32213,-1.1764103661789491
32214,41.93610341941046
32215,49.909801672367365
32216,12.385802425259467
32217,54.33061607403636
32218,2.918230751547515
32219,42.41457626721243
32220,33.46230199725755
32221,13.549793808834597
32222,26.57482617174651
32223,13.190370285094875
32224,-1.8510064945542197
32225,23.29703384563688
32226,9.296726993999187
32227,60.81743081875659
32228,25.6819414126337
32229,55.382162269493804
32230,64.89579943535139
32231,49.998666023417215
32232,52.6512140322038
32233,53.270142307564
32234,44.35858672400113
32235,3.7924853675857797
32236,-0.18435094013014464
32237,25.308164684163764
32238,10.638505619696872
32239,43.49407655878139
32240,13.659758280396659
32241,58.88729628790401
32242,1.943830254772383
32243,0.6281230903531494
32244,25.84019584560826
32245,23.162249758341716
32246,12.874631095817058
32247,21.695932714637852
32248,23.143870549922212
32249,45.10619253579816
32250,21.655724664115077
32251,24.653263047606107
32252,21.964818442287317
32253,0.2492522263375747
32254,52.073589649582765
32255,32.27418080982571
32256,29.555966299631358
32257,2.5781978319103374
32258,44.82051346427247
32259,55.20358578238694
32260,46.41947450154093
32261,23.67708098656152
32262,47.93060233448918
32263,51.18755962162025
32264,62.26741258119158
32265,-0.524887378155185
32266,38.957571429684606
32267,6.080190874911981
32268,48.25107559561043
32269,31.072055943631888
32270,54.00023363645083
32271,45.877404636903194
32272,40.40063647160913
32273,26.661780071219866
32274,57.95114368065198
32275,25.414072083837105
32276,14.76381049531447
32277,67.20449939872157
32278,46.69882273396263
32279,2.292445824989958
32280,48.62536697775182
32281,32.04639423146296
32282,65.56039048100934
32283,18.12149714143281
32284,56.42299000593621
32285,55.33537766989862
32286,52.02616226536588
32287,38.88994403073441
32288,44.29436354080057
32289,0.04675430527544222
32290,26.146426393178793
32291,46.269677422367245
32292,40.54366660323543
32293,63.1847689900102
32294,67.91440801954758
32295,57.740764112778976
32296,43.872495024243975
32297,38.22203703277443
32298,1.2294097657830392
32299,41.23361322717594
32300,29.939320896143197
32301,54.22121406338083
32302,35.44692672154605
32303,32.19456970056404
32304,0.4558348064515343
32305,19.983618922885395
32306,60.43566026320945
32307,0.5168376748703878
32308,50.70703186047177
32309,54.22154518528309
32310,12.570844993759309
32311,11.616433691858038
32312,63.611713547524054
32313,25.938534259869506
32314,33.58316183427887
32315,13.576816468794597
32316,23.570526330444572
32317,43.69193170930588
32318,7.13495058302075
32319,33.76722522639748
32320,44.446359479517184
32321,0.30547400452316253
32322,21.346593954214363
32323,38.98071423610585
32324,3.9396517281411754
32325,13.952352394176799
32326,0.4252410564433262
32327,36.5593918560692
32328,26.819550505815723
32329,44.96200971012979
32330,0.0008419309563620914
32331,63.706537911741094
32332,0.7424536005696325
32333,-0.5912078574398407
32334,46.381854905101264
32335,44.78919749635507
32336,5.108596978634267
32337,24.2330569693248
32338,23.48614367006084
32339,37.53652672656678
32340,57.67181936075242
32341,25.43029248657849
32342,31.254480789322688
32343,52.155363809427136
32344,0.3830414765137604
32345,44.15332668160762
32346,32.71975919883623
32347,23.01576603928629
32348,53.178023393910784
32349,58.497819763568046
32350,21.736854184521448
32351,3.7500110243129114
32352,25.98386719240002
32353,63.60490421746967
32354,60.59797389226943
32355,46.882426101932666
32356,32.10223650990269
32357,37.836763750891954
32358,24.39346296256182
32359,-0.3030340407365486
32360,52.90073360576376
32361,1.1903268687178397
32362,53.36716207767526
32363,61.37749696684362
32364,46.37391204586685
32365,60.3558210252126
32366,21.27803879833781
32367,0.47947303544864894
32368,23.0307601766142
32369,43.007276383135874
32370,43.32252344771642
32371,43.363796077873566
32372,53.52452855916991
32373,60.57229221922432
32374,-1.057154022145106
32375,2.213631070197021
32376,41.509926987492484
32377,11.441512405313425
32378,45.31728279677931
32379,27.671608642269142
32380,23.768229690285448
32381,46.6202051001878
32382,64.49065793418659
32383,3.3536511760234973
32384,44.76979832573518
32385,24.57706150570607
32386,53.29070445257767
32387,10.934956230800857
32388,1.6432396429129135
32389,48.631070699978274
32390,22.691306978851628
32391,22.936497884471848
32392,58.61900365999267
32393,50.37800864208327
32394,28.719121308766592
32395,45.99940914605432
32396,50.472814204491186
32397,33.0951973857574
32398,0.7652207160397282
32399,25.139881977815826
32400,36.36626146392562
32401,1.171460064468178
32402,2.3564909951481603
32403,43.60289216630346
32404,-0.0711734452875703
32405,23.543121410638452
32406,30.043415489760083
32407,28.765372773233977
32408,63.74118690961805
32409,64.72388547505128
32410,51.63380483268759
32411,66.04694033438389
32412,45.410672007778416
32413,58.02145511924349
32414,16.971365308913114
32415,1.3754109548107643
32416,-0.46274207210728235
32417,68.17486745677408
32418,57.39055679145392
32419,44.14409362465431
32420,40.65482979583657
32421,50.051693826830586
32422,24.878952812275926
32423,45.58314769230711
32424,33.34367257454399
32425,31.816321026118448
32426,52.866762223666996
32427,41.83294613930285
32428,43.170843976696126
32429,50.80049736507546
32430,46.5714561504326
32431,50.24901744353535
32432,26.773466060926935
32433,-0.04846371992447729
32434,34.109241569854284
32435,51.71664512237098
32436,61.17613435021971
32437,58.01569385171472
32438,32.29261108980453
32439,21.193183213315756
32440,25.6421720522763
32441,65.06270547730333
32442,53.30317182629051
32443,52.22536083820395
32444,46.6175762862485
32445,23.567498895659647
32446,44.866099109781445
32447,51.571357203107375
32448,33.415144228453734
32449,20.818966808181234
32450,50.32634719877219
32451,30.968947381752148
32452,22.15244147471931
32453,1.0885781108806327
32454,4.1106522682675894
32455,25.78966662169921
32456,30.00784665602241
32457,15.214522160984746
32458,17.80206161621533
32459,53.400157906437606
32460,25.77274728331545
32461,23.171886570590843
32462,31.800740566207942
32463,83.76354601627895
32464,44.130105359957106
32465,43.1047199149661
32466,1.0280713679966524
32467,13.471454887601684
32468,56.02249576243385
32469,29.838226661642427
32470,24.404719325932977
32471,59.863112136317824
32472,85.31166207366869
32473,22.808521226862226
32474,45.77475463896675
32475,41.937618497287275
32476,49.08866762107316
32477,23.919443946980756
32478,47.75733265774064
32479,36.454892111857276
32480,85.92533314835026
32481,24.72020622728173
32482,-1.4489239643659246
32483,25.441443011788813
32484,42.30767814074326
32485,24.055942295114576
32486,25.335102939475092
32487,43.37179847557411
32488,56.915370952083336
32489,46.403313623146914
32490,56.86108993368035
32491,47.14441025238494
32492,41.28647905844419
32493,17.34917461713647
32494,25.996135979382295
32495,44.54133425570349
32496,2.264160608601923
32497,5.2299330865123075
32498,13.727843992072248
32499,29.586372368650995
32500,32.81703259986248
32501,46.19172050588128
32502,17.126575493534215
32503,25.305288357872605
32504,62.12978336167936
32505,53.27901658291931
32506,4.564110505982054
32507,42.96709728476506
32508,41.824271446989194
32509,18.22822211396287
32510,40.070446086068515
32511,43.302085942989606
32512,57.884508865213164
32513,1.8149976567875044
32514,54.93494100576759
32515,37.684180070822435
32516,22.945656969638353
32517,13.848981225570782
32518,44.45578660965368
32519,12.81013947291278
32520,51.05000506538161
32521,69.5791290421343
32522,55.92901470780147
32523,18.900557036277014
32524,26.451535701556267
32525,53.013887591408306
32526,52.236244843046855
32527,10.593806367219614
32528,24.301987296453433
32529,56.387100583424285
32530,21.91917117623064
32531,56.675048874553795
32532,51.49398603170698
32533,24.139676828067568
32534,22.648719745088012
32535,55.15580371192315
32536,56.20467752076864
32537,29.123324348226227
32538,54.105973023005575
32539,41.75453889450441
32540,60.14159697099335
32541,54.7551458186109
32542,19.206753262529283
32543,60.066338343766944
32544,22.603951670139953
32545,26.798263163570887
32546,40.01532473626216
32547,45.337454775839475
32548,-1.4361777066864434
32549,19.967620636615234
32550,52.33283316795889
32551,51.350286969179265
32552,1.2739401894554803
32553,14.57550185808681
32554,39.065099638061184
32555,28.593859447333024
32556,7.8187271563385785
32557,34.10145349576451
32558,49.971353267527036
32559,24.003764185630196
32560,0.7875082783878398
32561,12.516708158769593
32562,20.409663525981294
32563,21.706008205046487
32564,9.37648723973306
32565,48.811000229984955
32566,52.355780769396524
32567,60.64839279028185
32568,21.357520465060297
32569,68.19908000567186
32570,45.57451507964709
32571,29.259521151976998
32572,39.34392958566768
32573,45.879511484504604
32574,40.31746324702413
32575,-1.0608217466384673
32576,55.02867763506356
32577,19.470720411124788
32578,70.23068142514803
32579,71.78560226702419
32580,62.99471045515814
32581,24.294148897615777
32582,19.818346995979
32583,21.044899301467584
32584,0.589919755096723
32585,64.66791220729283
32586,50.25148607455594
32587,37.08579223473906
32588,0.6008761656715436
32589,15.904656380657801
32590,47.24798763538158
32591,59.76769342953078
32592,25.18196131268528
32593,46.44326984439868
32594,55.84677841262088
32595,51.800275573147005
32596,50.80569603184531
32597,19.488931484248702
32598,25.598834902384787
32599,28.85107807848871
32600,0.2863067641604289
32601,44.417842703226086
32602,36.11998663593619
32603,38.07839562296929
32604,43.796596787599164
32605,53.4425664319085
32606,19.46092629221978
32607,54.64174576437613
32608,67.09387868557437
32609,58.68631847382312
32610,39.40873667968245
32611,33.922708395120324
32612,11.048443848635628
32613,69.9222313264074
32614,11.676131894524563
32615,55.614292012141036
32616,22.671450325683253
32617,28.222259605050606
32618,59.528088237464296
32619,0.5233013547271597
32620,9.922602837094985
32621,37.67054151111477
32622,10.570765824273796
32623,48.38168870336396
32624,70.02620288372745
32625,-0.611061229384589
32626,22.61636023480492
32627,57.23934926307966
32628,-0.45721076767702584
32629,21.733853587543315
32630,47.374398522123755
32631,24.059526376171636
32632,26.334537887946627
32633,24.216853811149043
32634,51.46969152193752
32635,0.7078485336941256
32636,55.04097398658792
32637,49.18863219874176
32638,38.4896471565953
32639,24.331797560466875
32640,1.360145954761645
32641,54.06478538244926
32642,65.87268483761409
32643,-0.035100367135086685
32644,40.60239615661606
32645,42.17665520774524
32646,36.50924531014954
32647,43.813000645215645
32648,0.3337236048787062
32649,-0.1225813245617502
32650,42.08582685243739
32651,51.58731966870822
32652,5.355113169462115
32653,55.304860161919244
32654,14.919294715970228
32655,2.054631919275792
32656,1.6350151329579603
32657,41.596060688163774
32658,61.526141186039624
32659,14.938312585857222
32660,65.61164793066087
32661,3.418256055402612
32662,61.82826495650846
32663,54.085119194456965
32664,45.143375218288945
32665,23.05774863404829
32666,51.838725896718515
32667,-1.183284142634001
32668,0.1496608983880634
32669,17.30407586236715
32670,2.3889002963496715
32671,36.166877886325636
32672,1.8829845823357871
32673,22.414229566052
32674,44.65843335649298
32675,53.68767042728399
32676,23.54722184586947
32677,61.38292608397289
32678,58.72991962436939
32679,56.35613167978828
32680,1.1955275654244986
32681,41.60982560834417
32682,2.195873604763012
32683,1.463652909945484
32684,49.01896650955677
32685,29.021027268980504
32686,0.1512336437740771
32687,15.366857067628786
32688,0.6413226608446081
32689,22.70845150655986
32690,28.26283573888798
32691,1.7268174464316992
32692,36.58727037712557
32693,35.408446822289655
32694,42.74572568887941
32695,58.434518069120664
32696,0.7382650208516637
32697,26.092511246549588
32698,27.585747959463408
32699,46.72838606803304
32700,51.998930847927646
32701,43.59822846940173
32702,55.71260279339748
32703,22.37882747968458
32704,27.799775679304076
32705,41.6771329802943
32706,47.22072078383446
32707,59.68118169113643
32708,54.77302538814052
32709,31.780657805966374
32710,50.22684886169272
32711,51.42676770319018
32712,3.922226063447095
32713,30.082170663135393
32714,45.401006879921326
32715,11.396797176979259
32716,12.160097862060812
32717,23.461799983468893
32718,47.4847246875988
32719,34.061320721216774
32720,57.204930510365955
32721,13.115414617824825
32722,45.476125469012494
32723,14.608711186542376
32724,48.753239439200726
32725,17.029102797423096
32726,22.51666946102854
32727,2.5128427512154197
32728,32.85694079666391
32729,43.328538947056224
32730,22.031963238090725
32731,64.64918810021277
32732,45.16584494977619
32733,25.928243941395078
32734,32.71876047666814
32735,53.97817883072562
32736,44.41171742389368
32737,4.223789660557902
32738,12.873624851294796
32739,31.506341182972523
32740,23.901683447951825
32741,1.4199422802403383
32742,40.912554112796315
32743,23.015176709010085
32744,73.61566792059338
32745,48.27109585641166
32746,56.42972108227036
32747,-0.038744666051542254
32748,22.888745684254637
32749,0.8216790060265069
32750,1.2274097727559266
32751,30.07795422768855
32752,24.343775303921312
32753,24.74957584099876
32754,51.99186315087648
32755,41.51215949955703
32756,63.75413543044941
32757,40.129827816632066
32758,40.114108256099044
32759,55.58659711247351
32760,51.26622309910278
32761,12.053893810588871
32762,51.40630568398597
32763,23.560888787612953
32764,15.942189458898504
32765,44.33430176349731
32766,48.34293087373042
32767,46.31048977092155
32768,45.76070257778494
32769,25.778024191361403
32770,-0.33939643663575225
32771,24.35722175280389
32772,22.59533381141641
32773,22.603440680259595
32774,43.353951534077936
32775,23.45960576561663
32776,46.33101254150013
32777,30.92361055123837
32778,33.643296042014285
32779,42.75015449233894
32780,64.35032235523727
32781,49.68670424746615
32782,1.5417172659165495
32783,47.312218065093894
32784,14.260815848947512
32785,22.509591861235254
32786,41.660707486545334
32787,4.090448915189064
32788,53.228914928859325
32789,49.38976364849552
32790,8.34339246903901
32791,23.38026175942321
32792,36.32895404486368
32793,42.15040121178608
32794,56.976518966778954
32795,45.79762487781022
32796,46.9557433981734
32797,47.44576654457798
32798,11.472171284236527
32799,27.693629693302213
32800,54.76118055747652
32801,-0.34996247326357377
32802,34.371047444042155
32803,37.79548405682528
32804,10.4367450064981
32805,-0.057621836675572524
32806,46.49333697951901
32807,20.908486673409087
32808,54.91074752672304
32809,50.15468847978306
32810,63.399564185288625
32811,-0.44601667953700996
32812,40.46907040024688
32813,0.41661068436906845
32814,54.36016303642617
32815,27.234324180189688
32816,23.819669664201406
32817,62.09732235920836
32818,29.53442830511018
32819,1.46646423449452
32820,49.491113762674146
32821,36.0328408094957
32822,43.04909695382834
32823,23.279043525780708
32824,60.402571997466
32825,43.706386652411574
32826,0.6491004012928201
32827,56.433553128349686
32828,52.348691250950345
32829,24.11831462010706
32830,34.781391783386184
32831,31.992577803734765
32832,17.630312499248923
32833,0.16101726905917957
32834,54.24698494427403
32835,2.258433428819327
32836,1.93399921605889
32837,67.22570091240712
32838,14.266889915824002
32839,59.49586944783958
32840,54.644630453433734
32841,27.587400779760607
32842,46.817012947329864
32843,47.94275235333302
32844,66.68652967560898
32845,0.7864141911608726
32846,2.4216586922937076
32847,52.37886594494922
32848,0.5015820807084381
32849,21.00050472478775
32850,31.890747054021002
32851,23.621114370744213
32852,0.7209691719834126
32853,6.071595806422216
32854,59.69895852073721
32855,54.45812541411368
32856,5.8165070782162545
32857,19.027539635959187
32858,23.474170908103652
32859,5.735375274855823
32860,33.76203144369325
32861,36.43789015819445
32862,57.62561898459772
32863,60.06537673673275
32864,23.684242376393282
32865,61.462725182421906
32866,55.56721728124863
32867,25.460165973256174
32868,49.203855093942956
32869,43.39117074702643
32870,40.51202594248298
32871,-0.456152759214028
32872,17.75651522511578
32873,39.86963606716071
32874,59.73000806114524
32875,18.857266409603483
32876,39.06573211755552
32877,49.17391813050388
32878,4.821684449100935
32879,25.752052607696097
32880,48.60377856447532
32881,46.136846841931295
32882,35.143085219383934
32883,27.048991596201546
32884,49.41275241251115
32885,19.1014894928632
32886,31.648583192111158
32887,50.80003151192651
32888,54.65474524569905
32889,48.99776662132405
32890,55.46644189827694
32891,32.160903849558245
32892,54.01396531863476
32893,59.185488476731834
32894,61.467628266342366
32895,-0.902241038720554
32896,68.91240587555549
32897,32.62170251180059
32898,31.507202588163576
32899,27.397379450902196
32900,44.104909917670284
32901,23.96945351694921
32902,29.805545875997886
32903,42.841961782353955
32904,0.6405424688035879
32905,47.927422909967284
32906,4.953309948647529
32907,30.729928166892567
32908,42.414717069543855
32909,42.6351740647837
32910,23.03830819153037
32911,42.26807143881083
32912,27.870876408641635
32913,18.418683394044397
32914,30.575367171801798
32915,-1.007680187838453
32916,43.038736710913234
32917,45.76096031206659
32918,10.486553839015635
32919,29.317357559063254
32920,42.86253169757349
32921,20.64967774897459
32922,37.61288379546312
32923,21.72100782204705
32924,44.84098226958732
32925,-0.8365184555565719
32926,64.71055313402157
32927,50.65444231835647
32928,16.28485831510471
32929,53.54452047523799
32930,64.70789957049068
32931,61.0421936990626
32932,6.306664968517204
32933,42.367298736740764
32934,14.552844960567377
32935,22.96670437193101
32936,62.9843132035243
32937,1.0970752047991468
32938,55.641321141327104
32939,1.0970856182615805
32940,44.524287473150025
32941,50.346372544026565
32942,0.9786278347087745
32943,18.925683194534148
32944,26.758023221385315
32945,23.932514128084343
32946,37.44105319019683
32947,14.564363419498157
32948,30.098124095596418
32949,66.02674416197033
32950,31.59246485153037
32951,-0.4111988942970015
32952,36.806621274848396
32953,36.18485267309561
32954,65.72283980876438
32955,53.482627675405375
32956,48.51492268307082
32957,49.46033484833748
32958,46.50373638858632
32959,40.60968654288919
32960,49.79668414759672
32961,-0.27551403908911
32962,46.99912800958433
32963,-0.7867298453751346
32964,43.240467194164424
32965,46.3937887063142
32966,47.87288922537964
32967,0.19883900003880228
32968,-1.0048971883840068
32969,52.27522694108521
32970,44.52216071665397
32971,50.409953716215796
32972,49.28808726528189
32973,24.495555270546507
32974,50.30321994214925
32975,68.27444248101811
32976,0.283257123911298
32977,6.7953631591396615
32978,0.669649727582069
32979,31.20208501922327
32980,24.033855543206563
32981,57.19681421126409
32982,21.332220831284847
32983,39.34933964906887
32984,52.49532756239461
32985,4.42732445889952
32986,42.53645160157204
32987,11.565824356490584
32988,54.53869351804915
32989,59.25332401070705
32990,48.59186471542988
32991,44.791956482613784
32992,-1.1823375723968113
32993,52.39580360364024
32994,15.024146472887821
32995,67.26715357626243
32996,30.596981145856546
32997,15.085390963223347
32998,31.00989412840314
32999,40.16254949048008
33000,56.141914813448906
33001,18.033770818502443
33002,32.950334433362634
33003,4.478693905169724
33004,50.75961441848623
33005,57.805647763664126
33006,25.60567506847081
33007,18.613259566779703
33008,27.45702487021213
33009,41.90263461306511
33010,57.980610404191395
33011,27.3951591182981
33012,25.414953757987284
33013,45.286330512793946
33014,33.266857081889576
33015,42.550114405444575
33016,43.41706808460917
33017,-0.5428964275526695
33018,18.7009447386262
33019,17.801250565833044
33020,-0.7929511604585429
33021,0.8256982956080208
33022,61.57430856368141
33023,45.834561252043926
33024,45.64664472930291
33025,15.46669439378189
33026,1.1621682365339936
33027,40.00935250464508
33028,11.17370240389581
33029,66.65052577032604
33030,56.67703931102423
33031,37.74785500290744
33032,0.1982910292452047
33033,0.6797000580166781
33034,46.74915315604762
33035,44.492439010162684
33036,2.9796420107170363
33037,55.35652376221552
33038,24.527321429411863
33039,23.951857656755713
33040,27.457046350651204
33041,23.930945701668687
33042,21.450904674793595
33043,53.799962615718464
33044,16.540924519416663
33045,24.499654981934924
33046,25.311481185970628
33047,-0.6683399853685401
33048,10.14476514096648
33049,23.12093019325571
33050,66.62473023628309
33051,42.47206196625358
33052,24.83514179166511
33053,31.72616156584607
33054,52.60586785899254
33055,44.85805505924077
33056,17.025627569452602
33057,32.66545559713916
33058,12.412694717894748
33059,21.083116911322776
33060,0.7492773189956736
33061,11.455400078636224
33062,44.78997367823344
33063,44.962892103689306
33064,1.6138690729639293
33065,23.84286795931104
33066,24.883832546113652
33067,21.403064568847846
33068,53.43380954163651
33069,34.96852241595276
33070,74.2641276118185
33071,15.061033257881313
33072,68.1091433881716
33073,57.33109294336894
33074,0.508479829362841
33075,15.310130070508325
33076,1.552566420657648
33077,48.83737852180893
33078,57.98228834931015
33079,27.719853312017545
33080,24.47302166120475
33081,35.3445589808693
33082,57.31757391293384
33083,0.44938975323155006
33084,40.299422122056825
33085,41.849283933915956
33086,27.613186318083393
33087,52.99860107935735
33088,48.13195984363758
33089,49.265464169598275
33090,50.386759849164875
33091,27.67250972477099
33092,0.29447886788801725
33093,12.319094790548164
33094,28.45177230773738
33095,23.089720250885883
33096,35.185569227528035
33097,43.05394038349888
33098,41.080143107516015
33099,9.944884686561792
33100,50.44954893161629
33101,61.6175501331286
33102,53.485968868183505
33103,54.31079766818763
33104,-0.23046560387205517
33105,54.7082271137411
33106,30.69800235754339
33107,54.106146302626456
33108,46.31407264004299
33109,57.37193888488076
33110,48.310573254731764
33111,63.91202312757824
33112,39.34530556209555
33113,48.988109916989245
33114,51.00349084413428
33115,38.625257107303284
33116,4.220977159143125
33117,3.090016637417939
33118,46.235648524685836
33119,0.1393765205286286
33120,40.463225445493755
33121,0.8841115609235644
33122,20.783868234785373
33123,-0.5253525763245435
33124,1.286797042676369
33125,24.232190743475968
33126,21.00475197925877
33127,62.233252363978025
33128,38.76405619291612
33129,52.352995779917734
33130,45.30405447140398
33131,42.59886115624908
33132,16.376791508743135
33133,6.043400726087725
33134,67.13753060951834
33135,1.0988053237431714
33136,19.227686796346834
33137,53.637494857066685
33138,51.859146386847605
33139,49.190469577905745
33140,3.7713524300746357
33141,21.399233067863424
33142,27.68614116010341
33143,31.022062426900195
33144,66.3277744608991
33145,15.266329104149975
33146,20.102554180290273
33147,27.755843629128
33148,2.8745035513162946
33149,53.85657622234855
33150,26.315453948766454
33151,1.3439381698289559
33152,60.990102306302674
33153,52.3790243264628
33154,64.5867942901568
33155,24.48661872720245
33156,31.368541549053386
33157,57.73583989131831
33158,29.992982066879456
33159,2.014618356996575
33160,47.094996713030355
33161,0.7622320213615836
33162,39.2126724541399
33163,44.14092498635819
33164,59.340581491408656
33165,8.367193673804543
33166,45.92258312119732
33167,40.21093519533266
33168,56.41406463093209
33169,14.556430446889625
33170,-0.10478318068850712
33171,29.818882915339884
33172,60.37786978911248
33173,69.24382616134554
33174,48.84469164535326
33175,53.852696904020206
33176,13.603159916133457
33177,39.20064106941983
33178,70.90762389833955
33179,46.664797908371696
33180,-0.7306063596524766
33181,0.056834380806314755
33182,35.41602195401865
33183,17.53691977403271
33184,4.453765115301035
33185,42.90982470962847
33186,51.697408557697585
33187,52.52718654778045
33188,46.22161438377457
33189,44.53835732400531
33190,32.78602739957233
33191,49.08588624599076
33192,45.11282980362439
33193,55.885804950885245
33194,4.247047719584966
33195,41.32623883440288
33196,2.5138694592861093
33197,42.425613316366395
33198,-0.3506379525631971
33199,68.27530981060292
33200,-0.11878395683449128
33201,61.65905731696692
33202,13.522207957097038
33203,24.64044652893419
33204,35.42666718299567
33205,60.994829437100314
33206,12.662815255245068
33207,26.196370413469353
33208,4.149416887997894
33209,22.753575601403497
33210,61.76164823723136
33211,38.98030928903861
33212,28.72403531373091
33213,14.112808739954449
33214,72.27119671584303
33215,20.702535506507054
33216,49.43893904463925
33217,40.687625553256844
33218,46.13082441889601
33219,4.748188444317112
33220,7.498723259341563
33221,23.05666672200941
33222,1.5930250261110999
33223,21.729617791651826
33224,63.85034463698829
33225,72.03087782604405
33226,48.14765171251395
33227,59.84485002201937
33228,47.327063399876046
33229,20.857796976565453
33230,26.339657096725343
33231,59.62234303298822
33232,44.40201292996176
33233,26.759337653748503
33234,-0.640628491217285
33235,11.757746326808153
33236,43.86325936814755
33237,55.98873113426402
33238,39.20813651867509
33239,25.891867978640896
33240,66.28756724184731
33241,43.30519332817735
33242,8.511255499685419
33243,53.368617755958525
33244,28.18693170348951
33245,58.8478487908355
33246,0.7594349178347883
33247,51.42409538248318
33248,41.11917784378027
33249,46.441990792795494
33250,53.037712834276086
33251,49.09812784068821
33252,37.020810714794465
33253,22.96483236613756
33254,33.26475036448995
33255,24.46084937712041
33256,54.3334472993301
33257,41.48293057939726
33258,27.65875458981676
33259,39.859995207455164
33260,43.33026183207088
33261,4.546327884409937
33262,55.46221040269237
33263,53.556154505469124
33264,48.19371267924539
33265,47.44578263429775
33266,41.32545019191312
33267,0.027910439534309717
33268,58.127461014097925
33269,33.677149422537
33270,7.933386474975492
33271,16.38560555779308
33272,40.315692760996505
33273,31.30347391574016
33274,60.88223744417729
33275,38.789950046284744
33276,47.22278644616323
33277,14.486227277624337
33278,44.67569877704377
33279,19.720057118195577
33280,2.8639525444562786
33281,-0.9865981270831057
33282,49.3356002562998
33283,1.1125682532272947
33284,46.395852050948655
33285,65.69758667307592
33286,37.27012128340126
33287,26.75504030458537
33288,2.946690545917484
33289,45.020703600560275
33290,13.286366288646445
33291,69.01344822317441
33292,50.507823276445535
33293,24.509287012808073
33294,28.542460857054586
33295,44.123483376464726
33296,50.9872998612025
33297,26.686013914999588
33298,50.58424323247889
33299,26.33047052039454
33300,39.92646061988409
33301,2.024846693445763
33302,43.124491401620396
33303,57.64163381964117
33304,37.06502431452129
33305,53.375564199606146
33306,16.08128910373516
33307,43.576047386272734
33308,8.53595662402541
33309,12.076076742667656
33310,0.8318028623501021
33311,25.079136548369636
33312,9.42738886542175
33313,-7.1267907172569025
33314,50.714698877661846
33315,44.298394339589464
33316,24.705371059594622
33317,3.5076107180266938
33318,49.536563942924055
33319,31.667501401828307
33320,52.5327335633687
33321,17.149410303772772
33322,29.9186816458701
33323,18.774794084638188
33324,45.37010712528466
33325,21.05166905483189
33326,0.44406021646221916
33327,50.25275801900734
33328,22.311322384902557
33329,21.09368802877166
33330,-0.49347115152468746
33331,24.227125748608945
33332,37.89682604927583
33333,5.201772361280224
33334,45.88312327470044
33335,21.808280220685326
33336,23.12942115988141
33337,29.85356477984515
33338,29.38306898381328
33339,20.514485164145704
33340,29.271271074052642
33341,35.33650677595579
33342,53.05528627245375
33343,14.378131215744137
33344,38.82739822053255
33345,57.37972206429136
33346,44.713489382901
33347,52.88171314593605
33348,53.237994554471236
33349,17.980459116610856
33350,20.229082484600497
33351,7.074923602352001
33352,52.39422018840129
33353,1.877431486004351
33354,15.537624329332477
33355,42.85883117563344
33356,47.18729136368677
33357,21.507092516168925
33358,25.079582342496536
33359,41.792990438928
33360,50.24840398395496
33361,45.44688319419298
33362,44.38687974471365
33363,5.642239781254169
33364,34.512375728684546
33365,22.031626137870887
33366,35.53034748754043
33367,28.61490641635016
33368,64.37536362186748
33369,40.68368356811943
33370,38.65580807301129
33371,24.80285096147046
33372,44.66091845411494
33373,25.077677740587916
33374,49.19039464060449
33375,36.68152274738955
33376,5.161037041162068
33377,13.894534015668746
33378,6.05910129913951
33379,21.138472591807073
33380,43.321268187076015
33381,23.47909265757424
33382,27.968715929722443
33383,42.808663217869416
33384,45.13022979633964
33385,70.55656390326163
33386,22.316531773033866
33387,30.500476900748026
33388,55.646292411379875
33389,43.41715804449595
33390,27.452860959946033
33391,-0.013095454709748822
33392,0.12938469594681123
33393,34.34734697635518
33394,23.050503361936457
33395,16.868322937391156
33396,0.9639230357593789
33397,46.82606396450951
33398,51.67189238114692
33399,0.5341975067760885
33400,27.81150020386788
33401,64.06267175890852
33402,54.7025868524655
33403,58.70255443468839
33404,56.42838872477502
33405,60.83027057726689
33406,58.14170244582323
33407,35.4567843224127
33408,63.149075158342356
33409,44.29975435866994
33410,43.43471046758729
33411,47.29248611714621
33412,1.4005695233954114
33413,16.881093605275268
33414,21.050574181897794
33415,54.069517969962654
33416,40.859178951640146
33417,47.61450062274213
33418,1.315691034508088
33419,52.86244212460038
33420,41.67118993307662
33421,65.12396180980282
33422,47.932390915170124
33423,21.16649586346505
33424,-3.6088451006131024
33425,16.2098806398634
33426,32.78452542358685
33427,79.81184492442716
33428,-1.1546501570966896
33429,36.93715608207505
33430,29.616589711855198
33431,46.02522196257776
33432,25.700077832857872
33433,37.603963790670946
33434,63.0641821573133
33435,11.27315460723867
33436,36.221238613940294
33437,55.91540574821236
33438,44.43623100331605
33439,-0.15117228608830402
33440,29.475225484000607
33441,34.57853843554324
33442,0.48670922496840774
33443,44.67543952633919
33444,14.638783946048616
33445,49.63432174432192
33446,27.032770103276995
33447,44.01949922276072
33448,26.35916941426173
33449,47.62293890179295
33450,44.372480594792464
33451,49.94183869056205
33452,43.05420432108653
33453,50.653598914160234
33454,50.59852769422109
33455,-0.18986966648590453
33456,28.50227426442064
33457,57.032588711680006
33458,1.062781842231871
33459,47.56072353272658
33460,55.626570868388555
33461,49.5131306631401
33462,24.668188646884424
33463,40.11404779372825
33464,0.4083903460737872
33465,42.59733839558525
33466,62.62400330911335
33467,31.380995648083193
33468,55.217526718493275
33469,73.17943073286048
33470,41.08357597019801
33471,49.84881271099434
33472,59.792051822475585
33473,26.297493451923238
33474,39.970435758930535
33475,16.319615976228896
33476,8.630834100088627
33477,54.94138212745952
33478,21.95037308711218
33479,60.878778356659375
33480,38.370339773189755
33481,43.4020272161262
33482,50.60276146935942
33483,45.53065982983219
33484,47.318970233553046
33485,60.57350759587699
33486,42.46294555289113
33487,61.51848304351513
33488,11.929664839662497
33489,0.46243169762674086
33490,24.45446541786402
33491,41.75027358672915
33492,31.57441455800806
33493,37.91990960646359
33494,40.74336826324079
33495,-2.7821289191810195
33496,66.25312754898052
33497,41.6160118795188
33498,44.74053602268192
33499,62.35325595500963
33500,60.44010416721112
33501,47.83567771800495
33502,44.60584585498076
33503,49.20991470966149
33504,-1.6985382735950196
33505,19.538673032903468
33506,-0.48330067052489767
33507,14.500554674600913
33508,27.580409309597798
33509,32.47988905001684
33510,49.314500431905
33511,35.16541780937782
33512,50.67333719972997
33513,52.83188596286968
33514,44.52155719012418
33515,45.20308796167509
33516,27.574662054945957
33517,0.983785942286211
33518,18.707550545554415
33519,0.2709443141696397
33520,55.843304455092095
33521,61.59617391830652
33522,38.64029141069859
33523,13.667633091298352
33524,49.26318949854197
33525,21.179183381650958
33526,49.64660419989121
33527,20.394018152991837
33528,44.11305692967511
33529,10.85403812657039
33530,25.032681340711996
33531,51.16190886334641
33532,23.13999408136649
33533,64.96109298157518
33534,24.502216918200595
33535,37.26080853699063
33536,40.34158779451118
33537,45.30171215829014
33538,11.721724232735326
33539,20.650966326598716
33540,65.41381374141184
33541,42.63259820006417
33542,52.6195742384068
33543,39.05560054678575
33544,-1.1479261626864954
33545,3.1272429961785306
33546,21.585386439143154
33547,23.262920561264583
33548,48.75030206806703
33549,11.06022587415163
33550,49.67400187475326
33551,14.798552918449122
33552,61.601070550007215
33553,20.42641816680143
33554,47.23006618496993
33555,50.46997549901151
33556,24.47050062124648
33557,28.062196291799665
33558,32.907255663343825
33559,25.223345996762507
33560,40.98850823733841
33561,46.245160129251154
33562,3.954126870453546
33563,49.427593086299034
33564,32.169435508175916
33565,46.601420413507874
33566,50.5965606159335
33567,4.4962217420099115
33568,44.50171552966116
33569,64.95369178901433
33570,41.33977738644963
33571,27.39645095872926
33572,57.62672244620512
33573,41.633483715346195
33574,48.79943840912974
33575,43.62369373914738
33576,51.13988794380825
33577,47.93400863140269
33578,24.19833961589685
33579,40.45009016324332
33580,18.469623211535584
33581,25.590678822176677
33582,-1.4348710985454716
33583,48.13427387249144
33584,34.4924444806853
33585,41.14674304934913
33586,50.640522794114375
33587,12.970833343701308
33588,39.858732601367926
33589,2.4522864996028666
33590,10.53041820607287
33591,20.948500977734447
33592,23.388306233408436
33593,31.778530936032762
33594,35.709586440172544
33595,42.94070669376592
33596,14.992920654198965
33597,57.20668477867579
33598,51.00084510195674
33599,-2.132560657694114
33600,42.14625727721608
33601,27.80488149245377
33602,47.949822370903135
33603,28.445178824753906
33604,44.368427832868335
33605,16.00485325984512
33606,49.56952715800338
33607,26.42625298557201
33608,59.75560875573086
33609,42.696386308316434
33610,48.08990005105576
33611,1.9459190781507374
33612,44.92733690145458
33613,50.94662927087111
33614,40.68836140926355
33615,49.526915188200235
33616,58.278565579679665
33617,31.15053527305927
33618,29.710457378767977
33619,29.166922581471958
33620,-1.476976631550997
33621,41.83460054180763
33622,7.830051411668364
33623,42.07020249864103
33624,52.501557975219235
33625,4.599153307965107
33626,52.35253302104171
33627,31.5707041436627
33628,0.5446165080142222
33629,42.961246384788886
33630,-0.08463474522768877
33631,50.817648349357455
33632,30.564881819269857
33633,22.761795389125403
33634,19.59675912683445
33635,47.2450984705176
33636,26.75179335431977
33637,53.39205611038827
33638,51.15881931029246
33639,20.92195514543194
33640,59.789222305682344
33641,39.27928237578895
33642,19.49373299948013
33643,20.275753159698993
33644,50.32885401697851
33645,35.04124454594911
33646,3.980333951886248
33647,11.822279238176655
33648,36.62707929517742
33649,54.712606589208484
33650,42.13096941469745
33651,2.35770220386204
33652,21.006027314699146
33653,0.049492132400800415
33654,15.704730515177328
33655,46.11570213115834
33656,1.2500011176539658
33657,1.1552303035793159
33658,34.261958825706195
33659,-2.9482482371644423
33660,24.396922814039602
33661,45.71000485957974
33662,64.09264970784392
33663,14.101599436914018
33664,20.669136823290206
33665,43.091590552434695
33666,38.34679523365255
33667,50.662758269319156
33668,25.314625331711607
33669,27.824128997734405
33670,21.48842985457825
33671,47.65304234561056
33672,35.492940819289636
33673,65.55492310372358
33674,6.800940597306511
33675,0.26571988513430256
33676,44.19670531297089
33677,30.167792649948566
33678,44.19956526339879
33679,49.73441004769325
33680,27.804272211341335
33681,44.13228665875969
33682,39.13231349335996
33683,59.60720107283207
33684,44.90704598937153
33685,1.4309264821425138
33686,50.07017619716727
33687,45.23194452097076
33688,35.68803793654248
33689,56.382155918050984
33690,61.38190763262233
33691,40.88819143674716
33692,50.21945633822452
33693,53.18937328875048
33694,43.41581723281924
33695,39.602084619522635
33696,0.26300833930596923
33697,23.949507270764926
33698,7.1215006230097835
33699,21.688999764454483
33700,22.915154214382163
33701,24.543548677091906
33702,25.852599597446343
33703,31.155999089876957
33704,58.227972496762725
33705,19.153817743184817
33706,21.62106961857357
33707,27.103783245916105
33708,49.79310108576118
33709,37.82654830041893
33710,38.938133560221075
33711,7.4672459727513605
33712,46.69746844158436
33713,13.812552872029897
33714,50.199606488798295
33715,44.54599789099901
33716,15.286247025291463
33717,31.164286056759348
33718,52.300111255362864
33719,42.00265662683339
33720,6.197765666002908
33721,22.061901746513154
33722,36.05261403612763
33723,21.659378298965713
33724,1.1798695686454224
33725,45.83083840763788
33726,24.17332034657714
33727,-0.1815679640739063
33728,65.7790175122534
33729,64.64041021056872
33730,52.39702443197304
33731,47.82847123854492
33732,48.558397862704744
33733,65.4292155295494
33734,23.324501262935666
33735,36.924352095592326
33736,42.89630030494311
33737,52.76083605248562
33738,66.59067101204917
33739,54.46033154452205
33740,-0.17937824028043536
33741,57.20286411948379
33742,-0.632499030580469
33743,64.98575822694801
33744,40.969096348106106
33745,0.8203229618964727
33746,15.167397334809092
33747,38.02366617556786
33748,34.54923011047311
33749,58.98014299607662
33750,30.022366525944253
33751,45.41733907344245
33752,47.57836966410268
33753,42.435689599702606
33754,1.1619063218829595
33755,49.64698270017949
33756,67.54776318263957
33757,43.5324158257996
33758,7.715898932215538
33759,51.351546084745905
33760,61.966603450553265
33761,41.97516903484866
33762,19.788486689585845
33763,40.07864246144969
33764,48.12318750278748
33765,11.985938143049577
33766,47.46318308289259
33767,48.126598335003784
33768,35.322349212053496
33769,69.28659547364472
33770,47.455574457335416
33771,40.42522388569008
33772,7.648403882891074
33773,8.792490561774674
33774,47.149749161274734
33775,50.507554665930265
33776,36.127908152500446
33777,32.646688554723454
33778,47.46570639066734
33779,52.609588574976065
33780,58.336715291465836
33781,1.4265114991770993
33782,41.70760730996184
33783,11.091560573395622
33784,8.71228091527735
33785,23.041103663295438
33786,68.25492765092943
33787,51.28653381440144
33788,38.90930234569235
33789,2.349646741910991
33790,0.2670128460552377
33791,26.87485282700098
33792,1.5741664703824263
33793,59.313580297345624
33794,68.05907295699714
33795,22.651712783930698
33796,0.5427515970361867
33797,61.02475012728725
33798,29.486864531229916
33799,48.15402502493758
33800,42.87391777035181
33801,49.60734917166482
33802,15.149906053995661
33803,51.95658014239679
33804,27.344912224489665
33805,47.67828836116284
33806,40.43348418762159
33807,21.141723742747992
33808,39.168229352517805
33809,61.11012457782385
33810,22.895453357179747
33811,25.855284379466138
33812,37.44857366280595
33813,-0.9622091280076006
33814,9.311624264469046
33815,41.762361170113984
33816,27.3268461797136
33817,37.27218075094467
33818,0.21194087535280914
33819,0.2638275452205221
33820,41.162284692569955
33821,16.518309531404547
33822,-1.315674627372708
33823,45.63447005804949
33824,0.9199991416857358
33825,28.750130425322578
33826,25.483063949571996
33827,12.831134479456981
33828,69.24723597203553
33829,46.85682460435302
33830,46.55814791885955
33831,46.05544148915325
33832,47.30078636688722
33833,13.128166420917694
33834,19.066061931329997
33835,49.23778729542657
33836,47.44582193953303
33837,57.1869476134401
33838,22.42447639755151
33839,28.391867072014705
33840,13.638579369868946
33841,13.353737372618653
33842,25.378597045924696
33843,32.204480178748916
33844,-2.016051656156648
33845,28.4203159900378
33846,42.923716970009515
33847,30.471536869295356
33848,2.1497201116908613
33849,0.670657060080579
33850,43.78244104755783
33851,75.94298450265066
33852,53.734214085357294
33853,48.55573983139301
33854,29.74931291498234
33855,43.69697352272694
33856,32.78124378590323
33857,22.58096007762838
33858,39.811595248615944
33859,46.88394551810761
33860,40.51216929414002
33861,3.336305887893179
33862,52.661620046851375
33863,-0.10182066421259606
33864,56.279790907153185
33865,46.9063224373942
33866,20.9099526285589
33867,44.726066730414686
33868,42.00848738009246
33869,46.538143470531956
33870,62.96483501859645
33871,48.19597908150294
33872,37.64488795135187
33873,0.8430970611028314
33874,25.332165871169224
33875,56.38484766018029
33876,20.35986961109658
33877,25.971951083280143
33878,42.22318289402804
33879,49.983048283395064
33880,41.80957777444491
33881,46.10132573718711
33882,24.639492140321057
33883,50.17776320727607
33884,42.85608784353724
33885,41.230633824550395
33886,53.187098645114716
33887,48.26624836414868
33888,0.07432216158060356
33889,44.21562720729011
33890,42.27166808040437
33891,1.1194040125109908
33892,49.7447455285096
33893,2.137432178671631
33894,41.62537093216902
33895,21.10523998820434
33896,47.68437084166811
33897,52.540864286247
33898,48.97581646191406
33899,54.32118049636268
33900,-0.7039907451174088
33901,5.219380837155832
33902,41.3119817477351
33903,58.44074981116101
33904,66.05895673006717
33905,59.75830977585494
33906,25.336816420017364
33907,62.81334285773346
33908,38.96249907853931
33909,46.237998141159295
33910,27.082130527147402
33911,44.24815863765834
33912,53.798948375262384
33913,52.70206501872911
33914,31.678179113282358
33915,25.585033864168523
33916,42.48481260679739
33917,26.70083020916012
33918,3.0966957449624353
33919,54.85319342133113
33920,52.13207203450958
33921,2.9694099489137393
33922,49.21668449187002
33923,0.5032903819669059
33924,8.537732661451855
33925,39.56487980375813
33926,69.92794187694832
33927,29.105940511345054
33928,38.15809823567213
33929,1.7793611403130463
33930,51.67463533784195
33931,2.3583029568326026
33932,29.072819197803664
33933,33.8023121908432
33934,22.53352311047883
33935,41.883831241416146
33936,21.333152229841026
33937,57.45352333879245
33938,25.4047284479536
33939,47.40705493983137
33940,41.47322542828624
33941,25.362109896199236
33942,71.5009058213877
33943,26.37698823351673
33944,49.15826331169854
33945,37.797077857116065
33946,47.01696728049139
33947,61.591731256035246
33948,51.28712001866106
33949,26.965603798274326
33950,43.93257001441363
33951,49.668266088078596
33952,0.15150053809964703
33953,15.802886781694536
33954,47.78631353522607
33955,53.893843730100684
33956,21.72754775984837
33957,44.383440286617386
33958,23.82966927391442
33959,1.5239313829161283
33960,25.251382832656965
33961,16.63931061041309
33962,13.50273806410732
33963,18.723505813903735
33964,2.623818547581731
33965,32.76645666142917
33966,23.132391495817366
33967,24.798442664720014
33968,59.31423589554574
33969,20.06708778011606
33970,34.323967882560815
33971,20.715531571102183
33972,64.96589086141564
33973,33.570370611844865
33974,46.18972757035501
33975,54.76665723303542
33976,46.37367653903405
33977,58.366415936466225
33978,0.9293994596282644
33979,0.5421711184598834
33980,7.186363795535286
33981,40.381138469289446
33982,36.96993649334358
33983,44.081613458185394
33984,-0.27826092549732806
33985,55.93361749426002
33986,21.956326184341997
33987,57.21585245221223
33988,40.99861413617034
33989,27.746903834500348
33990,44.305176077304274
33991,48.35929382391006
33992,50.43672028101878
33993,31.187434697261644
33994,40.993557829086924
33995,14.30640936747287
33996,46.956582585175674
33997,1.792031073830831
33998,16.4182206079398
33999,52.09485288305038
34000,35.8112266165913
34001,42.59012961747414
34002,50.854583832638596
34003,40.12970156486752
34004,52.19522094515962
34005,52.59954470999424
34006,35.52660291962149
34007,49.74013159541603
34008,0.7181658651592215
34009,1.548676086984763
34010,-3.6376339595854716
34011,62.83813494541293
34012,41.58782195962177
34013,43.24498221798213
34014,26.156359410425786
34015,57.77423284962476
34016,57.50981002887842
34017,24.905081149713407
34018,43.07591582707003
34019,2.522519335698199
34020,55.97164507630332
34021,15.900126610938507
34022,50.95463398268031
34023,12.437647040664135
34024,52.92718436034412
34025,0.1306997965131984
34026,48.00821011602982
34027,50.10288139568989
34028,31.027901441945456
34029,33.17863432162572
34030,46.53270988446854
34031,36.28121846809933
34032,37.35027185169363
34033,30.77560174553338
34034,48.502874495488186
34035,50.0612178726251
34036,50.64300260966629
34037,30.51448345016422
34038,56.51004463723677
34039,51.391363274448885
34040,21.906386021472848
34041,58.39397744073395
34042,47.23982893099543
34043,16.785854801398376
34044,59.211892938653165
34045,17.678282509114005
34046,23.899706883323045
34047,24.954108836685855
34048,1.5596902060809867
34049,39.384427788920334
34050,0.04406940600971154
34051,32.898711089654554
34052,44.738858036020474
34053,36.059463579303326
34054,14.65041396441752
34055,27.772732971476053
34056,24.999128772027074
34057,19.221392802178926
34058,49.185391992678596
34059,20.782766388719853
34060,56.95631823187284
34061,-1.1632144752433433
34062,3.2131904486822336
34063,21.677044957521368
34064,41.83422634800913
34065,-0.07838670903129241
34066,21.720644971778523
34067,10.988814193722611
34068,20.419659469721054
34069,36.35269749476889
34070,34.75434111419735
34071,53.10062340266266
34072,0.5269910588105304
34073,42.89374423969222
34074,76.08451462750044
34075,20.66559787395277
34076,26.604148883777277
34077,0.42415174401493516
34078,0.7056339026305736
34079,38.1008344009085
34080,20.59213145334993
34081,30.221074070833748
34082,1.7979868956617153
34083,48.362311485202206
34084,47.23836988835907
34085,64.78339600895572
34086,31.309431399286897
34087,61.328012769707996
34088,49.18124316249605
34089,57.655844690966376
34090,32.17315797600843
34091,20.32093754923295
34092,2.9905008584537995
34093,43.71653116276228
34094,15.559189858092129
34095,30.990136198799437
34096,36.28669594705131
34097,23.905606562958017
34098,11.097016261752927
34099,23.572476433876297
34100,49.99742473028688
34101,45.29581445826399
34102,-0.3435184869293124
34103,55.18375650948283
34104,1.7516296661311301
34105,-0.03855312952701695
34106,19.4629062770941
34107,36.358988389903296
34108,1.150584591051441
34109,30.326553396706036
34110,52.922577106566436
34111,-1.9319594769772053
34112,44.0566209991266
34113,48.39958788891275
34114,25.312806785138665
34115,65.5973062851618
34116,34.718902814447475
34117,36.02050888486749
34118,-0.7576405490879594
34119,28.54562402666638
34120,37.8305656320298
34121,41.2102627976868
34122,52.168413107626165
34123,87.35380722286396
34124,52.94670440668999
34125,48.39221703665215
34126,68.02449900916551
34127,43.51213891519299
34128,56.519668235736134
34129,2.2276851493896714
34130,36.835316332118204
34131,54.087274675040334
34132,47.01954280426773
34133,53.64105975849836
34134,47.871713457231486
34135,57.31066946438654
34136,25.686355649756784
34137,53.59067780886081
34138,44.128647532951014
34139,22.207951211360992
34140,28.565555478534154
34141,12.067848783541095
34142,-0.23606706502805963
34143,44.41187301875682
34144,1.2954114491674673
34145,46.19918897353929
34146,1.0077443216553021
34147,43.34976695388873
34148,42.15106480807246
34149,51.37664554479899
34150,35.469950324915544
34151,41.13841050115616
34152,33.53480810693201
34153,21.670507599229076
34154,47.012250040566414
34155,2.52945991372372
34156,17.972361461421755
34157,47.68643448319514
34158,38.758163282660234
34159,-1.1611995775146084
34160,63.4377087507259
34161,51.01447736282766
34162,0.44774813834981586
34163,40.10585859053319
34164,34.52896583115139
34165,42.8868658652245
34166,27.729248246622024
34167,1.2086446044349515
34168,0.7038469587578433
34169,26.889041209427536
34170,9.807578323889818
34171,43.06886324791524
34172,55.48222916890806
34173,2.1209263186855054
34174,41.87302589686675
34175,48.42150477987285
34176,12.991893204358018
34177,4.330990808518827
34178,15.389555452852
34179,26.75673799492996
34180,70.75809821623997
34181,14.671056878011122
34182,0.02794982467193563
34183,0.03169747472900042
34184,52.359577514334006
34185,26.689900670847702
34186,19.823775874915327
34187,19.3123997487656
34188,0.4436815600183337
34189,1.3305014852440102
34190,50.31141666181388
34191,5.675688282338914
34192,66.52428358792145
34193,42.79939486889492
34194,41.64437714721684
34195,-0.028880158391039856
34196,41.04344444141442
34197,65.08474969956724
34198,24.58203533366238
34199,47.13012303460094
